train_no,train_name,total_stops,total_distance_km,total_halt_duration_min,anomaly_stops,avg_segment_km
15905,CAPE - DBRG,57,4260,308,1,74.73684210526316
15906,DBRG - CAPE,58,4256,317,2,73.37931034482759
2515,TVC-SCL SPL,58,3939,307,2,67.91379310344827
12515,TVC - SCL EX,57,3932,349,5,68.98245614035088
12507,TVC - SCL EX,58,3932,367,6,67.79310344827586
12508,SCL - TVC EX,56,3930,351,5,70.17857142857143
12516,SCL -TVC EXP,56,3930,352,5,70.17857142857143
16317,CAPE-SVDK HI,71,3769,456,4,53.08450704225352
16318,SVDK-CAPE HI,75,3765,316,3,50.2
16687,MAQ-SVDK NAV,63,3663,434,4,58.142857142857146
16688,SVDK-MAQ NAV,67,3661,286,3,54.64179104477612
22501,SBC - NTSK S,41,3617,272,3,88.21951219512195
22502,NTSK - SBC S,39,3617,263,3,92.74358974358974
12522,RAPTI SAGAR,62,3435,258,1,55.403225806451616
12521,RAPTI SAGAR,63,3427,300,2,54.3968253968254
15930,DBRG-TBM EXP,51,3353,346,2,65.74509803921569
15929,TBM-DBRG EXP,51,3353,328,4,65.74509803921569
12483,KCVL EXPRESS,27,3290,174,7,121.85185185185185
12484,KCVL EXPRESS,27,3288,175,6,121.77777777777777
12512,RAPTISAGAR E,60,3245,234,1,54.083333333333336
12511,RAPTISAGAR E,61,3239,276,2,53.09836065573771
15636,DWARKA EXPRE,44,3219,282,3,73.1590909090909
15635,DWARKA EXPRE,44,3219,294,5,73.1590909090909
82652,SVDK-YPR WEE,22,3212,125,6,146.0
82651,YPR-SVDK WEE,22,3211,130,7,145.95454545454547
16733,RMM-OKHA EXP,42,3177,194,2,75.64285714285714
16734,OKHA-RMM EXP,42,3175,178,1,75.5952380952381
22659,KCVL-DDN  EX,26,3154,156,6,121.3076923076923
22660,DDN KCVL SUP,27,3152,194,8,116.74074074074075
15667,GADHIDHAM-KA,36,3142,260,7,87.27777777777777
15668,KAMAKHYA-GAN,36,3142,235,5,87.27777777777777
15909,AVADH ASSAM,89,3114,429,1,34.98876404494382
22497,SGNR TPJ HUM,37,3101,181,2,83.8108108108108
12217,KERALA S.KRA,22,3086,137,7,140.27272727272728
12218,KERALA S.KRA,22,3084,135,7,140.1818181818182
12687,MDU-DDN/CDG,30,3067,203,5,102.23333333333333
12688,DDN/CDG-MAS,31,3064,225,8,98.83870967741936
12578,BAGMATI  EXP,40,3051,217,1,76.275
12577,BAGMATI EXP,41,3045,235,3,74.26829268292683
12504,KYQ - BNC HU,23,3032,157,4,131.82608695652175
12503,BNC - KYQ HU,23,3032,147,6,131.82608695652175
12551,YPR - KYQ AC,29,3024,186,2,104.27586206896552
12552,KYQ - YPR AC,29,3024,184,5,104.27586206896552
12625,KERALA EXPRE,43,3013,175,2,70.06976744186046
22511,KARMABHOOMI,27,3011,199,6,111.51851851851852
12626,NDLS-TVC KER,42,3010,175,3,71.66666666666667
22512,KARMABHOOMI,27,3006,186,4,111.33333333333333
12510,GHY-SBC EXP,41,2993,224,2,73.0
12509,SBC -GHY EXP,42,2992,232,3,71.23809523809524
12643,NIZAMUDDIN E,32,2991,154,3,93.46875
12644,SWARNA JAYAN,31,2988,152,5,96.38709677419355
16359,ERS PATNA EX,44,2987,197,2,67.88636363636364
16360,PNBE-ERS EXP,44,2980,214,2,67.72727272727273
22706,JAT-TPTY,14,2965,99,8,211.78571428571428
22705,TPTY-JAT,14,2964,102,9,211.71428571428572
16793,SHRADDHA SET,20,2916,140,6,145.8
16794,SHRADDHA SET,20,2912,158,7,145.6
12641,CAPE- NZM TI,25,2899,118,4,115.96
12642,NZM-CAPE THI,26,2898,129,4,111.46153846153847
11045,DIKSHABHOOMI,39,2894,198,2,74.2051282051282
11046,DIKSHABHUMI,39,2892,211,2,74.15384615384616
15934,ASR-DBRG EXP,38,2872,271,3,75.57894736842105
15933,DBRG-ASR EXP,38,2870,267,3,75.52631578947368
16031,MAS-SVDK AND,81,2859,322,1,35.2962962962963
16032,SVDK-MAS AND,82,2857,321,1,34.84146341463415
16864,MQ-BGKT,42,2855,219,4,67.97619047619048
22653,TVC-NZM WKLY,28,2854,129,3,101.92857142857143
16863,BGKT-MQ WKLY,43,2853,199,3,66.34883720930233
22654,NZM-TVC WKLY,28,2852,137,3,101.85714285714286
22685,YPR-CDG BI-,18,2846,103,5,158.11111111111111
22686,CDG-YPR BI W,18,2845,117,5,158.05555555555554
22655,TVC-NZM WKLY,28,2841,129,3,101.46428571428571
12431,TVC-NZM RAJD,19,2841,99,4,149.52631578947367
22633,NIZAMUDDIN E,29,2841,130,2,97.96551724137932
22656,NZM-TVC WKLY,28,2840,137,3,101.42857142857143
12432,NZM-TVC RAJD,19,2840,97,4,149.47368421052633
22634,NZM TVC SF E,29,2840,136,3,97.93103448275862
15630,GHY-TBM EXPR,40,2797,266,2,69.925
15629,TBM-GHY EXPR,40,2796,236,3,69.9
15119,RMM-MUV EXPR,37,2790,159,3,75.4054054054054
12645,ERS-NZM MILL,29,2786,146,3,96.06896551724138
22643,PATNA EXPRES,44,2785,222,3,63.29545454545455
15120,MUV-RMM EXPR,37,2785,184,4,75.27027027027027
12646,ERS-NZM  MIL,28,2782,139,4,99.35714285714286
22644,PNBE ERS EXP,42,2782,251,2,66.23809523809524
18401,PURI-OKHA WE,41,2779,217,2,67.78048780487805
18402,OKHA-PURI WE,41,2775,241,3,67.6829268292683
12617,MANGALA LDWE,48,2751,172,0,57.3125
12618,MNGLA LKSDP,48,2748,175,0,57.25
15647,LTT-GHY EXP,54,2740,287,0,50.74074074074074
15648,GHY-LTT EXP,55,2739,281,0,49.8
19568,VIVEK EXPRES,43,2730,175,1,63.48837209302326
19567,VIVEK EXP,42,2730,147,1,65.0
15227,YPR-MFP EXP,36,2729,280,5,75.80555555555556
15228,MUZAFFARPUR-,35,2729,235,3,77.97142857142858
22352,YPR - PPTA E,28,2712,134,1,96.85714285714286
22351,PPTA - YPR E,28,2706,166,3,96.64285714285714
16312,KCVL-BKN  EX,44,2704,198,0,61.45454545454545
12295,SBC-PPTA SAN,36,2703,161,2,75.08333333333333
16311,BKN KCVL EXP,44,2701,205,1,61.38636363636363
16229,MYS-BSB BI-W,35,2698,141,0,77.08571428571429
12296,PNBE-SBC SAN,37,2697,186,2,72.89189189189189
290,PALACE ON WH,14,2694,1920,13,192.42857142857142
12969,CBE JAIPUR E,39,2673,192,3,68.53846153846153
12950,PBR KAVIGURU,37,2670,187,1,72.16216216216216
12970,JP CBE SF EX,39,2667,181,3,68.38461538461539
12949,KAVIGURU EXP,37,2664,188,0,72.0
12651,MDU-NZM  EXP,15,2653,89,6,176.86666666666667
12652,NZM-MDU EXP.,15,2652,94,6,176.8
12648,KONGU EXPRES,28,2651,142,3,94.67857142857143
12647,KONGU EXPRES,28,2650,161,3,94.64285714285714
22646,AHILYANAGARI,51,2648,196,1,51.92156862745098
22645,AHILYANAGARI,52,2643,234,2,50.82692307692308
15904,CDG-DBRG EXP,35,2640,256,3,75.42857142857143
12283,ERS-NZM DURO,11,2636,73,8,239.63636363636363
15903,DBRG-CDG EXP,35,2636,244,2,75.31428571428572
12284,NZM-ERS DURO,11,2634,80,8,239.45454545454547
19414,KOAA ADI EXP,37,2618,265,3,70.75675675675676
19413,KOLKATA EXPR,37,2617,285,5,70.72972972972973
477,FTR TRAIN NO,14,2616,153,9,186.85714285714286
15656,SVDK - KYQ E,40,2607,257,0,65.175
15655,KYQ - SVDK E,40,2606,248,0,65.15
12782,SWARNA JAYAN,32,2602,146,0,81.3125
12781,SWARNA JAYAN,32,2602,149,0,81.3125
15645,LTT-GHY EXP,47,2598,236,1,55.276595744680854
15646,GHY-LTT EXP,48,2597,241,0,54.104166666666664
12630,SAMPARKRANTH,14,2595,66,5,185.35714285714286
12629,SAMPARKRANTH,14,2595,74,5,185.35714285714286
14056,BRAHMPUTRA M,61,2579,321,0,42.278688524590166
12660,SHM-NCJ GURU,44,2579,205,1,58.61363636363637
12659,NCJ-SHM GURU,44,2579,184,1,58.61363636363637
14055,BRAHMAPUTRA,62,2578,324,0,41.58064516129032
12519,LTT-KYQ AC E,28,2568,151,3,91.71428571428571
12514,GHY - SC EXP,30,2567,183,2,85.56666666666666
12520,KYQ-LTT AC E,28,2567,137,2,91.67857142857143
12906,HWH PBR  OKH,30,2566,187,1,85.53333333333333
22641,SHALIMAR EXP,37,2565,188,3,69.32432432432432
12513,SC - GHY EXP,31,2564,182,2,82.70967741935483
12977,MARU SAGAR E,32,2564,145,2,80.125
22642,SHM TVC SF E,37,2564,213,2,69.29729729729729
7149,SC-GHY HSP,37,2563,174,1,69.27027027027027
12978,MARU SAGAR E,32,2560,137,1,80.0
22631,MAS-BKN ANUR,32,2560,158,2,80.0
12905,PBR HOWRAH E,30,2559,199,1,85.3
22632,BKN-MAS  ANU,32,2558,151,2,79.9375
18508,ASR-VSKP HIR,48,2556,279,0,53.25
18507,VSKP-ASR HIR,48,2552,276,1,53.166666666666664
12539,YPR-LKO EXPR,18,2548,111,6,141.55555555555554
15623,BGKT KYQ WEE,46,2541,299,3,55.23913043478261
12540,LKO-YPR EXPR,18,2541,115,7,141.16666666666666
15624,KYQ BGKT WEE,46,2540,328,2,55.21739130434783
13351,DHANBAD - AL,96,2535,358,2,26.40625
13352,ALLEPY-DHANB,97,2534,391,1,26.123711340206185
12591,GKP-SBC EXP,40,2513,159,1,62.825
22647,KRBA TVC EXP,55,2510,214,2,45.63636363636363
12937,GARBHA EXPRE,17,2509,133,6,147.58823529411765
12938,GARBHA EXPRE,17,2508,131,5,147.52941176470588
22648,TVC KRBA SF,55,2508,225,2,45.6
15016,YPR - GKP EX,23,2504,168,3,108.8695652173913
12592,SBC-GKP EXP,40,2504,165,1,62.6
15015,GKP- YPR EXP,23,2501,126,2,108.73913043478261
22620,TEN BSP  WEE,30,2494,127,3,83.13333333333334
22619,BSP TEN  WEE,30,2494,137,4,83.13333333333334
22851,SRC - MAQ SF,40,2485,157,1,62.125
22852,MAQ - SRC SF,40,2485,174,3,62.125
12975,MYS JP SF EX,42,2483,188,0,59.11904761904762
18421,PURI-AII BI-,41,2483,242,2,60.5609756097561
12976,JP MYS SF EX,43,2483,180,0,57.74418604651163
22476,CBE BKN AC S,34,2482,165,1,73.0
18422,AII-PURI BI-,41,2479,229,1,60.46341463414634
14020,ANVT-AGTL SU,18,2479,185,6,137.72222222222223
22475,BKN CBE AC S,34,2478,162,0,72.88235294117646
14019,AGTL-ANVT SU,18,2478,185,7,137.66666666666666
12253,YPR-BGP ANGA,29,2478,175,3,85.44827586206897
12254,BGP-YPR ANGA,29,2477,162,2,85.41379310344827
15024,YPR-GKP-EXP,24,2473,105,0,103.04166666666667
19269,PBR MOTIHARI,35,2465,270,4,70.42857142857143
19270,PBR EXPRESS,35,2465,211,2,70.42857142857143
15631,BME-BKN GHY,34,2462,257,5,72.41176470588235
6412,DSJ-PAY EZHI,21,2462,159,2,117.23809523809524
15632,GHY BME-BKN,34,2461,246,5,72.38235294117646
15023,GKP-YPR-EXP,24,2460,147,2,102.5
12436,NDLS - DBRT,26,2454,147,2,94.38461538461539
12435,DBRT - NDLS,26,2452,147,3,94.3076923076923
12236,NDLS-GHY RAJ,26,2448,142,4,94.15384615384616
12235,GHY-NDLS RAJ,26,2446,142,3,94.07692307692308
22974,PURI GIMB EX,38,2443,226,2,64.28947368421052
16587,YPR-BKN BI W,35,2440,163,1,69.71428571428571
16588,BKN-YPR BI-W,34,2440,198,2,71.76470588235294
82653,YPR-JP WEEKL,22,2440,91,2,110.9090909090909
82654,JP-YPR WEEKL,18,2440,104,4,135.55555555555554
19577,TEN  JAM EXP,29,2438,147,2,84.06896551724138
22973,GIMB PURI SF,38,2436,240,2,64.10526315789474
19578,JAM TEN EXPR,29,2434,142,3,83.93103448275862
18111,TATA - YPR E,42,2434,166,0,57.95238095238095
15654,JAMMU GHY EX,43,2433,236,1,56.58139534883721
20813,PURI-JODHPUR,43,2433,266,0,56.58139534883721
22830,SHM-BVJ EXP,31,2431,184,1,78.41935483870968
22829,BVJ - SHM EX,31,2431,201,2,78.41935483870968
15653,AMARNATH EXP,43,2431,239,0,56.53488372093023
19261,PORBANDAR EX,30,2427,155,3,80.9
20814,JODHPUR-PURI,43,2426,285,1,56.41860465116279
19262,KOCHUVELI EX,30,2423,147,2,80.76666666666667
12424,NDLS-DBRT RA,22,2423,143,3,110.13636363636364
12423,DBRT-NDLS RA,22,2422,153,3,110.0909090909091
18112,YPR - TATA E,42,2421,188,1,57.642857142857146
20502,ANVT - AGTL,16,2413,122,5,150.8125
20501,AGTL - ANVT,16,2412,125,5,150.75
16334,VERAVAL EXPR,59,2411,196,0,40.86440677966102
12665,HWH-CAPE EXP,32,2407,145,2,75.21875
16333,VRL TVC EXPR,59,2407,188,0,40.79661016949152
12666,CAPE HWH EXP,32,2406,204,6,75.1875
12628,NDLS-SBC KAR,35,2389,132,0,68.25714285714285
12627,SBC-NDLS KAR,36,2386,120,0,66.27777777777777
22403,PDY-NDLS WEE,15,2364,101,5,157.6
22404,NDLS-PDY WEE,15,2363,117,5,157.53333333333333
22692,BANGALORE RA,15,2355,66,4,157.0
18478,KALINGAUTKAL,75,2354,267,0,31.386666666666667
12390,CHENNAI-EGMO,17,2353,83,5,138.41176470588235
22663,MS-JU WEEKLY,27,2353,135,2,87.14814814814815
16336,GANDHIDHAM E,56,2352,185,0,42.0
22683,YPR-LKO WEEK,30,2352,135,1,78.4
22664,JU-MS WEEKLY,27,2352,145,2,87.11111111111111
2834,SRC-RJT SF A,29,2351,148,1,81.06896551724138
12214,DEE-YPR DURO,6,2351,27,5,391.8333333333333
12213,DEE-YPR DURA,7,2350,37,6,335.7142857142857
15652,GHY-JAT LOHI,43,2348,248,1,54.604651162790695
12389,GAYA-CHENNAI,17,2348,91,6,138.11764705882354
16335,NAGERCOIL EX,56,2348,194,0,41.92857142857143
12669,MAS-CPR GANG,25,2348,141,1,93.92
18477,PURI-HW UTKA,76,2347,263,0,30.88157894736842
15651,GHY-JAT LOHI,43,2344,247,0,54.51162790697674
12670,CPR-MAS GANG,24,2343,157,1,97.625
22684,LKO-YPR WEEK,31,2338,154,1,75.41935483870968
22691,BANGALORE RA,15,2337,68,4,155.8
2833,RJT-SRC SF A,29,2332,160,0,80.41379310344827
12941,BVC ASANSOL,32,2308,166,2,72.125
12942,PARASNATH EX,32,2308,144,1,72.125
19331,KCVL INDORE,32,2300,148,0,71.875
7006,RXL-HYB,34,2297,207,2,67.55882352941177
19332,INDB KCVL EX,32,2296,127,0,71.75
22612,NJP MAS EXPR,22,2295,149,3,104.31818181818181
22611,MAS NJP EXPR,22,2295,143,3,104.31818181818181
15602,NDLS - SCL P,14,2295,179,6,163.92857142857142
12994,PURI GIMB  E,27,2295,170,2,85.0
12708,AP SAMPARK K,20,2294,81,4,114.7
15601,SCL - NDLS,14,2294,174,8,163.85714285714286
22878,ERS-HWH ANTY,24,2293,114,2,95.54166666666667
12707,TPTY-NZM AP,20,2292,86,4,114.6
22877,HWH-ERS ANTY,24,2289,101,1,95.375
12993,GIMB PURI EX,27,2288,187,3,84.74074074074075
15046,OKHA-GKP EXP,39,2286,238,3,58.61538461538461
15045,GKP - OKHA E,39,2285,234,2,58.58974358974359
16210,AJMER EXPRES,44,2279,185,0,51.79545454545455
16209,AII MYS EXPR,45,2278,169,0,50.62222222222222
7005,HYB-RXL,34,2276,197,2,66.94117647058823
19259,KCVL BVC EXP,41,2274,155,1,55.46341463414634
19260,BVC KCVL EXP,41,2270,155,1,55.36585365853659
16338,HA EXPRESS,51,2258,170,0,44.27450980392157
12650,SAMPARKAKRAN,9,2258,57,6,250.88888888888889
12649,SAMPARKAKRAN,9,2257,57,6,250.77777777777777
16337,OKHA ERS EXP,50,2253,165,0,45.06
12372,JSM HWH SF E,29,2246,177,1,77.44827586206897
12371,HWH JSM SF E,29,2245,159,2,77.41379310344827
12741,VSG-PNBE EXP,21,2243,128,3,106.80952380952381
14805,BARMER AC EX,38,2242,240,4,59.0
14806,BME YPR AC E,37,2240,253,5,60.54054054054054
12742,PNBE-VSG EXP,20,2238,101,2,111.9
22838,ERS HTE DHAR,27,2238,135,1,82.88888888888889
19601,UDZ NJP EXP,29,2235,185,3,77.06896551724138
22837,HTE ERS DHAR,28,2234,140,0,79.78571428571429
19602,NJP UDZ EXPR,29,2232,183,3,76.96551724137932
16614,RAJKOT EXPRE,36,2222,154,0,61.72222222222222
16613,RJT CBE WKLY,35,2220,159,1,63.42857142857143
16531,GARIB NAWAJ,38,2213,156,0,58.23684210526316
19709,KAVI GURU EX,37,2213,254,2,59.810810810810814
19710,KYQ JP KAVIG,37,2210,225,0,59.729729729729726
16532,GARIB NAWAJ,38,2201,152,0,57.921052631578945
12967,JAIPUR EXP,32,2179,142,2,68.09375
12968,JP CHENNAI E,32,2174,141,1,67.9375
16533,JU-YPR,30,2173,142,0,72.43333333333334
12615,MAS-NDLS GRA,41,2169,133,0,52.90243902439025
12616,G T EXPRESS,40,2168,153,0,54.2
12322,KOLKATA MAIL,49,2167,210,0,44.224489795918366
12321,HWH MUMBAI M,48,2165,179,0,45.104166666666664
12622,NDLS-MAS TAM,11,2163,65,6,196.63636363636363
12621,MAS-NDLS TAM,12,2163,67,5,180.25
16534,SBC BGKT EXP,30,2161,137,1,72.03333333333333
12449,GOA SMPRK K,14,2159,128,5,154.21428571428572
11078,JHELUM EXPRE,65,2157,230,0,33.184615384615384
12450,GOA SMPRK KR,14,2157,88,4,154.07142857142858
12269,MAS-NZM DURA,7,2156,35,6,308.0
12433,MAS-NZM RAJD,10,2156,55,6,215.6
12611,MAS-NZM GARI,11,2156,56,4,196.0
12612,NZM-MAS GARI,11,2155,57,4,195.9090909090909
12434,NZM-MAS RAJD,10,2155,55,6,215.5
11077,JHELUM EXPRE,67,2155,224,0,32.16417910447761
12270,NZM-MAS DURA,7,2155,40,5,307.85714285714283
12780,GOA EXPRESS,29,2151,150,1,74.17241379310344
12843,PUI-ADI S/F,43,2148,222,2,49.95348837209303
12779,GOA EXPRESS,29,2148,135,1,74.06896551724138
22816,ERS - BSP SF,23,2145,103,1,93.26086956521739
22815,BSP - ERS SF,23,2144,97,2,93.21739130434783
19039,AVADH EXPRES,82,2142,319,0,26.121951219512194
12844,ADI-PURI S/F,43,2141,234,0,49.7906976744186
13425,MLDT-ST WEEK,30,2141,165,1,71.36666666666666
19040,AVADH EXPRES,82,2140,288,1,26.097560975609756
16382,CAPE MUMBAI,62,2132,178,0,34.38709677419355
13426,ST-MLDT WKLY,30,2130,188,2,71.0
22412,NDLS-NHLN AC,16,2130,135,3,133.125
16381,KANYAKUMARI,63,2130,170,0,33.80952380952381
18047,HWH-VSGAMARA,44,2128,165,0,48.36363636363637
22411,NHLN-NDLS AC,16,2127,140,3,132.9375
18048,VSG HWH AMAR,45,2125,184,1,47.22222222222222
17038,BKN-SC EXP,28,2121,155,1,75.75
19053,ST MFP EXPRE,25,2121,209,5,84.84
12316,ANANYA EXPRE,23,2120,168,4,92.17391304347827
19054,MFP ST EXPRE,25,2120,209,3,84.8
17037,SC-BKN EXP,28,2120,136,0,75.71428571428571
12315,ANNANYA  EXP,23,2119,141,2,92.1304347826087
18501,VSKP-GIMB WE,29,2116,121,0,72.96551724137932
18502,GIMB-VSKP WE,29,2113,136,0,72.86206896551724
22818,MYS - HWH SF,23,2107,132,4,91.6086956521739
22817,HWH-MYS SF E,21,2106,127,2,100.28571428571429
16508,JODHPUR EXPR,45,2104,163,0,46.75555555555555
16507,JU BANGLORE,46,2103,174,0,45.71739130434783
12834,HOWRAH-AHMED,64,2098,215,0,32.78125
12833,ADI -HOWRAH,63,2097,224,0,33.285714285714285
12152,HWH-LTT SAMR,23,2095,121,1,91.08695652173913
14709,BKN PURI EXP,31,2094,174,1,67.54838709677419
14710,PURI BKN EXP,31,2091,165,1,67.45161290322581
12151,SAMARSATA EX,24,2089,127,2,87.04166666666667
16093,MAS-LJN EXPR,47,2086,133,0,44.38297872340426
16094,LJN - MAS EX,46,2083,132,0,45.28260869565217
22415,SUPERFAST AC,21,2083,72,3,99.19047619047619
22416,NDLS-VSKP AC,21,2083,75,2,99.19047619047619
12804,VSKP SWRN J,21,2076,105,3,98.85714285714286
12803,VSKP-NZM SWA,21,2076,101,2,98.85714285714286
22910,PURI VALSAD,24,2075,146,1,86.45833333333333
22909,BL  PURI S F,24,2073,137,2,86.375
2822,SRC-PUNE  AC,14,2073,76,4,148.07142857142858
12478,SVDK- JAMNAG,31,2066,174,0,66.64516129032258
2821,PUNE-SRC AC,14,2066,76,3,147.57142857142858
12477,JAM SVDK EXP,31,2064,157,0,66.58064516129032
18574,BGKT-VSKP WE,35,2060,213,2,58.857142857142854
12716,ASR-NED SACH,36,2059,142,0,57.19444444444444
12476,SARVODAYA EX,31,2058,174,0,66.38709677419355
12715,NED-ASR SACH,37,2056,135,0,55.567567567567565
18573,VSKP-BGKT WE,35,2056,198,1,58.74285714285714
12475,HAPA JAT EXP,31,2055,152,0,66.29032258064517
17204,COA-BVC EXP,32,2053,167,2,64.15625
17203,BVC-CCT EXP,31,2051,157,1,66.16129032258064
12546,KARMBHOOMI E,21,2045,118,2,97.38095238095238
12545,KARMBHOOMI E,21,2045,121,3,97.38095238095238
12362,CSMT- ASANSO,21,2044,110,2,97.33333333333333
12361,ASN CSMT EXP,21,2043,117,3,97.28571428571429
8064,BQA-KGP DEMU,16,2039,80,2,127.4375
17323,UBL-BSB WEEK,24,2037,121,0,84.875
17324,BSB-UBL WEEK,24,2037,128,1,84.875
12130,HOWRAH PUNE,30,2033,132,0,67.76666666666667
12222,HWH-PUNE DUR,8,2033,48,5,254.125
7008,DBG-SC,28,2033,197,4,72.60714285714286
11058,ASR CSMT EXP,91,2029,300,1,22.296703296703296
12221,PA-HWH DURAN,8,2026,48,5,253.25
12129,AZAD HIND EX,30,2026,146,0,67.53333333333333
11057,AMRITSAR EXP,90,2026,271,0,22.511111111111113
22970,BSB OKHA SF,23,2024,139,1,88.0
7007,SC-DBG,27,2023,197,4,74.92592592592592
22969,OKHA BSB EXP,23,2023,136,4,87.95652173913044
15560,ADI-DBG JANS,27,2020,189,2,74.81481481481481
12472,SWARAJ EXPRE,26,2019,146,0,77.65384615384616
18610,LTT RNC WEEK,29,2018,157,1,69.58620689655173
15559,DBG-ADI JANS,27,2018,182,1,74.74074074074075
18102,JAT MURI  TA,72,2017,353,1,28.01388888888889
18101,TATA  MURI -,71,2017,378,3,28.408450704225352
12471,SWARAJ EXPRE,26,2017,126,0,77.57692307692308
18609,RNC LTT EXPR,29,2014,173,1,69.44827586206897
18405,PURI-ADI WEE,40,2013,205,1,50.325
12332,HIMGIRI EXPR,32,2011,155,2,62.84375
12331,HIMGIRI EXPR,32,2010,151,1,62.8125
12663,HWH-TPJ EXPR,24,2005,122,1,83.54166666666667
18406,ADI-PURI WEE,40,2005,246,2,50.125
12664,TPJ-HWH EXP,24,2004,143,4,83.5
19608,AII KOAA EXP,30,2004,227,2,66.8
17020,HYB-JP EXP,34,2004,146,0,58.94117647058823
17019,JP-HYB   EXP,34,2002,146,1,58.88235294117647
18010,AII-SRC EXP,24,2002,156,1,83.41666666666667
19607,KOAA AII EXP,30,2000,204,2,66.66666666666667
18009,SRC - AII EX,24,2000,164,3,83.33333333333333
18237,BSP-ASR CHHA,85,1998,300,1,23.50588235294118
18238,ASR-BSP CHHA,89,1990,333,2,22.359550561797754
22606,VM-PRR WKLY,30,1986,121,2,66.2
22605,PRR-VM WKLY,30,1984,153,1,66.13333333333334
12262,HWH-CSMT DUR,7,1979,35,5,282.7142857142857
13152,SEALDAH EXPR,97,1979,318,1,20.4020618556701
12870,HWH-CSTM WEE,19,1979,115,2,104.15789473684211
12860,HWH-CSMT GEE,26,1979,120,1,76.11538461538461
12810,HWH CSMT MAI,42,1979,157,0,47.11904761904762
13151,JAMMU TAWI E,96,1978,311,1,20.604166666666668
22888,YPR-HWH HUMS,20,1973,91,2,98.65
7505,AWB-QLN,49,1973,244,1,40.265306122448976
12809,CSMT HWH MAI,44,1972,187,0,44.81818181818182
12869,CSMT-HWH WEE,20,1972,113,1,98.6
12261,CSMT-HWH DUR,7,1972,35,5,281.7142857142857
12859,HWH-CSMT,27,1972,128,1,73.03703703703704
22887,HWH-YPR-HWH,19,1970,112,1,103.6842105263158
15548,LTT-JYG JANS,20,1963,130,2,98.15
12102,JNANESWARISU,17,1963,94,2,115.47058823529412
15547,JYG-LTT JANS,20,1963,132,3,98.15
22864,YPR-HWH AC E,12,1959,66,3,163.25
12864,YPR HOWRAH E,36,1959,142,1,54.416666666666664
12246,YPR - HWH WE,6,1959,40,5,326.5
12863,HOWRAH YESVA,35,1959,137,0,55.97142857142857
18029,LTT-SHM-KURL,83,1957,285,0,23.57831325301205
22863,HWH-YPR WEEK,12,1957,63,4,163.08333333333334
12245,HWH - YPR WE,6,1957,40,5,326.1666666666667
12101,JNANESWARI D,16,1956,99,1,122.25
11033,PUNE-DBG EXP,30,1955,192,1,65.16666666666667
18030,SHM LTT KURL,82,1955,261,0,23.841463414634145
16332,TVC-CSMT  EX,42,1954,140,0,46.523809523809526
11034,DBG-PUNE EXP,30,1953,194,0,65.1
16331,TRIVANDRAM,43,1953,138,0,45.41860465116279
16506,SBC-GIMB GAN,33,1952,113,1,59.15151515151515
13008,U A TOOFAN E,108,1952,425,2,18.074074074074073
13007,U ABHATOOFAN,112,1949,410,2,17.401785714285715
16505,GIMB SBC EXP,34,1949,123,0,57.3235294117647
19165,SABARMATI EX,70,1945,336,2,27.785714285714285
16352,NCJ-CSMT EXP,46,1945,154,0,42.28260869565217
19166,SABARMATI EX,72,1945,318,1,27.01388888888889
16351,CSMT- NCJ EX,47,1942,131,0,41.319148936170215
11019,KONARK EXPRE,39,1941,155,0,49.76923076923077
11020,KONARK EXPRE,40,1941,149,0,48.525
12486,SGNR NED EXP,27,1940,137,1,71.85185185185185
12485,NED SGNR EXP,27,1937,137,1,71.74074074074075
12422,ASR-NED SUPE,23,1929,148,1,83.8695652173913
12421,NED-ASR SUPE,23,1927,123,1,83.78260869565217
15268,LTT-RXL JANS,23,1925,183,4,83.69565217391305
4420,NZM-MAO WINT,13,1924,51,3,148.0
15267,RXL-LTT JANS,24,1924,176,3,80.16666666666667
12867,HWH-PDY WEEK,17,1922,101,3,113.05882352941177
12868,PDY-HWH WKY,16,1922,101,3,120.125
12336,LTT-BGP EXP,38,1918,159,0,50.473684210526315
12335,BGP-LT(T) EX,39,1917,159,0,49.15384615384615
18216,JAT - DURG E,26,1916,197,1,73.6923076923077
4419,MAO-NZM WINT,13,1916,61,4,147.3846153846154
12502,POORVATTAR S,10,1914,84,3,191.4
12501,POORVATTAR S,10,1914,79,5,191.4
12138,PUNJAB MAIL,54,1913,193,1,35.425925925925924
12876,NDLS-PURI NE,41,1912,204,2,46.63414634146341
12875,PURI-NDLS NE,42,1911,221,2,45.5
12137,PUNJAB MAIL,56,1910,199,1,34.107142857142854
19042,GCT BANDRA(T,27,1910,129,2,70.74074074074075
13050,ASR HWH EXPR,106,1909,370,0,18.00943396226415
19041,BANDRA(T) GC,31,1909,130,1,61.58064516129032
22413,MAO-NZM RAJD,10,1908,55,4,190.8
13049,AMRITSAR EXP,111,1908,344,1,17.18918918918919
22414,NZM-MAO RAJD,10,1907,50,3,190.7
13006,ASR HWH MAIL,56,1907,235,1,34.05357142857143
13005,AMRITSAR MAI,57,1906,259,1,33.43859649122807
18215,DURG - JAT E,26,1906,178,1,73.3076923076923
15622,ANVT - KYQ E,25,1904,131,1,76.16
15621,KYQ - ANVT E,25,1901,141,1,76.04
12807,VSKP-NZM SAM,41,1900,183,1,46.34146341463415
12148,NZM-KOP EXPR,22,1900,115,0,86.36363636363636
12147,KOP-NZM EXPR,22,1897,118,0,86.22727272727273
15067,GKP-BDTS EXP,26,1896,140,2,72.92307692307692
19301,YESHVANTPUR,32,1895,120,0,59.21875
12808,NZM-VSKP SAM,40,1895,186,1,47.375
19302,YPR  INDB EX,32,1895,133,0,59.21875
15068,BDTS-GKP EXP,26,1895,135,2,72.88461538461539
12146,PURI-LTT WEE,27,1895,177,2,70.18518518518519
12656,NAVAJEEVAN E,42,1895,203,1,45.11904761904762
20818,NDLS-BBS VIA,13,1894,60,5,145.69230769230768
12890,YPR TATA EXP,24,1893,138,1,78.875
20817,BBS-NDLS VIA,13,1893,63,4,145.6153846153846
12655,NAVAJEEVAN E,41,1893,137,0,46.170731707317074
12835,HTE-YPR  BI-,24,1891,114,1,78.79166666666667
12836,YPR-HTE BI-W,25,1891,139,2,75.64
12380,JALIANWALA B,15,1890,135,3,126.0
12889,TATA YPR EXP,26,1890,121,0,72.6923076923077
12379,JALIANWALA B,15,1889,83,2,125.93333333333334
12145,LTT-PURI WEE,27,1888,184,3,69.92592592592592
12904,GOLDN TEMPLE,35,1888,137,1,53.94285714285714
7509,ADB-QLN,47,1886,206,0,40.12765957446808
12903,GOLDENTEMPLE,34,1885,140,1,55.44117647058823
11061,LTT-DBG  EXP,41,1885,219,1,45.97560975609756
12318,AKAL TAKHAT,23,1885,131,3,81.95652173913044
12317,AKAL TAKHT E,23,1884,130,2,81.91304347826087
18245,BSP-BKN EXP,33,1884,174,1,57.09090909090909
18637,HTE - BNC WE,27,1884,121,1,69.77777777777777
18638,BNC - HTE WE,27,1884,179,3,69.77777777777777
18496,BBS-RMM WEEK,25,1884,105,2,75.36
18495,RMM-BBS WEEK,25,1884,137,4,75.36
11062,DBG  LTT EXP,39,1883,201,0,48.282051282051285
19660,UDZ SHM EXP,24,1883,169,1,78.45833333333333
15102,JANSADHARN,19,1882,128,2,99.05263157894737
19659,SHM UDZ EXPR,24,1880,149,1,78.33333333333333
19028,VIVEK EXPRES,33,1879,215,2,56.93939393939394
19027,VIVEK EXPRES,33,1878,184,1,56.90909090909091
15101,JANSADHARAN,19,1878,129,2,98.84210526315789
12495,BKN KOAA SUP,20,1878,120,3,93.9
12496,PRATAP EXPRE,20,1876,122,4,93.8
16340,NCJ-CSMT EXP,39,1875,119,0,48.07692307692308
18246,BKN-BSP EXP,33,1874,167,2,56.78787878787879
16339,CSMT-NCJ  EX,40,1874,121,0,46.85
22805,BBS ANVT WEE,18,1871,102,2,103.94444444444444
22806,ANVT BBS WEE,18,1869,107,1,103.83333333333333
15564,UDN-JYG ANTY,26,1866,132,0,71.76923076923077
15563,JYG-UDN ANTY,26,1865,128,0,71.73076923076923
12801,PURI-NDLS PU,32,1860,140,2,58.125
12802,NDLS-PURI PU,31,1860,143,2,60.0
22866,PURI-LTT S/F,18,1860,122,4,103.33333333333333
12550,JAT - DURG S,18,1858,111,1,103.22222222222223
2731,HYB-JP HSP,29,1854,157,0,63.93103448275862
22865,LTT-PURI S/F,18,1853,128,3,102.94444444444444
2732,JP-HYB SPECI,29,1853,182,3,63.89655172413793
22458,NLDM-NED SUP,26,1852,149,1,71.23076923076923
12506,NORTHEAST EX,29,1850,157,2,63.793103448275865
12505,NORTHEAST EX,30,1850,150,0,61.666666666666664
22457,NED-NLDM SUP,26,1849,135,1,71.11538461538461
8061,SHM JP SPL W,24,1847,141,1,76.95833333333333
12549,DURG - JAT S,18,1847,106,3,102.61111111111111
22971,BDTS PATNA S,14,1847,86,3,131.92857142857142
22972,PNBE BDTS SF,14,1846,87,3,131.85714285714286
22914,PATNA BDTS H,13,1846,104,4,142.0
11022,TEN - DR EXP,39,1845,230,1,47.30769230769231
6009,SRC-PDY SPL,27,1844,101,0,68.29629629629629
6010,PDY-SRC SPL,27,1843,136,0,68.25925925925925
12791,SC-DNR EXP,29,1843,128,2,63.55172413793103
11021,DR-TEN EXPRE,40,1843,120,0,46.075
12792,DNR-SC EXP,28,1840,128,1,65.71428571428571
8062,JP SHM SPL W,24,1838,135,0,76.58333333333333
12590,SC-GKP EXP,31,1836,115,0,59.225806451612904
15715,GAREEB NAWAJ,28,1834,186,2,65.5
15716,GAREEB NAWAJ,28,1834,232,4,65.5
12589,GKP-SC EXP,31,1833,129,0,59.12903225806452
19037,AVADH EXPRES,68,1832,257,0,26.941176470588236
19038,AVADH EXPRES,68,1831,243,1,26.926470588235293
12408,KARMABHOOMI,19,1824,121,2,96.0
12407,KARMABHOOMI,19,1821,129,2,95.84210526315789
18243,BSP-BGKT EXP,33,1818,173,1,55.09090909090909
12926,PASCHIM EXPR,41,1813,170,1,44.21951219512195
12925,PASCHIM EXPR,42,1810,152,1,43.095238095238095
18244,BGKT-BSP EXP,33,1808,185,2,54.78787878787879
12357,DURGIANA EXP,15,1807,85,2,120.46666666666667
12358,ASR KOAA SUP,15,1807,85,3,120.46666666666667
12308,JU-HWH SUPFA,28,1805,162,2,64.46428571428571
12307,HWH-JU EXP,28,1803,163,2,64.39285714285714
22823,BBS-NDLS RAJ,13,1802,59,2,138.6153846153846
22824,NDLS-BBS RAJ,13,1802,56,3,138.6153846153846
22894,HWH-SNSI EXP,16,1801,101,2,112.5625
12880,BBS-LTT BI-W,20,1798,118,2,89.9
16501,ADI -SBC EXP,25,1797,97,0,71.88
22893,SNSI-HWH EXP,16,1795,98,1,112.1875
12815,NANDAN KANAN,29,1794,133,2,61.86206896551724
12326,NLDM-KOAA WK,18,1793,105,4,99.61111111111111
12325,KOAA-NANGALD,18,1792,110,3,99.55555555555556
2846,HTE-PUNE SPL,17,1791,97,2,105.3529411764706
15708,ASR-KIR EXPR,53,1790,216,0,33.77358490566038
12879,LTT-BBS BI-W,20,1790,129,1,89.5
12816,NANDAN KANAN,29,1788,141,1,61.6551724137931
15707,KIR-ASR EXPR,51,1787,226,1,35.03921568627451
19051,SHRAMIK EXPR,17,1786,127,3,105.05882352941177
16502,SBC-AHMADABA,27,1785,121,1,66.11111111111111
19052,BL SHRAMIK E,17,1785,128,4,105.0
22604,VM-KGP BI-WK,20,1782,100,3,89.1
15098,AMARNATH EXP,31,1780,170,0,57.41935483870968
22846,HTE PUNE EXP,19,1779,110,0,93.63157894736842
22603,KGP VM BI-WK,20,1779,133,2,88.95
15097,AMARNATH EXP,31,1777,167,0,57.32258064516129
11037,PUNE-GKP EXP,17,1777,122,2,104.52941176470588
11038,GKP-PUNE EXP,17,1777,138,3,104.52941176470588
12820,ANVT-BBS SAM,13,1774,77,4,136.46153846153845
12819,BBS-NDLS SAM,13,1774,79,4,136.46153846153845
11059,CHHAPRA EXPR,24,1772,145,5,73.83333333333333
22845,PUNE - HTE E,19,1771,101,0,93.21052631578948
11060,CPR LTT EXPR,24,1770,150,5,73.75
2845,PUNE HTE SPL,17,1770,107,0,104.11764705882354
22827,PURI-SURAT S,18,1766,125,4,98.11111111111111
22831,HWH-SRI SATY,19,1765,82,3,92.89473684210526
22832,SRISATYASAIP,19,1764,85,3,92.84210526315789
22630,TEN DR EXPRE,26,1763,98,0,67.8076923076923
19024,FZR BCT JANT,97,1762,324,2,18.164948453608247
19023,FZR JANATA E,94,1759,299,1,18.71276595744681
12172,HW - LTT SUP,12,1759,109,4,146.58333333333334
22828,SURAT-PURI S,18,1759,130,3,97.72222222222223
22629,DADAR TEN EX,26,1758,97,0,67.61538461538461
12149,PUNE-DNR EXP,19,1757,101,1,92.47368421052632
12171,LTT - HW SUP,12,1756,61,4,146.33333333333334
12150,DNR-PUNE EXP,19,1756,98,1,92.42105263157895
12948,AZIMABAD EXP,19,1754,100,2,92.3157894736842
12947,AZIMABAD EXP,19,1754,99,2,92.3157894736842
13424,AII- BGPWKLY,18,1749,98,1,97.16666666666667
13423,BGP-AII WKLY,18,1748,111,2,97.11111111111111
15030,PUNE-GKP-EXP,20,1748,96,0,87.4
15029,GKP-PUNE-EXP,20,1747,123,1,87.35
18104,JALLIANWALAB,25,1747,142,2,69.88
12193,YPR-JBP WEEK,20,1747,69,2,87.35
18103,JALLIANWALA,25,1746,147,2,69.84
15063,GKP-LTT EXP,23,1745,117,3,75.8695652173913
11080,GKP-LTT EXPR,24,1745,122,3,72.70833333333333
15270,ADI-MFP JANS,25,1745,137,1,69.8
22912,SHIPRA EXP,34,1745,159,0,51.3235294117647
11079,LTT-GKP EXPR,25,1745,120,3,69.8
15064,LTT-GKP EXP,23,1745,118,3,75.8695652173913
22911,SHIPRA EXPRE,34,1744,182,1,51.294117647058826
15269,MFP-ADI JANS,25,1744,161,2,69.76
15065,GKP-PNVL EXP,23,1743,120,3,75.78260869565217
15066,PNVL-GKP EXP,23,1743,124,3,75.78260869565217
12474,SARVODAYA EX,25,1739,141,0,69.56
17610,PAU-PNBE EXP,17,1738,73,3,102.23529411764706
17609,PNBE-PAU EXP,17,1736,71,3,102.11764705882354
12473,SARVODAYA EX,24,1736,117,0,72.33333333333333
12194,JBP-YPR WEEK,20,1734,82,2,86.7
11056,GODAN EXPRES,23,1732,128,3,75.30434782608695
19045,TAPTI GANGA,35,1732,138,0,49.48571428571429
11055,GODAN EXPRES,23,1732,115,4,75.30434782608695
11081,LTT-GKP VIA,20,1731,113,3,86.55
11082,GKP-LTT VIA,19,1731,124,3,91.10526315789474
19046,TAPTI GANGA,35,1730,163,0,49.42857142857143
12375,MAS ASN  EXP,27,1729,142,1,64.03703703703704
12376,ASN MAS  EXP,27,1727,134,0,63.96296296296296
19714,SC JP EXP,31,1726,146,0,55.67741935483871
19713,JP SC EXP,31,1726,141,1,55.67741935483871
22919,CHENNAI ADI,12,1721,60,2,143.41666666666666
19419,MAS ADI EXPR,26,1721,92,1,66.1923076923077
12720,HYB-AII EXP,21,1720,117,2,81.9047619047619
19420,ADI CHENNAI,27,1719,104,1,63.666666666666664
22920,ADI CHENNAI,12,1719,60,2,143.25
22812,NDLS-BBS RAJ,14,1718,55,3,122.71428571428571
15017,KASHI EXP,73,1718,253,0,23.534246575342465
15018,GKP-LTT EXPR,73,1718,209,0,23.534246575342465
12719,AII-HYB  EXP,21,1718,117,2,81.80952380952381
19416,SVDK ADI EXP,31,1718,334,7,55.41935483870968
12282,NDLS-BBS DUR,6,1717,30,5,286.1666666666667
22811,BBS-NDLS RAJ,14,1717,58,2,122.64285714285714
19415,ADI SVDK EXP,31,1716,226,2,55.354838709677416
12204,GRIB RATH,23,1714,129,2,74.52173913043478
12281,BBS-NDLS DUR,6,1714,35,4,285.6666666666667
15941,JAJ-DBRG EXP,32,1712,248,1,53.5
82355,PNBE-CSMT SU,7,1712,37,3,244.57142857142858
15942,DBRG-JAJ EXP,32,1712,228,1,53.5
12203,GARIB RATH,23,1711,124,2,74.3913043478261
12812,HTE LTT EXPR,18,1709,91,0,94.94444444444444
22882,BBS-PUNE S/F,14,1706,95,2,121.85714285714286
22881,PUNE-BBS S/F,14,1705,80,2,121.78571428571429
22886,TATA-LTT ANT,14,1704,65,1,121.71428571428571
12811,LTT HTE EXPR,18,1701,103,0,94.5
22885,LTT-TATA ANT,14,1701,65,1,121.5
12312,KLK DLI HWH,40,1700,224,2,42.5
11044,LOKAMANYA TT,26,1700,120,0,65.38461538461539
13202,LTT  RJPB EX,63,1699,226,1,26.96825396825397
12311,HWH DLIKLK M,39,1699,245,2,43.56410256410256
13201,RJPB LTT EXP,67,1698,204,0,25.34328358208955
18407,PURI-SNSI WE,26,1697,151,1,65.26923076923077
22940,BSP HAPA EXP,23,1697,118,1,73.78260869565217
11043,LTT-MADURAI,27,1696,115,0,62.81481481481482
19408,BSB ADI EXP,21,1696,113,2,80.76190476190476
12598,CSMT-GKP -WE,13,1694,69,3,130.30769230769232
12597,GKP-CSMT-WEE,13,1693,70,3,130.23076923076923
19407,ADI VARANASI,21,1693,110,2,80.61904761904762
12141,LTT-PPTA EXP,14,1693,61,2,120.92857142857143
12142,PPTA-LTT SF,13,1692,64,2,130.15384615384616
18408,SNSI-PURI WE,26,1691,158,1,65.03846153846153
19201,SC PBR  EXP,29,1690,118,0,58.275862068965516
22939,HAPA BSP EXP,23,1689,113,0,73.43478260869566
19202,PBR SC EXPRE,29,1689,130,0,58.241379310344826
12542,LTT-GKP-SUPE,16,1686,98,3,105.375
12541,GKP-LTT-SUPE,16,1685,113,3,105.3125
19021,BDTS LJN EXP,23,1681,131,2,73.08695652173913
19022,LJN BDTS EXP,23,1681,154,1,73.08695652173913
19020,DEHRADUN EXP,92,1678,399,5,18.23913043478261
11015,KUSHINAGAR E,47,1678,160,0,35.702127659574465
11016,KUSHINAGAR E,46,1677,156,0,36.45652173913044
17624,BKN-NED WEEK,29,1677,159,1,57.827586206896555
19019,DEHRADUN EXP,98,1676,378,2,17.102040816326532
17623,NED-BKN WEEK,29,1675,162,0,57.758620689655174
14650,SARYUYAMUNA,58,1669,283,2,28.775862068965516
12723,TELANGANA EX,18,1669,66,2,92.72222222222223
12724,TELANGANA EX,16,1669,66,2,104.3125
19422,PNBE ADI EXP,28,1669,157,1,59.607142857142854
14649,SARYUYAMUNA,63,1668,286,2,26.476190476190474
19421,ADI PNBE EXP,29,1666,159,1,57.44827586206897
18632,AII RNC EXPR,39,1665,199,2,42.69230769230769
12839,HWH-MAS MAIL,35,1664,124,0,47.542857142857144
12841,HOWRAH-CHENN,15,1664,80,2,110.93333333333334
19566,UTTARANCHAL,33,1664,173,1,50.42424242424242
12842,COROMANDEL E,17,1663,91,3,97.82352941176471
12840,MAS-HWH MAIL,36,1663,128,0,46.19444444444444
18631,RNC AII EXPR,39,1663,206,2,42.64102564102564
22825,SHM - MAS S/,24,1662,103,0,69.25
12721,HYB-NZM DAKS,46,1662,139,0,36.130434782608695
19565,UTTARANCHAL,33,1662,214,2,50.36363636363637
12722,NZM-HYB DAKS,46,1662,156,0,36.130434782608695
22847,VSKP-LTT S/F,23,1662,126,0,72.26086956521739
22614,HLZ-MAS WEEK,15,1662,98,1,110.8
22826,MAS - SHM EX,24,1661,102,2,69.20833333333333
22613,MAS-HLZ WEEK,15,1661,100,5,110.73333333333333
22807,SRC - MAS AC,18,1657,98,2,92.05555555555556
22808,MAS - SRC AC,18,1656,89,3,92.0
6057,SRC-MAS  SPL,19,1656,100,1,87.15789473684211
2841,SRC MAS SPL,12,1656,70,2,138.0
2842,MAS SRC SPL,12,1656,73,3,138.0
6058,MAS-SRC  EXP,19,1655,95,1,87.10526315789474
22848,LTT-VSKP S/F,24,1655,146,0,68.95833333333333
14674,SHAHEED EXP,58,1653,277,3,28.5
12286,NZM-SC DURON,6,1652,25,4,275.3333333333333
12438,NZM SC RAJDH,7,1652,37,5,236.0
12285,SC-NZM DORON,6,1651,25,5,275.1666666666667
12437,RAJDHANI EXP,7,1651,37,5,235.85714285714286
14673,SHAHEED EXPR,58,1650,278,1,28.448275862068964
11072,KAMAYANI EXP,41,1647,151,0,40.170731707317074
11071,KAMAYANI EXP,43,1645,155,1,38.25581395348837
7614,sabarimalai,39,1641,161,0,42.07692307692308
11006,CHALUKYA EXP,38,1639,121,1,43.13157894736842
12988,AII SDAH SF,22,1638,109,2,74.45454545454545
15484,SIKKIM MAHAN,59,1638,251,0,27.76271186440678
15483,SIKKIM MAHAN,58,1638,246,1,28.24137931034483
12987,SDAH AII  SF,22,1637,115,1,74.4090909090909
19062,RMR BDTS EXP,28,1636,150,1,58.42857142857143
11005,DR-PDY EXPRE,39,1636,140,0,41.94871794871795
7613,sabarimalai,38,1636,152,1,43.05263157894737
19061,RAMNAGAR EXP,28,1635,149,2,58.392857142857146
11018,KARAIKAL LTT,30,1634,103,1,54.46666666666667
11017,LTT-KIK WEEK,30,1631,101,1,54.36666666666667
13119,SDAH DLI  EX,89,1627,258,0,18.280898876404493
13120,DLI SDAH EXP,91,1627,297,1,17.87912087912088
401,BSB BHARATDA,12,1618,65,1,134.83333333333334
22456,KLK-SNSI SUP,15,1618,96,2,107.86666666666666
15532,ASR-SHC JSAD,28,1615,175,1,57.67857142857143
22455,SNSI-KLK SUP,15,1615,94,2,107.66666666666667
12409,GONDWANA EXP,35,1613,128,0,46.08571428571429
22918,HW BDTS SF E,26,1613,93,2,62.03846153846154
22855,SRC - TPTY W,18,1613,86,1,89.61111111111111
22856,TPTY-SRC,18,1612,98,2,89.55555555555556
12492,MOURDHAJ EXP,22,1612,128,0,73.27272727272727
15531,SHC-ASR JSAD,28,1612,187,1,57.57142857142857
12251,WAINGANGA EX,25,1611,103,1,64.44
22917,HARIDWAR EXP,26,1610,97,1,61.92307692307692
12491,MOURDHWAJ EX,22,1609,121,0,73.13636363636364
22444,BDTS  CNB EX,22,1608,103,1,73.0909090909091
12410,GONDWANA EXP,35,1608,152,1,45.94285714285714
22443,CNB-BDTS EXP,22,1607,107,0,73.04545454545455
12252,WAINGANGA EX,26,1605,109,1,61.73076923076923
18645,HWH HYB EAST,59,1602,167,0,27.152542372881356
18646,HYB-HWH EAST,61,1602,172,0,26.262295081967213
12920,MALWA EXPRES,51,1601,182,0,31.392156862745097
19168,SABARMATI EX,57,1601,249,1,28.087719298245613
22938,REWA RJT SUP,23,1600,115,0,69.56521739130434
19167,SABARMATI EX,57,1600,230,0,28.07017543859649
13307,GANGASUTLEJ,74,1600,250,0,21.62162162162162
22103,LTT-FD EXPRE,17,1600,88,4,94.11764705882354
13308,GANGASATLUJ,71,1600,224,0,22.535211267605632
22937,RAJKOT REWA,23,1600,105,0,69.56521739130434
22104,FD-LTT SUPER,17,1599,92,4,94.05882352941177
12919,MALWA EXPRES,52,1598,204,0,30.73076923076923
19063,DANAPUR EXPR,18,1596,111,1,88.66666666666667
19064,DNR UDHNA  E,18,1595,129,1,88.61111111111111
7110,QLN-HYB,40,1593,162,1,39.825
14313,LTT-BE EXPRE,26,1592,144,1,61.23076923076923
14314,LTT-BE EXPRE,27,1591,141,1,58.925925925925924
12773,SHM-SC AC EX,16,1590,87,2,99.375
22849,SHM - SC S/F,20,1590,98,0,79.5
7109,HYB-QLN,40,1589,152,0,39.725
12774,SC-SHM AC  E,16,1589,95,3,99.3125
22850,SC-SHM SF EX,20,1589,102,3,79.45
12525,KOAA - DBRG,23,1584,101,1,68.8695652173913
12526,DBRG - KOAA,23,1583,91,1,68.82608695652173
22452,CDG - BDTS E,24,1583,104,1,65.95833333333333
1442,DSJ-KK MTY S,13,1581,55,2,121.61538461538461
12174,CNB-LTT EXPR,13,1581,74,3,121.61538461538461
12173,LTT-CNB EXPR,13,1581,64,3,121.61538461538461
22451,BDTS - CDG E,24,1580,115,2,65.83333333333333
8568,QLN-VSKP BI-,29,1578,87,0,54.41379310344828
12768,SRC-NED  EXP,19,1578,97,1,83.05263157894737
12327,UPASANA EXPR,20,1577,118,2,78.85
12328,UPASANA EXPR,20,1577,99,2,78.85
18568,QLN-VSKP WEE,33,1576,87,0,47.75757575757576
11466,JBP-SMNH EXP,50,1575,176,0,31.5
12444,ANVT-HLZ EXP,14,1572,57,1,112.28571428571429
12443,HLZ-ANVT EXP,14,1572,73,1,112.28571428571429
11465,SMNH-JBP EXP,49,1572,172,0,32.08163265306123
18567,VSKP-QLN WEE,33,1572,87,0,47.63636363636363
12767,NED-SRC EXP,19,1572,101,1,82.73684210526316
8567,VSKP-QLN BI-,29,1571,113,0,54.172413793103445
14604,JANSADHARAN,33,1571,148,0,47.60606060606061
19409,GORAKHPUR EX,29,1569,181,3,54.10344827586207
19410,GKP ADI EXP,29,1569,144,0,54.10344827586207
14603,JANSADHARAN,33,1568,173,0,47.515151515151516
8301,SBP-BAND WEE,15,1567,87,2,104.46666666666667
8302,BAND-SBP WEE,15,1567,100,2,104.46666666666667
22857,SRC ANVT WEE,11,1567,55,1,142.45454545454547
22858,ANVT SRC WEK,11,1566,57,1,142.36363636363637
11450,SVDK-JBP EXP,31,1564,194,2,50.45161290322581
7142,QLN-HYB,39,1563,137,1,40.07692307692308
17230,HYB-KCVL SAB,43,1563,118,0,36.348837209302324
17229,KCVL-HYB SAB,43,1562,125,0,36.325581395348834
11449,JBP-SVDK EXP,34,1561,212,1,45.911764705882355
7141,HYB-QLN,39,1560,126,0,40.0
13010,DOON EXPRESS,78,1559,248,1,19.987179487179485
13009,DOON EXPRESS,77,1558,269,1,20.233766233766232
15659,SDAH - AGTL,40,1555,255,3,38.875
15660,AGTL - SDAH,40,1554,268,3,38.85
11053,LTT-AMH EXPR,17,1552,123,5,91.29411764705883
19404,SLN ADI EXP,20,1552,106,2,77.6
11054,AMH-LTT EXPR,17,1551,90,3,91.23529411764706
19403,SULTANPUR EX,20,1550,136,2,77.5
12703,HWH-SC FALAK,26,1549,108,0,59.57692307692308
12704,SC-HWH FALAK,27,1548,108,1,57.333333333333336
15644,KYQ-PURI  EX,26,1548,158,2,59.53846153846154
18463,BBS-SBC PRAS,47,1546,139,0,32.8936170212766
18464,SBC-BBS PRAS,46,1545,153,0,33.58695652173913
22132,GYAN GANGA S,19,1543,117,0,81.21052631578948
14311,BE -NBVJ EXP,46,1543,204,1,33.54347826086956
22131,GYAN GANGA E,19,1543,109,1,81.21052631578948
7113,KRMR-QLN,37,1543,156,0,41.7027027027027
12144,SLN LTT SF S,14,1541,76,1,110.07142857142857
14312,BE - NBVJ,45,1540,211,1,34.22222222222222
12143,LTT-SLN SF E,14,1540,76,1,110.0
19108,JANMABHOOMI,19,1539,222,5,81.0
19107,JANMABHOOMI,19,1537,170,3,80.89473684210526
20903,MAHAMANA SUP,11,1536,61,3,139.63636363636363
20904,MAHAMANA SUP,11,1535,61,3,139.54545454545453
15643,PURI-KYQ EXP,27,1534,137,2,56.81481481481482
7439,TATA-KCG HSP,28,1533,126,1,54.75
7438,KCG-TATA HSP,28,1533,107,0,54.75
15960,KAMRUP EXPRE,56,1528,239,0,27.285714285714285
12370,HW HWH S F E,20,1526,86,2,76.3
12369,KUMBHA EXPRE,20,1525,100,1,76.25
15231,BJU - GONDIA,32,1523,156,0,47.59375
15210,ASR-SHC JANS,48,1523,229,1,31.729166666666668
17605,MAQ-KCG EXP,28,1522,75,0,54.357142857142854
22126,ASR-NGP AC E,10,1521,70,3,152.1
13020,BAGH EXPRESS,64,1521,350,2,23.765625
15209,SHC-ASR JANS,48,1520,216,1,31.666666666666668
15232,GONDIA - BJU,34,1520,137,0,44.705882352941174
17606,KCG-MAQ EXP,28,1518,85,0,54.214285714285715
22125,NGP-ASR AC E,10,1518,70,3,151.8
12304,POORVA EXPRE,25,1517,96,0,60.68
12274,HWH DURONTO,6,1517,27,4,252.83333333333334
22114,KCVL-LTT BI-,26,1517,91,0,58.34615384615385
13019,BAGH EXPRESS,66,1517,275,2,22.984848484848484
12306,KOLKATA RAJD,9,1517,36,2,168.55555555555554
12202,LTT GARIB RA,25,1517,84,1,60.68
12303,POORVA EXPRE,25,1516,79,0,60.64
12305,KOLKATA RAJD,9,1516,41,3,168.44444444444446
12273,HWH NDLS DUR,6,1516,27,5,252.66666666666666
11093,MAHANAGARI E,27,1516,127,0,56.148148148148145
11014,LOKMANYA TT,34,1515,105,0,44.55882352941177
11013,COIMBATORE E,34,1515,101,0,44.55882352941177
11094,MAHANAGARI E,26,1515,119,0,58.26923076923077
22834,KJM-BBS WEEK,19,1514,84,1,79.6842105263158
16346,NETRAVATHI E,46,1514,130,0,32.91304347826087
12201,KCVL GARIB R,25,1513,90,1,60.52
15640,KYQ - PURI E,26,1513,173,2,58.19230769230769
22113,LTT-KCVL BI-,26,1513,92,0,58.19230769230769
15639,PURI - KYQ E,26,1512,154,0,58.15384615384615
18519,VSKP-LTT EXP,20,1512,72,1,75.6
7134,QLN-GNT-HYB,39,1511,162,2,38.743589743589745
22833,BBS-KJM WEEK,19,1511,89,0,79.52631578947368
12846,BHUBANESHWAR,21,1510,90,2,71.9047619047619
16345,NETRAVATI EX,46,1510,131,0,32.82608695652174
11067,SAKET EXPRES,20,1510,116,1,75.5
12845,BBS-YPR S/FA,21,1510,73,1,71.9047619047619
11068,SAKET EXPRES,20,1509,134,1,75.45
7133,HYB-GNT-QLN,39,1508,160,1,38.666666666666664
15959,KAMRUP EXPRE,56,1507,254,0,26.910714285714285
12355,ARCHNA EXPRE,19,1506,121,2,79.26315789473684
12356,ARCHNA EXPRE,19,1506,106,1,79.26315789473684
22110,NZM LTT AC E,9,1504,29,3,167.11111111111111
22884,YPR-PURI GAR,28,1504,123,1,53.714285714285715
22109,LTT NZM AC E,9,1501,28,3,166.77777777777777
12494,NZM-PUNE AC,10,1501,48,3,150.1
12264,NZM-PUNE DUR,7,1501,33,4,214.42857142857142
12168,BSB-LTT SF E,13,1500,70,2,115.38461538461539
12167,LTT(T)-BSB S,13,1500,72,2,115.38461538461539
12524,NDLS-NJP BI-,18,1499,108,1,83.27777777777777
12493,PUNE-NZM AC,10,1498,57,3,149.8
12263,PUNE-NZM DUR,7,1498,32,4,214.0
18520,LTT-VSKP EXP,20,1497,66,2,74.85
12523,NJP-NDLS BI-,18,1496,97,1,83.11111111111111
22883,PURI-YPR GAR,27,1493,118,0,55.2962962962963
16354,NCJ-KCG KACH,31,1492,88,0,48.12903225806452
16353,KCG NCJ EXP,31,1490,82,0,48.064516129032256
12165,LTT BSB SUP,16,1488,95,3,93.0
22967,ADI ALD EXPR,20,1488,92,0,74.4
12166,BSB LTT SUP,16,1487,92,3,92.9375
22968,ALD ADI  SF,20,1487,83,0,74.35
12441,BSP-NDLS,10,1487,46,3,148.7
20809,SBP-NED NAGA,22,1486,116,1,67.54545454545455
15212,ASR- DBG JAN,46,1486,233,1,32.30434782608695
15211,DBG-ASR JANN,48,1485,217,0,30.9375
20810,NED-SBP NAGA,22,1484,114,2,67.45454545454545
12442,NDLS-BSP,10,1483,51,3,148.3
11407,PUNE-LJN EXP,17,1478,98,0,86.94117647058823
12104,LJN-PUNE EXP,13,1478,82,1,113.6923076923077
11408,LJN-PUNE EXP,17,1478,91,0,86.94117647058823
12103,PUNE-LKO EXP,13,1478,84,0,113.6923076923077
19224,JAT ADI EXPR,60,1476,239,2,24.6
19223,ADI JAT EXPR,58,1474,292,1,25.413793103448278
17018,SC-RJT EXP,28,1468,109,0,52.42857142857143
17017,RJT-SC RAJKO,27,1467,122,1,54.333333333333336
12406,NZM BSL EXPR,29,1464,100,0,50.48275862068966
13168,AGC-KOAA WKL,22,1463,126,1,66.5
13167,KOAA-AGC WKL,22,1462,106,0,66.45454545454545
12405,GONDWANA EXP,29,1461,127,1,50.37931034482759
12178,CHAMBAL EXP,34,1453,178,1,42.73529411764706
12177,CHAMBAL EXP,34,1451,137,0,42.6764705882353
12260,SDAH DURONTO,5,1449,20,4,289.8
12314,SDAH RAJDHAN,8,1449,27,3,181.125
12313,SDAH RAJDHAN,8,1448,32,2,181.0
12259,NDLS DURONTO,5,1448,23,4,289.6
13484,FARAKKA EXPR,63,1447,285,2,22.96825396825397
13483,FARAKKA EXPR,65,1447,265,1,22.26153846153846
12302,KOLKATA RAJD,8,1439,28,3,179.875
12382,POORVA EXPRE,22,1439,105,0,65.4090909090909
12301,KOLKATA RAJD,8,1438,31,2,179.75
12381,POORVA EXPRE,22,1438,78,0,65.36363636363636
12330,SAMPARKRANTI,8,1436,50,3,179.5
7212,QLN-COA,36,1436,135,0,39.888888888888886
12329,SAMPARK KRAN,8,1435,30,3,179.375
7211,CCT-QLN,36,1433,143,1,39.80555555555556
12215,DEE-BDTS GAR,18,1431,86,1,79.5
12912,HW BL SUP EX,16,1430,78,2,89.375
12216,BDTS-DEE GAR,18,1429,94,2,79.38888888888889
604,PNBE-ASR FTR,3,1429,10,2,476.3333333333333
12911,BL HARIDWAR,16,1427,73,2,89.1875
12324,ANVT HWH BI-,9,1426,57,2,158.44444444444446
12250,ANVT-HWH YUV,7,1426,24,3,203.71428571428572
12249,HWH-ANVT YUV,7,1425,27,2,203.57142857142858
12323,HWH ANVT BI-,9,1425,47,1,158.33333333333334
12533,PUSHPAK SF E,16,1424,83,0,89.0
12534,PUSHPAK SF E,15,1423,71,0,94.86666666666666
12898,BBS-PDY S/F,19,1423,82,0,74.89473684210526
12897,PDY-BBS WEEK,19,1423,86,1,74.89473684210526
17417,TPTY-SNSI,37,1419,100,0,38.351351351351354
17418,SNSI-TPTY WE,38,1419,105,0,37.3421052631579
14004,NDLS-MLDT EX,23,1418,120,1,61.65217391304348
14003,MLDT-NDLS EX,23,1418,102,1,61.65217391304348
12320,AGC-KOAA WEE,11,1417,92,1,128.8181818181818
11464,JBP -SMNH EX,50,1417,169,0,28.34
11463,SMNH-JBP EXP,50,1416,156,0,28.32
12319,KOAA-AGC WEE,12,1416,72,2,118.0
12851,BSP - MAS SF,17,1412,63,0,83.05882352941177
22122,LKO-LTT AC S,11,1411,53,3,128.27272727272728
22121,LTT-LKO AC S,11,1411,59,3,128.27272727272728
12852,MAS - BSP SF,17,1409,65,0,82.88235294117646
14321,BE - NBVJ EX,46,1409,174,0,30.630434782608695
12108,LJN-LTT EXPR,11,1408,51,2,128.0
12107,LTT-LJN EXPR,11,1408,57,2,128.0
14322,BE - NBVJ,45,1407,172,0,31.266666666666666
18503,VSKP-SNSI WE,25,1406,115,1,56.24
18504,SNSI-VSKP WE,25,1405,87,0,56.2
13429,MLDT-ANVT WK,24,1405,100,0,58.541666666666664
13430,ANVT-MLDT WK,24,1405,99,0,58.541666666666664
22916,HSR BDTS S F,30,1405,125,0,46.833333333333336
22915,BDTS HSR SF,30,1404,117,0,46.8
18208,AII  - DURG,22,1404,108,0,63.81818181818182
19057,UDN VARANASI,13,1403,68,1,107.92307692307692
17481,BSP-TPTY  EX,65,1402,180,0,21.56923076923077
19058,BSB UDN EXP,13,1402,71,1,107.84615384615384
17482,TPTY-BSP EXP,66,1400,187,0,21.21212121212121
13414,FARKKA EXPRE,61,1399,247,1,22.934426229508198
13413,FARAKKA EXPR,63,1399,262,1,22.206349206349206
18207,DURG - AII E,22,1396,119,0,63.45454545454545
22942,JAT INDB SF,16,1396,98,1,87.25
19264,DEE PORBNDR,32,1396,139,1,43.625
19322,RJPB INDB EX,17,1395,136,2,82.05882352941177
19321,INDB RJPB EX,17,1394,107,1,82.0
19263,DELHI SR EXP,28,1394,146,2,49.785714285714285
22941,INDB JAT SF,16,1393,95,0,87.0625
22602,SNSI-MAS EXP,24,1391,79,0,57.958333333333336
22601,MAS-SNSI EXP,23,1391,82,0,60.47826086956522
14611,GCT-SVDK EXP,14,1385,99,2,98.92857142857143
12952,MUMBAI RAJDH,8,1376,27,3,172.0
9006,NDLS BCT BI,4,1376,15,3,344.0
22210,BCT DURONTO,5,1376,25,4,275.2
9005,BCT NDLS BI,4,1373,15,3,343.25
12951,MUMBAI RAJDH,8,1373,27,3,171.625
11102,GWL-PUNE EXP,23,1373,100,0,59.69565217391305
22209,NDLS DURONTO,5,1373,23,4,274.6
11101,PUNE-GWALIOR,23,1373,100,0,59.69565217391305
22149,ERS-PUNE SF,18,1371,64,0,76.16666666666667
12954,AG KRANTI RJ,13,1369,40,2,105.3076923076923
12953,AUG KR RAJ E,13,1366,41,2,105.07692307692308
22150,PUNE-ERS SF,18,1366,69,0,75.88888888888889
16003,MAS-NSL WKLY,26,1365,60,0,52.5
8617,RNC ANVT SPL,15,1365,63,1,91.0
12488,ANVT-JBNSUPE,19,1364,125,2,71.78947368421052
12487,JBN-ANVT SUP,19,1364,126,2,71.78947368421052
16004,NSL-MAS WKLY,27,1363,80,0,50.48148148148148
7218,QLN-NS,37,1363,140,0,36.83783783783784
1708,ATT-JBP BI-W,17,1362,100,1,80.11764705882354
1707,JBP-ATT BI-W,17,1360,94,1,80.0
7217,NS-QLN,37,1360,147,1,36.75675675675676
25657,KUNCHAN JUNG,37,1358,234,3,36.7027027027027
12910,BDTS GARIB R,9,1358,35,3,150.88888888888889
9004,NZM  BDTS SF,5,1358,15,3,271.6
12248,NZM  BDTS  Y,7,1358,27,4,194.0
12908,MHRST SMPRK,5,1358,24,3,271.6
25658,KUNCHAN JUNG,37,1357,246,3,36.67567567567568
8618,ANVT RNC SPL,15,1356,63,1,90.4
12247,BDTS NZM YUV,7,1355,27,4,193.57142857142858
9003,BDTS NZM  SF,5,1355,15,3,271.0
12907,BDTS SMPRK K,5,1355,24,3,271.0
12909,NZM GARIB RA,9,1355,30,3,150.55555555555554
11040,MAHARASHTRA,60,1353,147,0,22.55
12293,LTT-ALD DURA,5,1353,20,2,270.6
11039,MAHARASHTRA,62,1352,175,0,21.806451612903224
22907,MAO HAPA SUP,18,1352,68,0,75.11111111111111
12294,ALD-LTT DURA,5,1352,20,2,270.4
22908,HAPA MADGAON,18,1348,78,0,74.88888888888889
17206,COA-SNSI EXP,39,1347,151,1,34.53846153846154
19313,INDB RJPB  E,17,1347,120,1,79.23529411764706
19314,INDORE EXPRE,17,1347,125,2,79.23529411764706
17205,SNSI-CCT EXP,39,1346,121,0,34.51282051282051
22949,BDTS DEE EXP,27,1342,99,0,49.7037037037037
11204,JAIPUR NAGPU,28,1340,145,2,47.857142857142854
11203,NAGPUR JAIPU,28,1340,137,1,47.857142857142854
12878,NDLS RNC GBR,15,1336,39,1,89.06666666666666
12454,NDLS-RNC,7,1336,27,2,190.85714285714286
12453,RNC-NDLS,7,1333,27,3,190.42857142857142
12877,RNC-NDLS GBR,15,1333,39,1,88.86666666666666
1196,NGP-KRMI SPL,26,1332,81,0,51.23076923076923
7418,NSL-TPTY HSP,33,1331,124,0,40.333333333333336
7417,TPTY-NSL HSP,33,1330,156,1,40.303030303030305
1119,AJNI-KRMI SP,24,1329,77,0,55.375
19326,ASR INDB EXP,24,1326,125,0,55.25
12874,ANVT HTE  EX,21,1325,120,2,63.095238095238095
19325,IND AMRITSAR,24,1323,113,0,55.125
12873,HTE-ANVT EXP,21,1322,110,2,62.95238095238095
11104,BDTS-JHS EXP,21,1321,111,1,62.904761904761905
11103,JHS-BDTS EXP,21,1321,113,0,62.904761904761905
12161,LASHKAR EXPR,21,1320,76,0,62.857142857142854
12162,LASHKAR EXPR,21,1320,80,0,62.857142857142854
1120,KRMI-AJNI SP,24,1319,77,0,54.958333333333336
504,PNBE-BTI FTR,3,1313,10,2,437.6666666666667
12849,BSP - PUNE S,18,1312,86,0,72.88888888888889
17222,LTT-COA EXP,23,1306,75,1,56.78260869565217
17221,COA-LTT EXP,23,1306,66,1,56.78260869565217
12224,ERS-LTT DURO,6,1306,30,4,217.66666666666666
12850,PUNE - BSP S,18,1305,89,0,72.5
12765,TPTY-AMI EXP,24,1305,64,0,54.375
12766,AMI-TPTY EXP,24,1305,65,0,54.375
16218,SNSI-MYS EXP,24,1304,104,0,54.333333333333336
16217,MYS-SNSI EXP,24,1304,89,0,54.333333333333336
557,RSD-PJP BSF,2,1301,0,1,650.5
12943,UDYOGKARMI E,12,1301,64,0,108.41666666666667
12944,UDHYOGKARMI,12,1301,70,0,108.41666666666667
12223,LTT-ERS DURO,6,1301,30,4,216.83333333333334
19402,LKO ADI EXP,27,1300,130,0,48.148148148148145
12826,NDLS RNC SAM,9,1300,56,3,144.44444444444446
12440,NDLS RNC RAJ,8,1300,27,2,162.5
12354,LKU  HWH  EX,18,1300,105,1,72.22222222222223
12353,HWH LKU EXP,18,1299,101,2,72.16666666666667
19401,ADI LUCKNOW,27,1298,161,1,48.074074074074076
12825,RNC NDLS SAM,9,1297,59,3,144.11111111111111
12439,RNC NDLS RAJ,8,1297,26,2,162.125
12778,KCVL- UBL EX,22,1297,66,0,58.95454545454545
14524,UMB-MFP HARI,21,1296,119,2,61.714285714285715
12777,UBL-KCVL EXP,22,1295,62,0,58.86363636363637
14523,MFP-UMB EXPR,21,1295,134,2,61.666666666666664
12818,ANVT HTE EXP,19,1294,77,1,68.10526315789474
12176,CHAMBAL EXPR,31,1292,161,1,41.67741935483871
12817,HTE ANVT EXP,19,1291,81,1,67.94736842105263
12175,CHAMBAL EXP,31,1291,128,0,41.645161290322584
12940,JP PUNE SF E,12,1290,72,2,107.5
12939,PUNE JAIPUR,13,1289,61,1,99.15384615384616
12396,ZIYARAT EXPR,15,1287,91,1,85.8
12395,ZIYARAT EXPR,15,1287,76,1,85.8
17616,KACHEGUDA EX,23,1286,64,0,55.91304347826087
14018,SADBHAWANA E,36,1283,168,1,35.638888888888886
11042,MAS-CSMT MUM,34,1283,93,0,37.73529411764706
17615,KCG-MDU EXP,23,1283,53,0,55.78260869565217
11028,MAS-CSMT MUM,52,1283,117,0,24.673076923076923
14017,SADBHAWANA E,36,1282,167,1,35.611111111111114
11041,CSMT -MAS EX,36,1281,101,0,35.583333333333336
9622,BDTS AII SF,12,1281,72,2,106.75
9621,AII BDTS SF,12,1281,68,2,106.75
12164,CHENNAI EXP,22,1281,58,1,58.22727272727273
11027,CSMT-MAS MAI,52,1281,123,0,24.634615384615383
11098,POORNA EXPRE,32,1279,162,2,39.96875
11097,POORNA EXPRE,33,1278,127,1,38.72727272727273
12163,CHENNAI EXPR,24,1278,62,1,53.25
422,SVDK-LKO FTR,5,1277,40,3,255.4
421,LKO-SVDK FTR,5,1276,62,3,255.2
17316,VLNK-VSG EXP,27,1273,136,1,47.148148148148145
17315,VSG-VLNK EXP,24,1269,104,0,52.875
11074,CHENNAI - LT,17,1267,55,1,74.52941176470588
22868,NZM-DURG HUM,16,1266,76,1,79.125
12824,NZM-DURG CG,12,1266,68,1,105.5
11073,LTT-MAS EXPR,18,1265,53,1,70.27777777777777
1706,JBP-BDTS SF,14,1262,72,1,90.14285714285714
1705,BDTS-JBP SF,14,1261,66,1,90.07142857142857
18214,JP - DURG EX,20,1258,91,0,62.9
15014,RANIKHET EXP,39,1256,236,3,32.205128205128204
15530,ANVT-SHC JSA,25,1255,122,1,50.2
22867,DURG-NZM HUM,16,1255,71,1,78.4375
12823,DURG-NZM CG,12,1255,63,2,104.58333333333333
15013,RANIKHET EXP,39,1255,229,1,32.17948717948718
22432,UHP-ALD BI-W,18,1255,94,0,69.72222222222223
22431,ALD-UHP BI-W,18,1255,103,1,69.72222222222223
12238,JAT-BSB EXP.,13,1253,68,0,96.38461538461539
12237,BSB-JAT EXP.,13,1253,69,0,96.38461538461539
15529,SHC-ANVT JSA,25,1253,111,0,50.12
18213,DURG - JP EX,20,1250,100,0,62.5
22859,PURI-MAS S/F,21,1247,95,0,59.38095238095238
12588,JAMMU GKP EX,18,1247,81,0,69.27777777777777
22860,MAS-PURI S/F,21,1247,96,2,59.38095238095238
13238,KOTA - PNBE,28,1246,157,2,44.5
12587,AMAR NATH EX,18,1246,84,0,69.22222222222223
13237,PNBE- KOTA,28,1245,174,2,44.464285714285715
12490,DDR BIKANER,22,1244,129,1,56.54545454545455
12489,BKN DDR SF E,22,1244,133,1,56.54545454545455
12569,JYG -ANVT GA,23,1238,95,1,53.82608695652174
12570,ANVT-JYG GAR,23,1238,110,1,53.82608695652174
14008,SADHBHAWNA E,34,1236,150,1,36.35294117647059
14007,SADBHAWNA EX,34,1235,165,1,36.3235294117647
20889,HWH BZA HUMS,8,1234,51,2,154.25
20890,BZA HWH HUMS,8,1233,41,3,154.125
15662,KYQ-RNC EXPR,29,1232,135,0,42.48275862068966
17479,PURI-TPTY  E,72,1231,221,2,17.09722222222222
17480,TPTY-PURI EX,73,1231,191,1,16.863013698630137
15661,RNC-KYQ EXPR,29,1228,116,0,42.3448275862069
14310,UJJAIYANI EX,30,1228,174,1,40.93333333333333
22932,JSM BDTS SF,27,1227,96,0,45.44444444444444
22931,BDTS JSM EXP,27,1226,96,0,45.407407407407405
14309,UJJAINI EXPR,30,1226,171,2,40.86666666666667
7214,QLN-BZA,30,1226,110,0,40.86666666666667
12562,SWATANTRTA S,21,1224,121,2,58.285714285714285
12561,SWATANTRTA S,22,1223,117,1,55.59090909090909
12829,CEN-BBS WEEK,21,1222,69,0,58.19047619047619
12830,BBS-CEN WEEK,21,1222,68,0,58.19047619047619
7213,BZA-QLN,29,1221,116,1,42.10344827586207
14016,SADHBHAWNA E,36,1219,170,1,33.861111111111114
14015,SADBHAWANA E,35,1218,192,2,34.8
11036,SHARAVATI EX,26,1213,57,0,46.65384615384615
18202,NTV - DURG E,25,1212,170,1,48.48
14707,RANAKPUR EXP,34,1211,136,0,35.61764705882353
22473,BKN BDTS SF,23,1211,99,0,52.65217391304348
9012,BKN BDTS WEE,20,1211,94,0,60.55
11035,SHARAVATHI E,27,1210,75,0,44.81481481481482
14708,RANAKPUR EXP,34,1209,134,0,35.55882352941177
9011,BDTS BKN WEE,20,1209,84,0,60.45
22474,BDTS BKN SF,23,1209,89,0,52.56521739130435
18201,DURG - NTV E,25,1207,171,1,48.28
12350,NDLS BGP  EX,13,1206,78,2,92.76923076923077
12349,BGP NDLS EXP,13,1206,73,2,92.76923076923077
502,RJPB-UMB FTR,9,1206,60,3,134.0
19032,YOGA EXPRESS,43,1203,165,1,27.976744186046513
19031,HARIDWAR MAI,43,1200,154,0,27.906976744186046
13240,KOTA - PNBE,24,1199,159,2,49.958333333333336
13239,PNBE-KOTA EX,24,1198,163,2,49.916666666666664
14854,MARUDHAR EXP,37,1194,170,1,32.270270270270274
22406,ANVT-BGP GAR,22,1193,89,1,54.22727272727273
22405,BGP-ANVT GAR,22,1193,89,0,54.22727272727273
12368,VIKRAMSHILA,21,1193,88,3,56.80952380952381
12367,VIKRAMSHILA,21,1193,86,3,56.80952380952381
22152,KZJ-PUNE SF,19,1193,72,0,62.78947368421053
3502,ANVT-JSME BI,5,1193,30,4,238.6
3501,JSME-ANVT BI,5,1193,30,4,238.6
14853,MARUDHAR EXP,36,1193,142,2,33.138888888888886
22151,PUNE-KZJ SF,19,1191,67,0,62.68421052631579
15280,POORBIYA EXP,22,1185,121,0,53.86363636363637
14006,LICHCHIVI EX,43,1183,195,4,27.511627906976745
14005,LICHCHIVI EX,41,1182,179,2,28.829268292682926
15279,POORBIYA EXP,22,1182,109,0,53.72727272727273
22879,BBS-TPTY S/F,21,1178,69,0,56.095238095238095
22872,TPTY-BBS S/F,19,1178,70,1,62.0
22880,TPTY-BBS S/F,21,1178,74,0,56.095238095238095
22871,BBS-TPTY S/F,19,1178,65,0,62.0
14866,MARUDHAR EXP,33,1171,159,1,35.484848484848484
14865,MARUDHAR EXP,33,1170,141,2,35.45454545454545
12554,VAISHALI EXP,21,1170,90,0,55.714285714285715
14318,DEHRADUN IND,30,1168,174,1,38.93333333333333
12553,VAISHALI EXP,21,1167,82,0,55.57142857142857
14317,IND DDN EXPR,30,1165,168,1,38.833333333333336
18006,JDB-KRPU-HWH,46,1164,213,2,25.304347826086957
18005,HWH-JDB EXPR,48,1163,227,1,24.229166666666668
506,PNBE-PTA FTR,3,1161,5,1,387.0
18206,NTV - DURG E,24,1161,219,3,48.375
12240,JP BCT DURON,5,1158,25,3,231.6
12956,JP BCT SUPFA,19,1158,62,1,60.94736842105263
12955,BCT JP SF EX,19,1157,57,1,60.89473684210526
12239,JAIPUR DURON,5,1157,28,3,231.4
12566,BIHAR SAMPAR,11,1156,90,2,105.0909090909091
11447,SHAKTIPUNJ E,45,1156,199,1,25.68888888888889
11448,SHAKTIPUNJ E,46,1155,176,0,25.108695652173914
17405,TPTY-ADB KRI,61,1154,127,1,18.918032786885245
11301,UDYAN EXPRES,35,1154,92,0,32.97142857142857
11302,UDYAN EXP,34,1154,75,0,33.94117647058823
11083,LTT-KZJ TADO,29,1153,73,0,39.758620689655174
17406,ADB-TPTY KRI,62,1153,126,0,18.596774193548388
11084,KZJ-LTT TADO,28,1153,66,0,41.17857142857143
12565,BIHAR SAMPAR,11,1153,80,2,104.81818181818181
18205,DURG - NTV E,24,1153,177,2,48.041666666666664
17621,AWB-RU EXP,28,1148,68,0,41.0
17622,RU-AWB EXPRE,28,1148,76,0,41.0
12980,JP BDTS  SF,17,1147,60,0,67.47058823529412
7410,TPTY-AK,29,1147,104,0,39.55172413793103
22934,JP BDTS SF E,15,1147,67,0,76.46666666666667
14864,MARUDHAR EXP,32,1146,151,1,35.8125
12979,BDTS JP SF E,17,1146,67,0,67.41176470588235
22933,BDTS JP SF E,15,1146,57,0,76.4
14863,MARUDHAR EXP,31,1145,137,2,36.935483870967744
22356,CDG - PPTA S,16,1142,80,0,71.375
17016,SC-BBS VISAK,41,1135,99,0,27.682926829268293
17015,BBS-SC VISAK,41,1135,99,0,27.682926829268293
17208,BZA-SNSI EXP,32,1130,124,1,35.3125
17207,SNSI-BZA EXP,32,1129,88,0,35.28125
19804,SVDK-KOTA WE,30,1127,164,1,37.56666666666667
19575,OKHA  NDT EX,20,1126,119,3,56.3
19576,NDT OKHA EXP,20,1126,151,0,56.3
19803,KOTA-SVDK WE,30,1125,165,1,37.5
15002,DDN MFP EXP,26,1124,118,0,43.23076923076923
22128,KZJ-LTT ANAN,21,1123,52,1,53.476190476190474
2192,SRC-JBP SF S,16,1123,101,0,70.1875
2191,JBP-SRC SF S,16,1123,85,0,70.1875
15001,MFP DDN EXP,26,1122,120,0,43.15384615384615
22127,LTT-KZJ ANAN,21,1122,58,1,53.42857142857143
13288,SOUTH BIHAR,52,1113,208,2,21.403846153846153
13287,SOUTH BIHAR,51,1112,257,2,21.80392156862745
19708,ARAVALI EXPR,39,1106,136,1,28.358974358974358
19580,DEE RJT EXP,24,1105,99,1,46.041666666666664
19707,ARAVALI EXPR,39,1103,123,0,28.28205128205128
19308,CDG  INDB  E,19,1102,109,0,58.0
19579,RJT DEE EXPR,24,1102,118,1,45.916666666666664
19307,CHANDIGARH E,19,1100,137,1,57.89473684210526
16128,GUV CHENNAI,48,1096,106,0,22.833333333333332
16127,MS GURUVAYUR,48,1095,104,0,22.8125
15619,GAYA-KYQ EXP,21,1093,97,0,52.04761904761905
15620,KYQ-GAYA EXP,21,1093,102,1,52.04761904761905
17214,NSL-NS  EXP,23,1092,83,0,47.47826086956522
17213,NS-NSL EXP,23,1092,72,1,47.47826086956522
15160,SARNATH EXP.,46,1092,189,1,23.73913043478261
12392,SHRAMJEEVI E,33,1092,110,0,33.09090909090909
12391,SHRAMJEEVI E,33,1092,102,0,33.09090909090909
15159,SARNATH EXPR,50,1091,212,1,21.82
6579,YPR-VSKP WKY,21,1089,63,0,51.857142857142854
22424,ASR-GKP SUPE,16,1087,80,1,67.9375
22423,GKP-ASR SUPE,16,1086,73,0,67.875
6580,VSKP-YPR WKY,21,1086,66,0,51.714285714285715
19806,UHP-KOTA WEE,22,1086,112,1,49.36363636363637
19805,KOTA-UHP WEE,22,1084,115,0,49.27272727272727
14887,KLK BME EXPR,40,1082,220,2,27.05
14888,BARMER  KLK,40,1082,217,3,27.05
19666,UDZ KURJ EXP,29,1080,123,1,37.241379310344826
19665,KURJ UDZ EXP,29,1080,136,1,37.241379310344826
12918,GUJRAT S KRA,10,1077,35,2,107.7
12917,GUJARAT SMPR,10,1075,34,2,107.5
11089,BGKTPUNE EXP,26,1074,151,1,41.30769230769231
11090,PUNE BGKT EX,26,1072,90,0,41.23076923076923
12212,ANVT-MFP GAR,14,1059,74,1,75.64285714285714
12558,SAPT KRANTI,16,1059,61,2,66.1875
12557,SAPT KRANTI,16,1057,67,2,66.0625
12211,MFP-ANVT GAR,14,1057,73,0,75.5
15021,SHALIMAR-GOR,15,1056,83,0,70.4
15022,GORAKHPUR-SH,15,1055,99,0,70.33333333333333
11124,GWALIAR-BJU,49,1054,177,1,21.510204081632654
11088,PUNE-VRL EXP,25,1053,81,0,42.12
11087,VRL-PUNE EXP,26,1053,96,0,40.5
11401,NANDIGRHAM E,34,1053,73,0,30.970588235294116
11402,NADHIGRAM EX,34,1052,89,0,30.941176470588236
19574,JP OKHA EXP,20,1051,84,0,52.55
11123,BARAUNI-GWL,49,1051,172,0,21.448979591836736
1656,JBP-PUNE SPL,13,1050,58,0,80.76923076923077
1655,PUNE-JBP SPL,13,1050,63,0,80.76923076923077
22168,NZM-SGRL SF,11,1050,37,0,95.45454545454545
12401,MAGADH EXPRE,28,1049,92,0,37.464285714285715
19573,JAIPUR EXPRE,20,1049,58,0,52.45
12402,MAGADH EXPRE,28,1049,93,1,37.464285714285715
17232,NSL-NS EXP,28,1048,81,0,37.42857142857143
17231,NS-NSL EXP,27,1048,93,1,38.81481481481482
17311,CHENNAI- VAS,24,1029,110,1,42.875
14624,PATALKOT EXP,23,1029,103,1,44.73913043478261
12517,GARIB RATH E,14,1027,53,0,73.35714285714286
12518,GARIB RATH E,14,1027,48,0,73.35714285714286
14623,PATALKOT EXP,23,1027,83,0,44.65217391304348
17312,VSG- CHENNAI,25,1027,88,1,41.08
11404,KOP-NGP EXPR,22,1026,108,0,46.63636363636363
11403,NGP-KOP EXPR,22,1026,118,0,46.63636363636363
12469,CNB-JAT EXPR,14,1025,71,1,73.21428571428571
12470,JAT-CNB EXPR,14,1025,85,0,73.21428571428571
12181,JBP-AII DAYO,22,1024,104,0,46.54545454545455
12182,AII-JBP DAYO,22,1024,84,0,46.54545454545455
12345,SARAIGHAT EX,13,1023,56,0,78.6923076923077
12346,SARAIGHAT EX,13,1023,44,0,78.6923076923077
16593,NED-SBC-EXP,43,1021,78,0,23.74418604651163
12191,SHRIDHAM SUP,24,1021,89,0,42.541666666666664
14319,IND-BE EXPRE,19,1021,118,1,53.73684210526316
16594,SBC-NED-EXP,43,1021,85,0,23.74418604651163
14320,BE-IND EXPRE,19,1020,118,2,53.68421052631579
12192,JBP-NDLS SUF,24,1019,78,0,42.458333333333336
12414,JAT-AII POOJ,22,1017,94,1,46.22727272727273
12413,AII-JAT POOJ,21,1016,95,1,48.38095238095238
7608,TPTY-NED,19,1016,72,1,53.473684210526315
11202,AJNI-LTT EXP,26,1015,74,0,39.03846153846154
11201,LTT-AJNI EXP,26,1015,69,0,39.03846153846154
7607,NED-TPTY HOL,19,1014,83,1,53.36842105263158
18234,BSP-INDB NAR,74,1009,200,0,13.635135135135135
18233,INDB-BSP NAR,72,1008,195,0,14.0
19612,ASR AJMER EX,31,1006,129,0,32.45161290322581
19611,AJMER ASR EX,31,1006,155,1,32.45161290322581
18419,PURI-JYG WEE,24,998,168,2,41.583333333333336
18420,JYG-PURI WEE,24,998,148,1,41.583333333333336
12187,MUMBAI GARIB,15,996,54,0,66.4
15115,LOKNAYAK EXP,21,996,118,1,47.42857142857143
15116,LOKNAYAK EXP,21,996,95,0,47.42857142857143
12188,JBP GARIB RA,15,996,54,0,66.4
17308,BGK-MYS BASA,32,994,109,1,31.0625
17307,MYS-BGK BASA,34,993,115,1,29.205882352941178
11303,HYB-KOP EXPR,38,989,82,0,26.026315789473685
12394,SAMPOORNKRAN,5,987,28,3,197.4
12309,PATNA RAJDHA,6,987,28,2,164.5
12310,PATNA RAJDHA,6,987,28,2,164.5
12393,SAMPOORNA KR,5,987,27,3,197.4
11304,KOP-HYB EXPR,38,987,121,1,25.973684210526315
22946,SAURASHTRA M,31,986,125,1,31.806451612903224
22945,SAURASHTRA M,30,986,92,0,32.86666666666667
16859,MS-MAQ EXPRE,52,983,128,0,18.903846153846153
16860,MAQ MS EXP,53,982,119,0,18.528301886792452
11092,PUNE BHUJ EX,24,981,94,0,40.875
12398,MAHABODHI EX,15,981,44,1,65.4
20811,VSKP-NANDED,13,981,53,1,75.46153846153847
11091,BHUJ PUNE EX,24,981,140,2,40.875
12397,MAHABODHI EX,15,981,38,1,65.4
20812,NANDED-VSKP,13,978,55,1,75.23076923076923
128,MAO-KOP SPEC,22,978,75,0,44.45454545454545
15657,KANCHAN JUNG,33,977,128,0,29.606060606060606
15658,KUNCHANJUNGH,33,977,131,0,29.606060606060606
1301,PUNE-MAJN WE,17,976,72,1,57.411764705882355
12990,AII DDR SF E,23,976,76,0,42.43478260869565
12989,DDR AII SF E,23,974,74,0,42.34782608695652
1302,MAJN-PUNE WE,17,973,73,1,57.23529411764706
12106,VIDARBHA EXP,27,972,79,0,36.0
12960,BHUJ DADAR E,20,972,108,3,48.6
12959,DADAR BHUJ E,20,972,107,1,48.6
12105,VIDARBHA EXP,26,971,83,0,37.34615384615385
13258,JAN SADHARAN,8,971,42,2,121.375
13257,JAN SADHARAN,8,971,42,2,121.375
19312,INDB PUNE EX,17,970,68,0,57.05882352941177
19311,PUNE INDORE,17,969,62,0,57.0
13247,KYQ-RJPB CAP,41,969,141,1,23.634146341463413
22409,GAYA -ANVT G,10,968,26,1,96.8
19609,UDZ HW EXP,29,968,131,2,33.37931034482759
22410,ANVT-GAYA GA,10,968,32,1,96.8
13248,RJPB-KYQ CAP,44,967,139,0,21.977272727272727
16535,MYS-SUR GOLG,32,966,86,0,30.1875
22843,BSP - PNBE S,22,966,99,1,43.90909090909091
16536,SUR-MYS GOLG,32,964,73,0,30.125
22844,PNBE - BSP S,22,964,91,1,43.81818181818182
22944,IND PUNE EXP,17,963,72,1,56.64705882352941
22943,PUNE INDORE,17,963,58,0,56.64705882352941
17210,SHESHADRI EX,36,962,75,0,26.72222222222222
17209,SBC-CCT SESH,35,962,78,0,27.485714285714284
22137,PRERANA EXPR,14,961,56,0,68.64285714285714
22138,PRERANA EXPR,14,961,57,0,68.64285714285714
19016,SAURASHTRA E,62,958,183,1,15.451612903225806
19015,SAURASHTRA E,63,958,145,0,15.206349206349206
19215,SAURASHTRA E,63,958,145,0,15.206349206349206
15274,SATYAGRAH EX,45,956,142,0,21.244444444444444
15273,RXL-DLI SATY,45,955,159,0,21.22222222222222
12556,GORAKHDHAM E,15,953,97,3,63.53333333333333
12555,GORAKHDHAM E,15,952,101,1,63.46666666666667
11050,KOP-ADI EXPR,18,949,54,0,52.72222222222222
11049,ADI-KOP EXPR,18,949,65,0,52.72222222222222
22902,UDZ BDTS SUP,16,945,97,2,59.0625
12996,UDZ BDTS SF,19,945,100,1,49.73684210526316
22901,BDTS UDZ AII,16,944,88,3,59.0
12995,BDTS AII UDZ,19,944,89,2,49.68421052631579
11112,BLP-GWL SUSH,12,941,70,1,78.41666666666667
11111,GWL-BLP SUSH,12,939,87,1,78.25
12190,NZM-JBP MAHA,28,938,98,0,33.5
12189,JBP-NZM MAHA,29,937,105,0,32.310344827586206
12479,SURYA NAGRI,17,934,67,1,54.94117647058823
16525,CAPE-SBC EXP,46,934,97,0,20.304347826086957
12958,ADI SJ RAJDH,10,934,28,2,93.4
16526,KANYAKUMARI,49,934,90,0,19.06122448979592
12916,ASHRAM EXPRE,20,933,59,0,46.65
12480,SURYANAGARI,17,932,68,1,54.8235294117647
12957,SWARNA J RAJ,10,931,30,2,93.1
22966,BGKT BDTS SF,10,931,52,0,93.1
22874,VSKP-DGHA S/,16,930,66,1,58.125
22873,DGHA-VSKP S/,17,930,58,0,54.705882352941174
12915,ASHRAM EXPRE,20,930,61,0,46.5
22965,BDTS BGKT EX,10,929,55,0,92.9
18450,PNBE-PURI BA,27,926,108,1,34.2962962962963
18449,PURI-PNBE BA,27,926,130,1,34.2962962962963
12690,NCJ-MAS EXP,20,920,52,0,46.0
14660,JSM - DLI EX,39,919,164,1,23.564102564102566
22982,KOTA-HMH -KO,28,919,105,0,32.82142857142857
14659,DLI - JSM EX,39,919,133,0,23.564102564102566
22981,KOTA-HMH SUP,28,918,107,0,32.785714285714285
12689,MAS-NCJ EXP.,19,918,52,0,48.31578947368421
12696,TVC - MAS SU,21,916,48,0,43.61904761904762
12624,CHENNAI MAIL,22,916,50,0,41.63636363636363
12695,MAS - TVC SU,21,914,48,0,43.523809523809526
12623,TRIVANDRUM M,21,913,49,1,43.476190476190474
22992,VRL BDTS SF,12,910,56,1,75.83333333333333
22991,BDTS VRL SF,12,910,50,0,75.83333333333333
12134,MAJN-CSMT EX,14,909,32,1,64.92857142857143
12466,INTERCITY EX,29,906,107,0,31.24137931034483
12536,GARIB RATH,12,905,51,0,75.41666666666667
12465,RANTHAMBORE,29,905,105,0,31.20689655172414
22208,TVC-MAS AC E,11,904,30,0,82.18181818181819
17415,TPTY-KOP HAR,31,904,78,0,29.161290322580644
17416,KOP-TPTY HAR,32,903,81,0,28.21875
12133,CSMT-MAJN EX,14,903,28,1,64.5
12698,TVC-MAS EXP,14,903,38,0,64.5
12535,GARIB RATH,13,903,56,0,69.46153846153847
12697,MAS-TVC EXP.,14,901,34,0,64.35714285714286
22207,MAS-TVC AC E,11,901,25,1,81.9090909090909
12620,MATSYAGANDA,22,899,54,0,40.86363636363637
22638,WEST COAST E,32,898,72,0,28.0625
12854,BPL-DURG AMA,31,897,91,0,28.93548387096774
22445,CNB ASR SUPE,14,897,44,1,64.07142857142857
22446,ASR CNB EXPR,14,897,47,1,64.07142857142857
22637,WEST COAST E,31,896,75,0,28.903225806451612
12113,PUNE-NGP GAR,9,895,47,0,99.44444444444444
12135,PUNE-NGP EXP,18,895,65,0,49.72222222222222
12114,NGP-PUNE GAR,9,895,46,0,99.44444444444444
12136,NGP-PUNE EXP,18,895,64,0,49.72222222222222
18312,BSB-SBP BI-W,37,893,128,0,24.135135135135137
12619,MATSYAGANDHA,24,893,57,0,37.208333333333336
22123,PUNE-AJNI AC,10,892,41,0,89.2
22124,AJNI-PUNE-AC,10,892,44,1,89.2
18311,SBP-BSB BI-W,37,890,142,0,24.054054054054053
12853,DURG-BPL AMA,31,889,90,0,28.677419354838708
12122,M P S KRANTI,7,886,32,1,126.57142857142857
22182,NZM-JBP DAIL,15,886,47,0,59.06666666666667
12602,CHENNAI MAIL,33,885,79,0,26.818181818181817
58111,TATA - ITR P,102,885,317,3,8.676470588235293
12686,MAQ-MAS EXP.,18,885,55,0,49.166666666666664
22532,mathura - ch,22,884,106,1,40.18181818181818
12685,MAS-MAQ EXP.,18,883,52,0,49.05555555555556
22181,JBP-NZM DAIL,15,883,47,0,58.86666666666667
58112,ITR  TATA PA,109,883,304,1,8.100917431192661
12601,MANGALORE MA,31,883,73,0,28.483870967741936
12121,M P SMPRK KR,7,883,32,2,126.14285714285714
18204,CNB - DURG B,21,883,129,1,42.04761904761905
4831,JU HW SPL,22,882,133,2,40.09090909090909
22853,SHM - VSKP W,16,882,56,0,55.125
15050,GKP KKK  EXP,27,882,123,0,32.666666666666664
22989,BDTS MHV WEE,16,881,47,0,55.0625
22993,BDTS MHV SF,15,881,48,0,58.733333333333334
22994,MHV BDTS SF,15,881,48,0,58.733333333333334
22990,MHV BDTS SF,16,881,47,0,55.0625
4832,HW JU SPL,22,881,118,1,40.04545454545455
6541,YPR-PVR WEEK,14,881,36,0,62.92857142857143
22854,VSKP-SHM WEK,16,880,65,1,55.0
22531,chhapra-math,22,879,89,0,39.95454545454545
18203,DURG - CNB B,20,879,89,0,43.95
12334,VIBHUTI EXPR,31,879,102,0,28.35483870967742
15049,KKK-GKP EXP,27,879,116,1,32.55555555555556
6542,PVR-YPR WEEK,14,878,55,0,62.714285714285715
12333,VIBHUTI EXPR,31,878,101,0,28.322580645161292
22428,ANVT-BUI SUF,11,876,68,2,79.63636363636364
22427,BUI-ANVT SUF,11,876,68,2,79.63636363636364
17058,SC-CSMT DEVA,29,875,70,0,30.17241379310345
15052,GKP KKKEXPRE,23,875,88,0,38.04347826086956
14218,UNCHAHAR EXP,40,875,133,0,21.875
17057,CSMT-SC DEVA,30,875,74,0,29.166666666666668
14217,UNCHAHAR EXP,41,875,138,1,21.341463414634145
15051,KKK GKP EXPR,22,873,87,0,39.68181818181818
13134,BSB SDAH EXP,84,871,244,0,10.369047619047619
13133,SDAH  BSB EX,82,871,207,0,10.621951219512194
12547,AF-ADI SUPER,12,866,44,0,72.16666666666667
15028,MAURYA EXPRE,50,864,190,0,17.28
12548,ADI-AF SUPER,12,864,44,0,72.0
20816,VSKP-TATA WE,24,862,67,0,35.916666666666664
20815,TATA-VSKP WE,24,862,58,0,35.916666666666664
16857,PDY-MAQ WKLY,19,861,66,0,45.31578947368421
16858,MAQ-PDY WKLY,19,861,71,0,45.31578947368421
13510,GD-ASN WKLY,22,861,161,1,39.13636363636363
13509,ASANSOL-GOND,24,859,180,2,35.791666666666664
15027,MAURYA EXP,50,859,191,1,17.18
15048,PURVANCHAL E,19,858,82,0,45.1578947368421
16723,MS-QLN ANANT,31,858,65,0,27.677419354838708
16724,QLN-MS ANANT,32,858,74,0,26.8125
6050,QLN-MS  SPL,20,857,53,0,42.85
15047,PURBANCHAL E,19,855,82,0,45.0
6049,MS-QLN SPL F,19,855,49,0,45.0
22951,GANDHIDHAM E,15,853,55,0,56.86666666666667
22952,BANDRA T EXP,15,853,54,0,56.86666666666667
6048,QLN- MAS SPL,20,852,54,0,42.6
6044,QLN-MAS  SPL,19,852,49,0,44.8421052631579
6046,QLN-MAS SPEC,19,852,51,0,44.8421052631579
6042,QLN-MAS SPEC,20,851,56,0,42.55
6043,MAS-QLN SPL,18,849,61,0,47.166666666666664
6041,MAS-QLN SPEC,19,849,58,0,44.68421052631579
6047,MAS-QLN SPL,19,849,52,0,44.68421052631579
82635,MAS-QLN SUVI,18,849,61,0,47.166666666666664
19613,AJMER ASR EX,26,847,119,1,32.57692307692308
19614,ASR AII EXP,26,847,152,1,32.57692307692308
22678,KCVL-YPR A/C,13,845,40,1,65.0
14266,DDN BSB EXPR,51,845,160,1,16.568627450980394
14265,BSB DDN EXP,49,845,179,1,17.244897959183675
12428,ANVT-REWA EX,13,844,47,1,64.92307692307692
22677,YPR-KCVL A/C,13,844,37,1,64.92307692307692
12427,REWA-ANVT EX,12,844,48,1,70.33333333333333
19115,DDR BHUJ EXP,29,843,96,0,29.06896551724138
19116,BHUJ DDR EXP,29,843,95,0,29.06896551724138
1011,CSMT-NGP SF,18,841,50,0,46.72222222222222
12289,CSMT-NGP DUR,4,841,10,2,210.25
12290,NGP-CSMT DUR,4,841,10,2,210.25
12140,SEWAGRAM EXP,33,841,106,0,25.484848484848484
12139,SEWAGRAM EXP,33,841,90,0,25.484848484848484
22904,BDTS AC S F,8,838,57,3,104.75
22903,BHUJ AC S F,8,838,60,2,104.75
22956,KUTCH EXPRES,22,838,91,0,38.09090909090909
22955,KUTCH EXPRES,22,838,89,0,38.09090909090909
16565,YPR-MAQ EXPR,20,833,62,0,41.65
16566,MAQ-YPR EXPR,20,833,60,0,41.65
12227,INDORE DURON,5,831,23,2,166.2
12228,MUMBAI DURON,5,831,20,2,166.2
12962,INDB - BCT A,19,831,59,0,43.73684210526316
12961,AVANTIKA EXP,19,831,59,0,43.73684210526316
16316,KCVL-SBC EXP,22,830,53,0,37.72727272727273
22698,MAS- HUBLI E,17,829,50,0,48.76470588235294
12572,ANVT-GKP HAM,9,829,27,1,92.11111111111111
16315,SBC-KCVL EXP,22,829,52,0,37.68181818181818
22697,UBL CHENNAI,18,828,62,1,46.0
17651,CGL-KCG EXP,21,825,62,0,39.285714285714285
17652,KCG-CGL  EXP,23,824,63,0,35.82608695652174
22434,ANVT-GCT EXP,10,824,38,1,82.4
15026,ANVR-MAU-EXP,11,823,85,3,74.81818181818181
11703,REWA-DADN  E,20,823,79,0,41.15
15025,MAU-ANVT EXP,11,823,76,3,74.81818181818181
22433,GCT-ANVT EXP,11,822,47,1,74.72727272727273
11704,INDB-REWA EX,20,821,81,0,41.05
12153,LTT-HBJ EXPR,10,820,34,1,82.0
12154,HBJ-LTT EXPR,10,820,35,1,82.0
12416,INTERCITY  E,22,817,82,0,37.13636363636363
16780,RMM-TPTY TRI,23,817,51,0,35.52173913043478
16779,TPTY-RMM TRI,23,816,50,0,35.47826086956522
12415,IND NZM EXPR,23,815,82,0,35.43478260869565
15006,DDN GKP EXP,16,814,75,0,50.875
15005,GKP DDN EXPR,16,813,63,0,50.8125
11406,AMRAVAI-PUNE,18,812,75,0,45.111111111111114
11405,PUNE-AMRAVAT,18,811,70,0,45.05555555555556
18425,PURI-DURG EX,28,810,136,1,28.928571428571427
22419,GCT-ANVT SUH,12,809,71,2,67.41666666666667
22420,ANVT-GCT SUH,12,809,64,2,67.41666666666667
19218,SAU JANATA E,33,807,101,0,24.454545454545453
19217,SAU JANATA E,30,807,92,0,26.9
22801,VSKP MAS WEE,16,804,34,0,50.25
18426,DURG - PURI,28,803,141,2,28.678571428571427
12257,YPR-KCVL EXP,19,798,40,0,42.0
12760,HYB-MAS CHAR,17,798,33,0,46.94117647058823
12258,KCVL-YPR EXP,19,797,48,0,41.94736842105263
12759,MAS-HYB CHAR,17,797,37,0,46.88235294117647
17322,LTT-UBL WEEK,13,797,61,1,61.30769230769231
16589,RANI CHENAMM,30,797,75,0,26.566666666666666
18117,ROU-GNPR RAJ,26,796,74,0,30.615384615384617
12226,KAIFIAT EXP,15,796,70,1,53.06666666666667
18118,GNPR-ROU RAJ,26,796,97,1,30.615384615384617
16855,PDY MAQ WEEK,23,796,83,0,34.608695652173914
17321,UBL-LTT WEEK,12,796,48,0,66.33333333333333
12225,KAIFIAT EXP,15,795,76,2,53.0
16856,MAQ PDY  EXP,23,795,85,0,34.56521739130435
16590,RANI CHENAMM,30,794,63,0,26.466666666666665
17032,HYB-CSMT MUM,26,793,57,0,30.5
12702,HYB-CSMT HUS,17,793,41,0,46.64705882352941
14257,K V EXP,32,793,78,0,24.78125
14258,KASHI V EXPR,34,793,91,0,23.323529411764707
19711,JP BPL EXP,34,792,113,1,23.294117647058822
19712,BPL JAIPUR E,34,792,121,0,23.294117647058822
17031,MUMBAI CSMT-,26,791,60,0,30.423076923076923
12701,CSMT-HYB HUS,16,791,41,0,49.4375
12455,DEE- BKN EXP,21,790,64,0,37.61904761904762
12456,BKN-DEE  EXP,21,790,75,0,37.61904761904762
12732,SC-TPTY EXP,16,790,25,0,49.375
12731,TPTY-SC EXP,16,790,29,0,49.375
22935,BDTS PIT  SF,12,787,44,0,65.58333333333333
22936,PIT BDTS SF,12,787,50,0,65.58333333333333
13138,AMH-BP WEEKL,22,786,93,0,35.72727272727273
13137,KOAA-AMH WKL,22,785,81,0,35.68181818181818
18447,BBS-JDB HIRA,41,784,139,0,19.121951219512194
18448,JDB-BBS HIRA,41,784,178,2,19.121951219512194
22136,REWA-NGP EXP,16,780,52,0,48.75
22964,BVC BDTS SF,18,780,51,0,43.333333333333336
22135,NGP-REWA EXP,16,780,53,0,48.75
22408,ANVT-BSB GAR,9,780,37,1,86.66666666666667
22407,BSB-ANVT GAR,9,780,37,1,86.66666666666667
22870,MAS-VSKP S/F,13,780,36,0,60.0
9434,GIMB BDTS WE,14,780,46,0,55.714285714285715
9433,BDTS GIMB WE,14,780,57,1,55.714285714285715
22869,VSKP-MAS S/F,13,780,26,0,60.0
22963,BDTS BVC SF,18,780,58,0,43.333333333333336
12971,BHAVNAGAR EX,20,778,57,0,38.9
17419,TPTY-VSG,31,778,85,0,25.096774193548388
12972,BVC BDTS EXP,20,778,53,0,38.9
17420,VSG-TPTY,26,777,117,1,29.884615384615383
16235,TN-MYS EXP,35,775,74,0,22.142857142857142
16105,MS - TCN EXP,29,775,71,0,26.724137931034484
12219,LTT-SC AC DU,4,774,8,2,193.5
12220,SC-LTT AC DU,4,774,8,2,193.5
16106,TCN - MS EXP,29,774,60,0,26.689655172413794
14512,NAUCHANDI EX,28,773,158,2,27.607142857142858
14511,NAUCHANDI EX,29,773,116,1,26.655172413793103
15722,PAHARIA EXPR,18,773,68,1,42.94444444444444
17002,SC-SNSI EXP,25,771,91,1,30.84
17001,SNSI-SC EXP,25,771,61,0,30.84
51422,NZB-PUNE PAS,76,769,127,0,10.118421052631579
51421,PUNE-NZB PAS,83,769,117,0,9.265060240963855
22417,MAHAMANA EXP,9,768,34,1,85.33333333333333
12207,KGM-JAT GARI,16,768,68,0,48.0
12208,JAT-KGM GARI,16,768,90,0,48.0
17211,MTM-YPR  KON,21,768,48,0,36.57142857142857
17212,YPR-MTM KOND,21,768,46,0,36.57142857142857
22418,MAHAMANA EXP,9,768,28,1,85.33333333333333
7146,TPTY-KCG,16,763,33,0,47.6875
12596,ANVT-GKP HAM,6,761,21,1,126.83333333333333
8573,VSKP-TPTY WE,15,760,34,0,50.666666666666664
17644,COA-CGL CIRC,36,760,84,0,21.11111111111111
12595,GKP-ANVT HAM,6,760,21,1,126.66666666666667
22707,VSKP-TPTY WK,18,760,40,0,42.22222222222222
17643,CGL-COA CIRC,36,759,84,0,21.083333333333332
8574,TPTY-VSKP SP,15,759,44,0,50.6
22708,TPTY-VSKP TR,18,759,35,0,42.166666666666664
22324,GCT KOAA WEE,9,758,80,1,84.22222222222223
22323,KOAA GCT SHA,9,757,64,1,84.11111111111111
22640,CHENNAI EXPR,26,755,51,0,29.03846153846154
12184,PBH-BPL SUF,11,754,46,0,68.54545454545455
12183,BPL-PBH SUF,11,754,50,0,68.54545454545455
22639,ALLEPPEY EXP,25,753,45,0,30.12
15721,PAHARIA EXPR,18,752,89,1,41.77777777777778
19056,JU BL EXPRES,18,751,76,0,41.72222222222222
14717,BKN HW EXP,14,751,111,1,53.642857142857146
11701,JBP-INDB INT,16,751,45,0,46.9375
14718,HW BKN EXP,14,751,116,2,53.642857142857146
11702,INDB-JBP INT,16,751,45,0,46.9375
19055,BL JODHPUR E,18,750,83,0,41.666666666666664
15058,ANVT-GKP EXP,8,749,32,1,93.625
56504,BZA-YPR  PAS,79,749,121,0,9.481012658227849
15057,GKP-ANVT-EXP,8,748,32,1,93.5
56503,YPR-BZA  PAS,78,747,130,0,9.576923076923077
12872,TIG-HWH ISPA,31,746,87,0,24.06451612903226
12581,MUV-NDLS-SUP,6,745,34,2,124.16666666666667
12560,SHIVGANGA,4,745,30,2,186.25
12559,SHIV GANGA E,4,745,33,2,186.25
12582,NDLS-MUV-SUP,6,745,39,2,124.16666666666667
12871,HWH-TIG ISPA,31,745,89,0,24.032258064516128
12763,TPTY-SC PADM,19,744,37,0,39.1578947368421
7430,TPTY-SC,11,744,26,0,67.63636363636364
12764,SC-TPTY PADM,19,743,31,0,39.10526315789474
7429,SC-TPTY,11,742,26,0,67.45454545454545
13122,GCT KOAA EXP,16,741,51,0,46.3125
13121,KOAA GCT EXP,16,740,63,0,46.25
24370,TRIVENI EXP,38,740,117,0,19.473684210526315
24369,TRIVENI EXPR,38,740,149,2,19.473684210526315
12633,MS-CAPE EXP.,17,738,42,0,43.411764705882355
12634,CAPE-MS EXP.,18,737,48,0,40.94444444444444
11272,VINDHYACHAL,47,737,139,1,15.680851063829786
17488,VSKP-TPTY TI,33,736,52,0,22.303030303030305
7487,TPTY-VSKP,11,735,35,1,66.81818181818181
14801,JU INDB EXP,41,735,138,0,17.926829268292682
17487,TPTY-VSKP TI,36,735,61,0,20.416666666666668
7044,VSKP HSP,11,735,29,0,66.81818181818181
12963,MEWAR EXPRES,18,735,65,0,40.833333333333336
13149,KANCHAN KANY,25,734,87,0,29.36
13150,KANCHAN KANY,25,734,78,0,29.36
12964,MEWAR EXPRES,18,733,59,0,40.72222222222222
17317,UBL-LT(T) EX,16,732,42,0,45.75
17318,LT(T)-UBL EX,16,731,35,0,45.6875
22117,PUNE-AMI AC,10,730,43,0,73.0
17641,KCG-NRKR,32,730,84,0,22.8125
17642,NRKR-KCG,32,730,71,0,22.8125
22118,AMI-PUNE AC,10,730,40,0,73.0
18518,VSKP-KORBA E,31,727,130,0,23.451612903225808
10216,ERS-MAO SPL,13,727,40,0,55.92307692307692
10215,MAO-ERS,13,726,40,0,55.84615384615385
18517,KORBA-VSKP E,31,726,125,0,23.419354838709676
12159,AMI- JBP SUF,20,725,52,0,36.25
12831,BKSC-BBS GAR,12,725,63,1,60.416666666666664
12160,JBP-AMI  SUF,20,725,78,1,36.25
14116,HW ALD EXP,15,724,60,0,48.266666666666666
14115,ALD HW EXP,15,724,68,0,48.266666666666666
11012,NED-LTT  EXP,16,723,83,0,45.1875
11011,LTT-NED EXPR,16,723,68,0,45.1875
12832,BBS-BKSC GAR,12,722,53,0,60.166666666666664
14369,TRIVENI EXPR,36,722,146,2,20.055555555555557
14370,TRIVENI EXP,36,722,113,0,20.055555555555557
12668,NCJ-MS EXP.,11,722,33,0,65.63636363636364
12667,MS-NCJ EXP.,11,722,36,0,65.63636363636364
18236,BSP-BPL PASS,67,721,212,1,10.761194029850746
18235,BPL-BSP EXP,67,720,206,0,10.746268656716419
12728,HYB-VSKP GOD,21,719,42,0,34.23809523809524
12727,VSKP-HYB GOD,21,718,44,0,34.19047619047619
53042,JYG-HWH PASS,107,718,228,0,6.710280373831775
12377,PADATIK EXP,10,718,35,0,71.8
12378,PADATIK EXP,10,718,35,0,71.8
53041,HWH- JYG PAS,118,718,288,2,6.084745762711864
13142,TEESTA TORSH,34,716,141,1,21.058823529411764
12604,CHENNAI EXP,21,716,42,0,34.095238095238095
13141,TEESTA TORSH,34,716,143,0,21.058823529411764
12984,CDG AII G RA,15,715,55,0,47.666666666666664
12983,AII CDG G RA,15,715,53,0,47.666666666666664
12603,HYDERABAD EX,22,715,47,0,32.5
12761,TPTY-KRMR  E,12,712,22,1,59.333333333333336
12770,SC-TPTY  SEV,17,711,23,0,41.8235294117647
12769,TPTY-SC  SEV,17,711,25,0,41.8235294117647
12762,KRMR-TPTY EX,12,710,35,1,59.166666666666664
4401,ANVT-UHP EXP,13,710,61,0,54.61538461538461
4402,UHP-ANVT EXP,13,710,61,0,54.61538461538461
12783,VSKP-SC SUF,15,710,29,0,47.333333333333336
12740,SC-VSKP GARI,12,708,29,0,59.0
22204,SC-VSKP AC,3,708,15,2,236.0
12784,SC-VSKP AC W,15,708,35,0,47.2
22203,VSKP-SCAC DU,3,708,20,2,236.0
12739,VSKP-SC GARI,12,708,29,0,59.0
12798,CTO-KCG VENK,24,707,36,0,29.458333333333332
12797,KCG-CTO VENK,22,707,34,0,32.13636363636363
16649,MAQ-NCJ PARA,52,703,95,0,13.51923076923077
16650,NCJ-MAQ PARA,50,702,97,0,14.04
8501,VSKP SC WEEK,13,700,30,0,53.84615384615385
12467,LEELAN EXP,22,700,120,2,31.818181818181817
6006,ERS-MAS SPL,14,699,42,0,49.92857142857143
11205,LTT-NZB EXPR,20,699,48,0,34.95
12468,LEELAN EXP,22,699,82,0,31.772727272727273
16861,PDY-CAPE WKL,23,699,48,0,30.391304347826086
11206,NZB-LTT WEEK,20,699,45,0,34.95
13044,RXL HWH EXPR,19,698,82,0,36.73684210526316
15012,LJN SRE EXP,20,698,78,0,34.9
16862,CAPE-PDY WKL,23,698,57,0,30.347826086956523
8502,SC VSKP SPEC,13,698,50,1,53.69230769230769
15011,LJN-SRE EXP,20,698,95,0,34.9
13043,HWH RXL EXPR,19,697,67,0,36.68421052631579
82631,MAS-ERS SUVI,13,695,35,0,53.46153846153846
17225,BZA-UBL AMAR,26,693,53,0,26.653846153846153
56501,BZA-UBL  PAS,66,693,147,1,10.5
13022,MITHILA EXPR,42,692,173,0,16.476190476190474
13147,UTTAR BANGA,24,692,85,0,28.833333333333332
13148,UTTAR BANGA,24,692,78,0,28.833333333333332
56502,UBL-BZA  PAS,68,691,118,0,10.161764705882353
13021,MITHILA EXPR,42,691,161,0,16.452380952380953
59812,JAB-KOTA-RTM,71,691,160,0,9.732394366197184
4735,BKN - HW EXP,17,691,60,0,40.64705882352941
16605,ERNAD EXPRES,41,691,82,0,16.853658536585368
4736,HW - BKN EXP,17,691,56,0,40.64705882352941
17226,UBL-BZA AMAR,26,691,43,0,26.576923076923077
12002,NDLS - BPL S,10,690,28,0,69.0
12806,SC-VSKP JANM,21,689,54,0,32.80952380952381
16606,NCJ- MAQ EXP,41,689,86,0,16.804878048780488
12805,VSKP-SC JANM,21,688,42,0,32.76190476190476
12001,BPL - NDLS S,10,688,27,0,68.8
59811,HALDIGHATI P,71,688,155,1,9.690140845070422
18192,CPA-CPR EXP,31,687,140,1,22.161290322580644
16571,YPR-BIDR EXP,18,687,34,0,38.166666666666664
16572,BIDR-YPR EXP,18,687,40,0,38.166666666666664
12735,SC-YPR GARIB,11,686,16,0,62.36363636363637
18452,PURI-HTE TAP,25,686,102,0,27.44
18451,HTE-PURI TAP,24,686,99,0,28.583333333333332
12736,YPR-SC GARIB,11,686,18,0,62.36363636363637
18191,CHHAPRA-CPA,33,685,128,1,20.757575757575758
12156,SHAN-E- BHOP,10,683,28,0,68.3
16182,SCT-MS SILAM,27,682,51,0,25.25925925925926
16181,MS-SCT SILAM,26,682,51,0,26.23076923076923
12155,SHAN-E-BPL E,10,681,31,0,68.1
13106,BUI SDAH EXP,30,681,132,0,22.7
13105,SDAH BUI EXP,30,680,129,0,22.666666666666668
12448,U P S KRANTI,12,679,71,1,56.583333333333336
16231,MV-MYSORE  E,24,676,64,0,28.166666666666668
16232,MAYILADUTARA,25,676,91,1,27.04
12112,AMI-CSMT SF,14,676,46,1,48.285714285714285
12447,U S KRANTI E,12,676,73,0,56.333333333333336
12111,CSMT-AMI SF,14,676,46,1,48.285714285714285
19715,JP LJN EXP,17,675,76,1,39.705882352941174
19716,LJN JP EXP,17,674,79,0,39.64705882352941
15204,LUCKNOW-BARA,37,674,119,0,18.216216216216218
12982,CHETAK EXP,21,672,68,0,32.0
12981,CHETAK EXP,21,672,68,0,32.0
22652,PGT-MAS SF E,20,671,59,0,33.55
7016,KCG-VSKP,18,670,42,0,37.22222222222222
15203,BARAUNI LUCK,37,670,112,0,18.10810810810811
17235,SBC-NCJ EXP,16,669,36,0,41.8125
22651,MAS-PGT  EXP,19,669,70,1,35.21052631578947
16591,UBL-MYS HAMP,30,668,80,0,22.266666666666666
82665,YPR-VSG SUVI,15,668,13,0,44.53333333333333
17236,NCJ-SBC EXP,16,668,30,0,41.75
16592,MYS-UBL HAMP,30,668,62,0,22.266666666666666
22144,BIDAR-CSMT E,17,667,40,0,39.23529411764706
17614,NED-PNVL EXP,14,667,58,0,47.642857142857146
17613,PNVL-NED EXP,13,667,72,0,51.30769230769231
22143,CSMT-BIDAR E,17,667,43,0,39.23529411764706
16515,YPR-MAQ EXPR,22,667,80,1,30.318181818181817
12661,MS-SCT POTHI,18,665,33,0,36.94444444444444
18212,JDB - DURG E,15,665,96,1,44.333333333333336
12662,SCT-MS POTHI,18,665,35,0,36.94444444444444
17309,YPR VASCO EX,18,665,43,0,36.94444444444444
16101,MS-RMM EXP,24,664,46,0,27.666666666666668
22803,HWH-SBP S/F,11,664,31,0,60.36363636363637
16102,RMM MS EXP,25,664,43,0,26.56
22804,SBP-HWH S/F,11,663,42,1,60.27272727272727
82666,VSG-YPR SUVI,15,663,13,0,44.2
17310,YPR VASCO EX,18,662,51,0,36.77777777777778
14615,LKU-ASR EXPR,18,661,121,2,36.72222222222222
54703,ABS JU PASSE,60,661,226,1,11.016666666666667
17320,SC-UBL EXPRE,22,661,53,0,30.045454545454547
12733,TPTY-SC NARA,23,661,45,0,28.73913043478261
12734,SC-TPTY NARA,23,661,42,0,28.73913043478261
14616,ASR-LKU EXPR,18,661,109,1,36.72222222222222
17319,UBL-SC EXPRE,22,660,61,0,30.0
18211,DURG - JDB E,15,660,96,1,44.0
13418,MLDT-DIGHA,16,660,92,0,41.25
14207,PADMAVAT EXP,16,659,57,0,41.1875
14208,PADMAVAT EXP,16,659,53,0,41.1875
13417,DIGHA-MLDT W,16,659,78,0,41.1875
13024,GAYA HOWRAH,33,658,102,0,19.939393939393938
12729,PUNE-NED EXP,13,658,41,0,50.61538461538461
12730,NED-PUNE EXP,13,658,38,0,50.61538461538461
13023,HOWRAH GAYA,33,658,98,0,19.939393939393938
22165,BPL-SGRL SF,11,656,28,0,59.63636363636363
16527,YPR CAN EXP,18,655,45,0,36.388888888888886
22166,SGRL-BPL SF,11,655,29,0,59.54545454545455
22462,SHRI SHAKTI,8,654,40,1,81.75
12446,UTTAR SMPRK,11,654,39,0,59.45454545454545
12445,UTTAR SMPRK,11,654,41,0,59.45454545454545
16528,CAN-YPR EXP,18,654,45,0,36.333333333333336
22461,SHRI SHAKTI,8,654,44,1,81.75
14034,JAMMU MAIL,30,653,86,0,21.766666666666666
14033,JAMMU MAIL,32,653,80,0,20.40625
53043,HWH-RGD PASS,83,653,200,1,7.867469879518072
4410,SVDK-DLI SPL,7,653,50,1,93.28571428571429
53044,RGD-HWH PASS,73,653,214,1,8.945205479452055
17603,KCG-YPR EXP,18,653,71,1,36.27777777777778
4409,DLI-SVDK SPL,7,653,50,0,93.28571428571429
12693,MS-TN PEARL,22,652,43,0,29.636363636363637
17604,YPR-KCG EXP,18,652,54,0,36.22222222222222
12694,TN-MS PEARL,22,651,46,0,29.59090909090909
12709,GDR-SC SIMHA,17,651,31,0,38.294117647058826
11076,BIDR-LTT EXP,13,651,48,0,50.07692307692308
11075,LTT-BIDR EXP,13,651,41,0,50.07692307692308
12913,TRISHATABDI,14,650,51,0,46.42857142857143
12710,SC-GDR SIMHA,17,650,29,0,38.23529411764706
12914,TRISHATABDI,14,650,42,0,46.42857142857143
82601,MS TEN SUVID,11,649,35,0,59.0
16516,KAWR--YPR EX,22,649,70,1,29.5
6001,MS-TEN SPECI,14,649,38,0,46.357142857142854
6002,TEN - MS SPE,15,649,51,0,43.266666666666666
12631,MS-TEN NELLA,15,649,31,0,43.266666666666666
12632,TEN-MS NELLA,16,649,34,0,40.5625
82606,TEN-MS SUVD,15,649,56,0,43.266666666666666
22134,YPR-SUR EXP,13,644,25,0,49.53846153846154
22133,SUR-YPR EXP,13,644,37,0,49.53846153846154
18108,KORAPUT ROU,13,644,67,1,49.53846153846154
18107,ROU-KORAPUT,13,644,72,0,49.53846153846154
12232,CDG - LKO EX,16,644,54,0,40.25
12231,LKO - CDG EX,16,644,62,0,40.25
13508,GKP-ASN WKLY,15,643,70,0,42.86666666666667
21125,INDORE BHIND,17,643,76,0,37.8235294117647
21126,BIX - INDB E,17,643,90,1,37.8235294117647
51188,KTE BSL PASS,71,642,137,0,9.04225352112676
51187,BSL KTE PASS,71,642,155,0,9.04225352112676
13507,ASANSOL-GORA,15,641,69,0,42.733333333333334
18606,JYG RNC TRI,17,640,86,1,37.64705882352941
17014,HYB-PUNE EXP,15,640,47,0,42.666666666666664
14645,SHALIMAR EXP,29,639,80,0,22.03448275862069
14646,SHALIMAR EXP,28,639,81,0,22.821428571428573
17013,PUNE-HYB EXP,15,639,41,0,42.6
18605,RNC JYG TRI,17,637,84,0,37.470588235294116
14610,HEMKUNT EXP,22,635,142,2,28.863636363636363
14609,HEMKUNT EXP,22,635,104,1,28.863636363636363
6548,ERS-YPR WEEK,13,634,33,0,48.76923076923077
16348,MAQ-TVC EXPR,49,632,89,0,12.89795918367347
12946,SURAT EXPRES,14,632,68,1,45.142857142857146
16630,MALABAR EXPR,54,632,91,0,11.703703703703704
6547,YPR-ERS WEEK,14,632,39,0,45.142857142857146
16629,MALABAR EXP,54,631,105,0,11.685185185185185
22401,DEE-UHP AC E,8,630,31,0,78.75
22402,UHP-DEE AC E,8,630,32,0,78.75
16347,TVC-MAQ EXPR,50,630,92,0,12.6
12275,ALD-NDLS-DUR,2,629,0,1,314.5
11107,BUNDELKHAND,31,629,79,0,20.29032258064516
18182,CPR-TATA EXP,37,629,155,1,17.0
18181,TATA-CPR EXP,37,629,168,1,17.0
11108,BUNDELKHAND,37,629,97,0,17.0
14164,SANGAM EXP,24,629,85,0,26.208333333333332
12276,NDLS-ALD-DUR,2,629,0,1,314.5
14163,SANGAM EXPRE,30,629,93,0,20.966666666666665
14014,SADBHAWANA E,15,627,50,0,41.8
6054,MAJN-KCVL S/,14,627,54,0,44.785714285714285
14013,SADBHAWANA E,15,627,55,0,41.8
13186,JYG-SDAH GAN,21,626,97,1,29.80952380952381
6053,KCVL-MAJN S/,14,626,36,0,44.714285714285715
13185,GANGA SAGAR,22,625,105,1,28.40909090909091
7604,KJM-KCG HSP,14,624,30,0,44.57142857142857
12418,PRAYAG RAJ E,7,624,17,1,89.14285714285714
12417,PRAYAG RAJ E,6,624,18,1,104.0
7603,KCG-KJM HSP,14,624,23,0,44.57142857142857
22422,BGKT DEE SF,22,624,75,0,28.363636363636363
57561,MMR PASS,88,623,110,0,7.079545454545454
12785,KCG-SBC EXP,17,623,28,0,36.64705882352941
12786,SBC-KCG EXP,16,623,23,0,38.9375
11095,AHIMSA EXPRE,17,623,65,0,36.64705882352941
12297,ADI-PUNE DUR,4,623,7,1,155.75
22421,DEE BGKT SF,22,623,78,0,28.318181818181817
57326,KCG PASS,79,622,121,0,7.8734177215189876
57305,KCG-GNT PASS,78,622,108,0,7.9743589743589745
57325,GNT PASS,77,622,109,0,8.077922077922079
11096,AHIMSA EXPRE,16,622,38,0,38.875
57306,GNT-KCG PASS,56,622,106,1,11.107142857142858
12298,PUNE-ADI DOR,4,622,7,1,155.5
12363,KOAA HDB SF,11,621,33,0,56.45454545454545
54806,JP ADI PASSN,81,621,201,2,7.666666666666667
16603,MAVELI EXPRE,32,620,71,0,19.375
57562,MMR-KCG- PAS,87,620,104,0,7.126436781609195
12364,HDB KOA SF E,11,620,38,0,56.36363636363637
22481,JU DEE SF EX,19,620,60,0,32.63157894736842
17216,DMM-BZA TRI-,16,619,42,0,38.6875
22482,DEE JU SF EX,19,619,76,0,32.578947368421055
12462,MANDOR EXPRE,16,619,42,0,38.6875
16604,TVC-MAQ MAVE,31,619,68,0,19.967741935483872
17215,BZA-DMM TRI-,16,619,43,0,38.6875
13136,JYG KOAA  EX,17,619,90,0,36.411764705882355
13155,MITHILANCHAL,19,618,111,1,32.526315789473685
13166,SITAMARI-KOL,15,618,71,0,41.2
13135,KOAA JYG EXP,17,618,94,0,36.35294117647059
54805,JAIPUR PASSE,86,618,277,3,7.186046511627907
13156,MITHILANCHAL,19,618,103,0,32.526315789473685
12461,MANDOR EXPRE,18,618,46,0,34.333333333333336
12683,ERS-SBC EXP,14,617,32,0,44.07142857142857
22607,BANGALORE SF,14,617,31,0,44.07142857142857
22608,ERNAKULAM SF,14,616,30,0,44.0
12684,SBC-ERS EXP,14,616,30,0,44.0
12464,RJSTHN S KRN,8,615,50,1,76.875
17063,MMR-SC AJANT,23,615,44,0,26.73913043478261
17064,SC-MMR AJANT,23,615,43,0,26.73913043478261
14206,DLI-FD EXPRE,11,614,38,1,55.81818181818182
12463,RAJSTHN S KR,8,614,31,0,76.75
14205,FD-DLI EXP,11,614,33,0,55.81818181818182
16569,YPR-KCG TRI,15,611,30,0,40.733333333333334
51189,ET ALD PASS,64,610,300,1,9.53125
16344,MDU-TVC AMRI,22,610,73,0,27.727272727272727
16343,TVC-MDU AMRI,22,609,68,0,27.681818181818183
17326,MYS-UBL DAIL,25,609,38,0,24.36
51190,ALD ET PASS,64,609,152,0,9.515625
6581,YPR-BGM TATK,85,607,83,0,7.141176470588236
17325,UBL-MYS DAIL,25,607,41,0,24.28
12924,NGP INDORE E,12,606,24,0,50.5
12923,INDB NAGPUR,12,606,27,0,50.5
13165,KOLKATA-SITA,15,606,56,0,40.4
14724,KALINDI EXPR,30,605,144,1,20.166666666666668
17617,CSMT-NED TAP,20,604,44,0,30.2
17618,NED-CSMT TAP,20,604,46,0,30.2
14723,KALINDI EXPR,31,604,142,1,19.483870967741936
22112,NGP-BSL INTE,20,604,44,0,30.2
15967,RNY-DBRG EXP,31,604,112,1,19.483870967741936
6582,BGM-YPR TATK,85,604,83,0,7.105882352941176
15968,DBRG - RNY S,31,603,87,0,19.451612903225808
57258,COA-TPTY PAS,90,603,163,2,6.7
22111,BSL-NGP INTE,20,603,50,0,30.15
57257,TPTY-COA PAS,92,602,168,1,6.543478260869565
54704,JU BTI PASEN,56,601,137,0,10.732142857142858
16570,KCG-YPR TRI,15,599,27,0,39.93333333333333
12776,SC-CCT COCAN,11,598,26,0,54.36363636363637
12026,SC-PUNE SHAT,8,598,13,1,74.75
12025,PUNE-SC SHAT,8,598,12,1,74.75
12775,CCT-SC COCAN,11,598,28,0,54.36363636363637
7644,tpty spl,11,597,26,0,54.27272727272727
7431,CCT-TPTY,13,597,30,0,45.92307692307692
7432,TPTY-CCT,14,597,35,0,42.642857142857146
7942,TPTY-COASPL,13,597,35,0,45.92307692307692
15927,RNY - NTSK E,27,595,105,1,22.037037037037038
15928,NTSK - RNY E,27,595,81,0,22.037037037037038
10112,KONKAN KANYA,20,594,31,0,29.7
10104,MANDOVI EXPR,20,594,30,0,29.7
12974,JP INDB SF E,8,593,59,1,74.125
12973,INDB JP SF E,8,593,59,1,74.125
22661,MS-RMM SUPER,19,592,45,0,31.157894736842106
22662,RMM-MS SUPER,20,592,45,0,29.6
16188,ERS-KIK EXP,27,592,70,0,21.925925925925927
16187,KIK-ERSEXP,29,591,75,0,20.379310344827587
10103,MANDOVI EXPR,20,590,31,0,29.5
10111,KONKAN KANYA,20,590,32,0,29.5
15417,APDJ-SHTT RA,26,589,179,2,22.653846153846153
15418,SHTT-APDJ RA,26,589,129,2,22.653846153846153
13164,HATE BAZARE,33,589,111,1,17.848484848484848
13163,HATEBAZARE E,33,589,118,1,17.848484848484848
7941,CCT-TPTY HSP,12,587,33,0,48.916666666666664
12771,SC-NGP  EXP,14,587,26,0,41.92857142857143
7645,RU-CCT,10,587,24,0,58.7
12772,NGP-SC EXP,14,586,24,0,41.857142857142854
59356,MTJ RATLAM P,65,585,83,0,9.0
59355,RATLAM MTJ P,65,585,89,0,9.0
12052,MAO-DR JAN S,9,585,17,0,65.0
15205,CHITRAKOOT E,28,585,108,0,20.892857142857142
15206,CHITRAKOOT E,27,585,106,1,21.666666666666668
57550,AWB-HYB PASS,57,583,109,0,10.228070175438596
57549,HYB-AWB PASS,59,583,94,0,9.88135593220339
12678,ERS-SBC INTE,14,582,37,0,41.57142857142857
12594,BPL-LJN-EXP,6,581,22,0,96.83333333333333
12593,LJN-BPL-EXP,6,581,29,1,96.83333333333333
12051,JAN SHATABDI,9,581,17,0,64.55555555555556
12677,SBC-ERS INTE,14,581,32,0,41.5
57516,NED-DD PASS,58,581,94,0,10.017241379310345
57515,DD-NED PASS,57,581,93,0,10.192982456140351
16517,SBC-CAN-KAWR,20,579,91,0,28.95
2025,CSMT-KRMI SF,7,579,13,1,82.71428571428571
12861,VSKP-KZJ LIN,18,578,34,0,32.111111111111114
11086,MAO-LTT DOUB,11,578,45,0,52.54545454545455
16518,CAN-KAWR-SBC,20,578,176,1,28.9
57273,UBL-TPTY PAS,59,578,85,0,9.796610169491526
12266,JAT-DEE,3,577,10,2,192.33333333333334
12265,DEE-JAT DURO,3,577,10,2,192.33333333333334
57274,TPTY-UBL PAS,60,577,99,0,9.616666666666667
12862,KZJ-VSKP LIN,19,576,44,0,30.31578947368421
12425,NDLS-JAT RAJ,5,576,17,1,115.2
18612,BSB RNC EXPR,30,576,90,0,19.2
12426,JAT-NDLS RAJ,5,576,17,1,115.2
12737,COA-SC GOWTA,21,575,44,0,27.38095238095238
13404,VANANCHAL EX,26,575,94,0,22.115384615384617
12738,SC-COA GOWTA,21,575,41,0,27.38095238095238
11085,LTT-MAO DOUB,11,574,45,0,52.18181818181818
18611,RNC BSB EXPR,30,574,94,0,19.133333333333333
53132,MFP-SDAH PAS,70,572,222,1,8.17142857142857
13403,VANANCHAL EX,26,572,83,0,22.0
12344,DARJEELING M,6,571,18,0,95.16666666666667
53131,SDAH- MFP PA,70,571,148,0,8.157142857142857
12343,DARJEELING M,6,571,18,0,95.16666666666667
58530,VSKP-DURG PA,64,571,186,0,8.921875
18621,PATNA HATIA,42,571,108,0,13.595238095238095
15603,INTER CITY E,35,571,101,0,16.314285714285713
58529,DURG-VSKP PA,64,570,189,0,8.90625
15604,INTER CITY E,35,570,134,1,16.285714285714285
18622,HATIA PATNA,43,569,113,0,13.232558139534884
13169,HATEBAZARE E,27,569,135,1,21.074074074074073
1122,KRMI-CSMT SP,14,569,34,0,40.642857142857146
19718,CDG JP INTER,17,569,76,1,33.470588235294116
2026,KRMI-CSMT SF,7,569,13,1,81.28571428571429
19717,JP CDG INTER,17,569,85,1,33.470588235294116
13170,HATEBAZARE E,27,568,125,1,21.037037037037038
56513,NCR-SBC PASS,57,568,145,1,9.964912280701755
19026,SURAT AMRAVA,21,567,67,0,27.0
56514,SBC-KIK PASS,58,567,108,0,9.775862068965518
19025,SURAT AMRAVA,21,567,64,0,27.0
51030,BJP BB FAST,34,566,93,0,16.647058823529413
51029,BB BJP FAST,31,565,75,0,18.225806451612904
13158,TRIHUT EXP,14,565,56,0,40.357142857142854
13157,TRIHUT EXP,14,564,55,0,40.285714285714285
19310,INDORE GNC E,19,564,80,0,29.68421052631579
19309,GNC INDORE E,19,563,79,0,29.63157894736842
59705,SOG-JP PASS.,55,563,129,1,10.236363636363636
22120,KRMI-CSTM TE,7,563,13,1,80.42857142857143
1045,LTT-KRMI SPL,11,563,35,0,51.18181818181818
59706,JP-SOG PASSA,55,562,115,0,10.218181818181819
11125,IND-GWL EXP,11,561,53,0,51.0
22119,CSTM-KRMI TE,7,561,13,1,80.14285714285714
11126,GWL-IND EXP,11,561,50,0,51.0
22310,NJP HWH AC,8,560,15,0,70.0
12042,NJP - HWH SH,7,560,11,0,80.0
12041,HWH - NJP SH,7,560,11,0,80.0
22309,HWH NJP AC E,8,560,20,0,70.0
14235,VARANASI-BAR,48,558,91,0,11.625
22484,JODHPUR EXPR,14,558,42,0,39.857142857142854
14236,BERELLY VARA,45,558,93,0,12.4
20601,MAS-MDU WEEK,6,558,16,0,93.0
22483,JU GIMB SF E,14,558,42,0,39.857142857142854
12186,REWA-HBJ REW,15,557,50,0,37.13333333333333
22624,MDU MS SUPER,11,557,24,0,50.63636363636363
22623,MS MDU SUPER,11,556,31,0,50.54545454545455
22960,SURAT INTERC,21,556,54,0,26.476190476190474
22959,JAMNAGAR INT,21,556,59,0,26.476190476190474
22206,MDU-MAS  DUR,3,555,10,2,185.0
12185,HBJ-REWA REW,15,555,55,0,37.0
7435,COA-HYB,14,555,45,0,39.642857142857146
7436,SC-COA,15,554,47,0,36.93333333333333
20602,MDU-MAS WEEK,7,554,21,0,79.14285714285714
22192,JBP- IND OVE,19,554,44,0,29.157894736842106
7075,HYB-COA,17,554,46,0,32.588235294117645
22191,IND-JBP OVER,19,554,56,0,29.157894736842106
59385,PANCHVALLEY,49,553,125,1,11.285714285714286
59386,PANCHVALLEY,48,553,104,0,11.520833333333334
22429,DLI-PTK EXP,15,553,58,0,36.86666666666667
22430,PTK-DLI SUPE,17,553,67,0,32.529411764705884
7076,COA-HYB,17,553,46,0,32.529411764705884
22205,MAS-MDU DURA,3,553,10,2,184.33333333333334
22810,VSKP-PRDP WE,17,552,65,0,32.470588235294116
22809,PRDP-VSKP WE,17,552,62,1,32.470588235294116
2195,REWA-BPL SF,10,551,33,0,55.1
15003,CHAURICHAURA,31,551,114,1,17.774193548387096
15004,CHAURICHAURA,28,551,72,0,19.678571428571427
15272,HWH-MFP JANS,12,550,56,0,45.833333333333336
22889,DGHA-PURI S/,13,550,42,0,42.30769230769231
22890,PURI-DGHA S/,13,550,39,0,42.30769230769231
15271,MFP-HWH JANS,12,549,45,0,45.75
2196,BPL-REWA SF,10,549,28,0,54.9
22961,HAPA INTERCI,18,547,53,0,30.38888888888889
22116,KRMI-LTT AC,8,547,17,1,68.375
22962,SURAT INTERC,18,547,50,0,30.38888888888889
13132,PNBE - KOAA,45,546,135,1,12.133333333333333
11025,BSL-PUNE EXP,19,545,43,0,28.68421052631579
11026,PUNE-BSL EXP,19,545,43,0,28.68421052631579
15723,NJP - SMI WE,13,545,48,0,41.92307692307692
22115,LTT-KRMI AC,8,545,16,0,68.125
13131,KOAA PNBE  E,44,545,128,1,12.386363636363637
15724,SMI - NJP WE,13,545,49,0,41.92307692307692
12537,MANDUADIH EX,15,543,51,0,36.2
54810,JU-RE PASSEN,64,543,121,0,8.484375
12538,MUV MFP EXPR,15,543,59,0,36.2
54809,RE-JU PASS,64,542,106,0,8.46875
13160,JOGBANI-KOLK,16,542,78,1,33.875
13159,KOLKATA-JOGB,16,542,79,1,33.875
22214,PNBE - SHM D,4,539,7,2,134.75
22213,SHM-PNBE DUR,4,538,7,1,134.5
7426,COA-KCG HSP,15,537,44,0,35.8
7425,KCG--COA HSP,15,537,40,0,35.8
15236,DBG-HWH EXPR,11,536,54,0,48.72727272727273
15054,LJN-CPR-EXP,13,536,51,0,41.23076923076923
57271,BZA-RGDA PAS,68,535,168,1,7.867647058823529
15053,CPR-LJN-EXP,13,535,42,0,41.15384615384615
57272,RGDA-BZA PAS,71,535,131,0,7.535211267605634
15235,HWH-DBG EXPR,11,535,49,0,48.63636363636363
59207,BVC OKHA PAS,60,535,230,2,8.916666666666666
59208,BHAVNAGAR PA,59,535,180,1,9.067796610169491
14713,SGNR JAT EXP,15,534,89,1,35.6
14714,JAT SGNR EXP,15,534,86,1,35.6
12359,PNBE GARIB R,13,534,28,0,41.07692307692308
15234,DARBHANGA-KO,10,534,45,0,53.4
12360,KOL GARIB RA,13,534,28,0,41.07692307692308
15233,KOLKATA-DARB,10,534,42,0,53.4
56320,CBE-NCJ PASS,46,532,88,0,11.565217391304348
22668,CBE-NCJ SUPE,14,532,29,0,38.0
22667,NCJ-CBE SUPE,14,531,34,0,37.92857142857143
56319,NCJ-CBE PASS,39,531,66,0,13.615384615384615
12024,PATNA HOWRAH,14,531,27,0,37.92857142857143
12023,HOWRAH PATNA,14,530,33,0,37.857142857142854
12352,DANAPUR EXP,23,529,51,0,23.0
12672,MTP-MAS NILA,9,529,43,0,58.77777777777778
12351,DANAPUR EXPR,23,528,56,0,22.956521739130434
12692,MAS-SSPN EXP,14,528,50,1,37.714285714285715
12691,MAS-SSPN EXP,11,528,29,0,48.0
58528,VSKP-R PASSE,56,528,180,0,9.428571428571429
58527,R-VSKP PASS,56,528,169,0,9.428571428571429
59831,BRC-KOTA PAR,64,527,112,0,8.234375
59832,KOTA-BRC PAR,63,527,132,0,8.365079365079366
22201,DURONTO EXPR,3,527,5,1,175.66666666666666
58001,HWH  PURI  P,91,526,141,1,5.78021978021978
12671,MAS-MTP NILA,9,526,28,1,58.44444444444444
58132,PURI-SBP- RO,78,526,163,0,6.743589743589744
22202,DURONTO EXPR,3,526,5,1,175.33333333333334
3101,KOAA PURI SP,9,523,26,0,58.111111111111114
51433,NZB-PVR PASS,52,523,156,1,10.057692307692308
14502,JAT-BTI EXPR,13,523,77,1,40.23076923076923
14501,BTI-JAT EXPR,13,523,58,1,40.23076923076923
6068,CBE-CGL TRI-,9,522,79,1,58.0
12530,LJN PPTA S F,10,522,30,0,52.2
6067,CGL-CBE TRI-,9,522,54,1,58.0
3102,PURI KOAA SP,9,522,25,0,58.0
14731,DLI FKA EXP,29,521,67,0,17.96551724137931
14732,FKA DLI EXP,29,521,70,0,17.96551724137931
18239,GAD-NGP SHIV,31,520,90,0,16.774193548387096
58131,ROU-SBP-PURI,78,520,157,0,6.666666666666667
54252,SRE - LKO PA,75,518,182,1,6.906666666666666
58002,PURI SRC  PA,90,518,156,1,5.7555555555555555
12529,PPTA LJN S F,10,518,34,0,51.8
11023,SAHYADRI EXP,28,517,59,0,18.464285714285715
17411,MAHALAXMI EX,18,517,43,0,28.72222222222222
17412,MAHALAXMI EX,19,517,51,0,27.210526315789473
11024,SAHYADRI EXP,31,517,57,0,16.677419354838708
11030,KOYNA EXPRES,34,517,52,0,15.205882352941176
11029,KOYNA EXPRES,35,517,65,0,14.771428571428572
56909,SBC-HPT PASS,36,516,67,0,14.333333333333334
56910,HPT-SBC FAST,35,516,51,0,14.742857142857142
17639,KCG-AK EXP,21,513,49,0,24.428571428571427
1037,LTT-SWV SPL,10,513,33,0,51.3
17640,AK-KCG  EXP,21,513,39,0,24.428571428571427
51434,PVR-NZB PASS,52,511,166,1,9.826923076923077
16228,TLGP-MYS EXP,31,508,58,0,16.387096774193548
16227,MYS-TLGP EXP,35,508,55,0,14.514285714285714
54251,LKO-SRE PASS,74,508,158,0,6.864864864864865
18184,DNR TATA EXP,35,507,96,1,14.485714285714286
18183,TATA DANAPUR,36,507,86,0,14.083333333333334
12085,GHY-DBRG SHA,10,506,25,0,50.6
15008,KRISHAK EXPR,37,505,97,0,13.64864864864865
5066,LJN-CPR-EXP,15,505,53,0,33.666666666666664
12086,DBRG-GHY SHA,10,505,25,0,50.5
12895,HWH-PURI WEE,10,504,33,0,50.4
12881,HWH-PURI GAR,9,504,31,0,56.0
18409,SRIJAGANNATH,20,504,48,0,25.2
12821,HWH-BBS-PURI,15,504,34,0,33.6
12887,HWH-PURI S/F,10,504,33,0,50.4
12420,GOMTI EXPRES,16,504,30,0,31.5
12277,HWH-PURI SHA,8,504,23,0,63.0
12419,GOMTI EXP,16,504,32,0,31.5
12003,LKO-NDLS SHA,7,504,12,0,72.0
12004,NDLS-LKO SHA,7,504,13,0,72.0
11004,SWV-DR TUTAR,21,504,48,0,24.0
12837,HOWRAH-PURI,14,504,37,0,36.0
58117,JSG GONDIA P,65,503,211,3,7.7384615384615385
18410,SRIJAGANNATH,21,503,51,0,23.952380952380953
12838,PURI-HWH EXP,14,503,41,0,35.92857142857143
12278,PURI-HWH SHA,8,503,23,0,62.875
12882,PURI-HWH GAR,9,503,34,0,55.888888888888886
1038,SWV-LTT SPL,10,503,34,0,50.3
5065,CPR-LJN,15,503,51,0,33.53333333333333
15007,KRISHAK EXPR,36,503,99,1,13.972222222222221
12896,PURI-HWH WEE,11,503,38,0,45.72727272727273
12822,PURI-BBS-HWH,16,503,37,0,31.4375
12888,PURI-HWH S/F,11,503,38,0,45.72727272727273
22835,SHM-PURI S/F,11,502,35,0,45.63636363636363
11003,DR-SWV TUTAR,21,502,48,0,23.904761904761905
6066,MDU-CGL SPL,13,501,39,0,38.53846153846154
12081,CAN - TVC JA,15,500,30,0,33.333333333333336
6065,CGL-MDU SPL,13,500,56,0,38.46153846153846
22836,PURI-SHM S/F,11,500,38,0,45.45454545454545
16022,MYS-MAS KAVE,23,499,68,0,21.695652173913043
12082,TVC - CAN JA,15,499,34,0,33.266666666666666
22681,MYS-MAS EXPR,12,499,33,0,41.583333333333336
59821,KOTA-BHIND P,42,499,203,1,11.880952380952381
59822,BHIND-KOTA P,47,499,122,0,10.617021276595745
12008,MYS-MAS SHAT,4,499,12,1,124.75
16617,RMM-CBE WKLY,17,498,40,0,29.294117647058822
22682,MAS-MYS EXPR,11,498,35,0,45.27272727272727
16021,KAVERI EXPRE,24,498,45,0,20.75
16618,CBE-RMM WKLY,15,498,39,0,33.2
12007,MAS-MYS SHAT,4,498,12,1,124.5
8404,SRC-PURI WEE,9,497,31,0,55.22222222222222
58118,GONDIA JSG P,64,496,232,1,7.75
14035,DLI PTK EXPR,19,495,54,0,26.05263157894737
59548,OKHA ADI PAS,45,495,173,2,11.0
59547,OKHA PASSENG,49,495,196,1,10.10204081632653
8403,PURI-SRC WEE,9,495,26,0,55.0
14036,PTK DLI EXPR,20,495,60,0,24.75
58301,SBP-KRPU PAS,41,494,123,1,12.048780487804878
58302,KRPU-SBP PAS,41,494,126,0,12.048780487804878
15118,JBP-MUV EXPR,10,493,55,1,49.3
17301,MYS DHARWAD,18,493,31,0,27.38888888888889
13348,PALAMUEXP,32,493,105,0,15.40625
12244,CBE-MAS  SHA,6,493,9,1,82.16666666666667
13347,PALAMU EXPRE,32,493,117,1,15.40625
12676,CBE-MAS KOVA,12,493,20,0,41.083333333333336
12680,CBE-MAS INTE,12,493,20,0,41.083333333333336
12682,CHENNAI EXP,8,493,18,0,61.625
12674,CBE-MAS CHER,9,493,18,0,54.77777777777778
12635,MS-MDU VAIGA,10,492,20,0,49.2
12636,MDU-MS VAIGA,11,492,22,0,44.72727272727273
12637,PANDIAN EXP,11,492,24,0,44.72727272727273
12638,MDU-MS PANDI,12,492,21,0,41.0
12230,LUCKNOW MAIL,9,492,33,0,54.666666666666664
12229,LUCKNOW MAIL,9,492,33,0,54.666666666666664
15117,MUV-JBP EXPR,11,492,57,1,44.72727272727273
12725,SIDHAGANAGA,17,491,26,0,28.88235294117647
12681,MAS CBE EXP,7,491,14,1,70.14285714285714
12673,MAS-CBE CHER,8,491,17,0,61.375
15614,LACHIT EXPRE,25,491,78,0,19.64
15613,LACHIT EXPRE,25,491,78,0,19.64
12675,MAS-CBE KOVA,11,491,19,0,44.63636363636363
12679,MAS-CBE INTE,12,491,20,0,40.916666666666664
19412,INTERCITY EX,12,491,31,0,40.916666666666664
12243,MAS-CBE SHAT,6,491,9,1,81.83333333333333
59439,AHMADABAD PA,72,490,138,0,6.805555555555555
22953,GUJARAT EXPR,27,490,53,0,18.14814814814815
22954,GUJARAT EXPR,27,490,62,0,18.14814814814815
12268,BCT DURONTO,2,490,0,1,245.0
12932,BCT DOUBLEDE,11,490,26,0,44.54545454545455
12267,ADI DURONTO,2,490,0,1,245.0
12933,KARNAVATI EX,11,490,25,0,44.54545454545455
12934,KARNAVATI EX,10,490,23,0,49.0
22813,SRC-PRDP WEE,12,490,22,0,40.833333333333336
12010,SHATABDI EXP,9,490,21,0,54.44444444444444
12931,ADI DOUBLE D,11,490,26,0,44.54545454545455
12901,GUJARAT MAIL,14,490,36,0,35.0
59440,AHMADABAD PA,66,490,125,0,7.424242424242424
17302,DWR MYSORE E,17,490,30,0,28.823529411764707
59442,AHMEDABAD PA,74,490,176,1,6.621621621621622
59441,AHMEDABAD PA,74,490,266,2,6.621621621621622
12009,SHATABDI EXP,9,490,20,0,54.44444444444444
12902,GUJARAT MAIL,14,490,45,0,35.0
19225,BTI JAT EXP,24,489,130,0,20.375
19411,AJMER INTERC,12,489,29,0,40.75
22814,PRDP-SRC WEE,12,489,29,0,40.75
19226,JAT BTI EXP,24,489,125,1,20.375
12726,SIDHAGANGA I,17,488,32,0,28.705882352941178
13245,NJP-RJPB CAP,32,487,95,1,15.21875
50105,DIVA SWV PAS,49,486,60,0,9.918367346938776
13246,RJPB-NJP CAP,35,485,100,0,13.857142857142858
8627,HWH RNC SPL,13,484,41,0,37.23076923076923
12198,GWL-BPL-INTE,11,484,37,0,44.0
12197,BPL-GWL-INTE,11,484,36,0,44.0
18614,RNC CPU EXPR,20,482,62,0,24.1
19330,VIRBHUMI COR,18,481,56,0,26.72222222222222
8628,RNC HWH  SPL,14,481,35,0,34.357142857142854
19329,VEER BHUMI E,18,481,73,1,26.72222222222222
22928,LOK SHAKTI E,17,480,43,0,28.235294117647058
18613,RNC CPU EXPR,20,480,67,0,24.0
22927,LOK SHAKTI E,22,480,55,0,21.818181818181817
14503,KLK-SVDK EXP,10,479,62,1,47.9
14504,SVDK-KLK EXP,10,479,81,1,47.9
14803,BGKT ADI EXP,17,479,86,1,28.176470588235293
14804,ADI BGKT EXP,17,479,89,1,28.176470588235293
63553,ASN BSB PASS,83,479,131,0,5.771084337349397
63554,BSB ASN PASS,83,479,135,0,5.771084337349397
14152,ANVT-CNB-EXP,13,478,63,1,36.76923076923077
50106,SWV DIVA PAS,49,476,61,0,9.714285714285714
57478,KYND-TPTY PA,42,474,80,0,11.285714285714286
13146,KOLKATTA RAD,20,473,53,0,23.65
13145,KOLKATA RADH,20,473,69,0,23.65
57477,TPTY-KRYP  P,42,473,48,0,11.261904761904763
13072,JMP HWH EXP,21,472,48,0,22.476190476190474
13071,HWH JMP EXPR,21,472,56,0,22.476190476190474
58502,KRDL-VSKP,53,471,92,0,8.88679245283019
58501,VSKP-KRDL PA,53,471,86,0,8.88679245283019
74836,HSR JU PASS,49,471,97,0,9.612244897959183
8511,KRDL-VSKP SP,12,471,49,0,39.25
8512,VSKP-KRDL SP,12,471,49,0,39.25
74835,JU HSR PASS,49,471,93,0,9.612244897959183
14711,HW SGNR EXP,21,471,44,0,22.428571428571427
14712,SGNR HW  EXP,21,471,52,0,22.428571428571427
14001,DLI-ATT LINK,2,471,0,1,235.5
18242,ABKP-DURG PA,32,471,135,2,14.71875
14002,ATT-DLI LINK,2,471,0,1,235.5
12079,JANSHATABDI,11,470,18,0,42.72727272727273
58113,TATA BSP PAS,60,470,153,1,7.833333333333333
56913,SBC-UBL FAST,44,470,60,0,10.681818181818182
56515,SBC-UBL PASS,63,470,98,0,7.4603174603174605
22616,CBE-TPTY EXP,8,469,16,0,58.625
58114,BSP TATA PAS,61,469,182,2,7.688524590163935
22891,HWH-RNC INTE,14,469,36,0,33.5
56516,UBL-SBC PASS,63,469,81,0,7.444444444444445
18247,BSP-REWA,39,468,117,0,12.0
56914,UBL-SBC FAST,44,468,60,0,10.636363636363637
12080,JAN SHATABDI,11,468,18,0,42.54545454545455
22892,RNCHWH INTER,15,466,31,0,31.066666666666666
17402,NS MTM-TPTY,21,466,70,1,22.19047619047619
22615,TPTY-CBE  EX,8,466,15,1,58.25
17401,TPTY-MTM NS,21,466,81,1,22.19047619047619
18248,REWA-BSP,39,465,98,0,11.923076923076923
17256,HYB-NS EXP,21,464,46,0,22.095238095238095
17408,MQ-TPTY PAMA,19,463,42,0,24.36842105263158
18241,DURG-ABKP EX,32,463,98,0,14.46875
17407,TPTY-MQ PAMA,19,462,37,0,24.31578947368421
14632,ASR DDN PASS,29,462,163,2,15.931034482758621
14631,DDN ASR EXPR,27,462,148,2,17.11111111111111
17255,NS-HYB EXP,21,462,48,0,22.0
53344,CPU-GMO PASS,58,460,131,1,7.931034482758621
14307,PRG -BE PASS,41,460,70,0,11.21951219512195
53343,GMO-CPU PASS,59,460,122,0,7.796610169491525
14308,BE-LKO EXP.,40,460,71,0,11.5
56769,PGT-TCN PASS,43,459,69,0,10.674418604651162
56770,TCN-PGT PASS,43,458,60,0,10.651162790697674
22454,RAJYA RANI E,10,458,30,0,45.8
22453,RAJYA RANI E,10,458,30,0,45.8
12116,SUR-CSMT SID,15,457,29,0,30.466666666666665
22628,TVC-TPJ INTE,13,457,24,0,35.15384615384615
22140,SUR-CSMT EXP,8,457,20,0,57.125
54803,JU - ADI PAS,58,457,143,1,7.879310344827586
22627,TPJ-TVC INTE,13,457,22,0,35.15384615384615
12115,CSTM-SUR SID,14,456,32,0,32.57142857142857
57129,BJP-BMO PASS,63,455,109,0,7.222222222222222
22472,DEE BKN SF E,14,455,44,0,32.5
12458,BKN DEE S F,14,455,41,0,32.5
12457,DEE BKN  S F,14,455,44,0,32.5
22471,BKN DEE SF E,14,455,39,0,32.5
54804,ADI - JU PAS,58,455,140,0,7.844827586206897
16788,SVDK-TEN HIM,11,454,26,0,41.27272727272727
53050,MKA - HWH PA,50,454,158,0,9.08
16790,SVDK-TEN HIM,11,454,25,0,41.27272727272727
16787,TEN   ED,11,454,24,0,41.27272727272727
53049,HWH-MKA PASS,53,453,125,0,8.547169811320755
53525,BRKA-BSB PAS,63,453,112,0,7.190476190476191
53526,BSB-BRKA PAS,62,453,106,0,7.306451612903226
12078,BZA-MAS-JAN,10,453,10,0,45.3
12077,MAS-BZA JAN,10,453,10,0,45.3
16573,YPR-PDY WEEK,10,453,33,0,45.3
57136,KZJ-AJNI PAS,48,453,70,0,9.4375
16574,PDY-YPR WEEK,10,452,35,0,45.2
57135,NGP-KZJ PASS,47,450,67,0,9.574468085106384
9810,NZM-KOTA DAI,11,450,18,0,40.90909090909091
15769,APDJ - LMG I,27,450,48,0,16.666666666666668
12060,KOTA JANSHTB,10,450,22,0,45.0
15770,LMG - APDJ I,26,449,43,0,17.26923076923077
12497,SHANE PUNJAB,14,447,29,0,31.928571428571427
12030,SWARNA SHATA,8,447,16,1,55.875
12029,SWARNA SHATA,8,447,13,0,55.875
12498,SHANE PUNJAB,15,447,35,0,29.8
12031,NDLS-ASR-SHA,8,447,13,0,55.875
12059,NZM JAN SHAT,10,447,18,0,44.7
9809,KOTA-NZM DAI,11,447,12,0,40.63636363636363
12459,ASR-NDLS EXP,15,447,42,0,29.8
12460,ASR-NDLS EXP,17,447,43,0,26.294117647058822
12014,ASR-NDLS SHA,8,447,16,1,55.875
12013,NDLS-ASR SHA,8,447,14,0,55.875
12032,ASR-NDLS SHA,8,447,16,1,55.875
57130,HYB-BJP PASS,53,445,98,0,8.39622641509434
14716,HW HSR EXP,10,445,71,1,44.5
14715,HSR HW EXP,10,445,71,1,44.5
51154,BSL MUMBAI P,47,444,71,0,9.446808510638299
51153,MUMBAI BSL P,48,444,75,0,9.25
58011,HWH-ADRA CKP,45,442,80,0,9.822222222222223
12016,AII-NDLS SHA,10,442,19,0,44.2
22819,BBS-VSKP SF,27,442,46,0,16.37037037037037
12073,HWH-BBS JAN,9,442,27,0,49.111111111111114
12015,NDLS-AII SHA,10,442,19,0,44.2
58012,CKP-ADRA-HWH,45,441,113,1,9.8
12749,MTM EXP,19,441,33,0,23.210526315789473
12074,BBS-HWH JAN,9,441,22,0,49.0
15056,RMR-AF WEEKL,21,440,83,0,20.952380952380953
15055,RMR-AF WEEKL,21,440,87,0,20.952380952380953
14682,JUC-NDLS EXP,21,438,54,0,20.857142857142858
12750,MACHILIPATNA,19,438,33,0,23.05263157894737
19252,OKHA SOMNATH,17,438,73,1,25.764705882352942
14681,NDLS-JUC EXP,21,438,53,0,20.857142857142858
19251,SMNH OKHA EX,17,438,46,0,25.764705882352942
51426,MRJ - PRLI P,35,437,69,0,12.485714285714286
7062,VLNK-BZA,14,437,102,1,31.214285714285715
12019,HOWRAH RANCH,10,436,36,0,43.6
19120,SMNH -ADI EX,19,435,52,0,22.894736842105264
19119,ADI SMNH EXP,19,435,64,0,22.894736842105264
57547,PAU PASS,48,435,82,0,9.0625
57548,HYB PASS,47,435,64,0,9.25531914893617
12992,JP UDZ SF EX,15,434,45,0,28.933333333333334
51674,STA-ET PASSE,40,434,73,0,10.85
12991,UDZ JP SF EX,15,434,44,0,28.933333333333334
11266,ABKP-JBP EXP,14,434,40,0,31.0
51672,KTE-ET FAST,44,434,57,0,9.863636363636363
51673,ET -STA  FAS,40,434,54,0,10.85
51671,ET-KTE FAST,44,434,59,0,9.863636363636363
12020,RNC HWH SHAT,10,434,39,0,43.4
53403,RPH-GAYA PAS,66,433,254,2,6.5606060606060606
58214,BSP-TIG PASS,48,433,117,0,9.020833333333334
22983,KOTA-INDB IN,14,432,32,0,30.857142857142858
11265,JBP-ABKP EXP,14,432,41,0,30.857142857142858
58213,TIG-BSP PASS,48,431,103,0,8.979166666666666
12451,SHRAM SHKTI,3,430,1,1,143.33333333333334
51027,FAST PASSENG,26,430,74,0,16.53846153846154
12033,CNB NDLS SHT,5,430,6,0,86.0
51028,FAST PASSENG,29,430,93,0,14.827586206896552
22957,SOMNATH EXPR,16,430,28,0,26.875
12034,NDLS CNB SHA,4,430,4,1,107.5
12711,BZA-MAS PINA,14,430,15,0,30.714285714285715
18615,HWH-HTE KRII,17,430,59,0,25.294117647058822
12452,SHRAM SHKTI,3,430,2,1,143.33333333333334
54377,PRAYAG- BARE,62,429,133,1,6.919354838709677
14151,CNB-ANVT-EXP,13,429,60,1,33.0
12712,MAS-BZA PINA,14,429,19,0,30.642857142857142
59503,VG OKHA FAST,48,429,106,0,8.9375
9722,UDZ JP SF SP,12,429,23,0,35.75
9721,JP UDZ SF SP,12,429,22,0,35.75
59504,OKHA VG FAST,48,429,107,0,8.9375
54378,BE-PRG PASSE,62,429,128,0,6.919354838709677
59342,BINA NAD PAS,44,428,108,0,9.727272727272727
59341,NAGDA BINA P,44,428,113,1,9.727272727272727
13161,KOLKATA-BALU,12,427,46,0,35.583333333333336
51425,PRLI - MRJ P,36,427,67,0,11.86111111111111
18616,HTE-HWH KRIY,17,426,63,0,25.058823529411764
55895,RNY - MZS PA,53,426,72,0,8.037735849056604
5865,RNY - MZS PA,53,426,72,0,8.037735849056604
13162,BLGT-KOLKATA,12,426,35,0,35.5
12606,KKDI-MS PALL,13,425,27,0,32.69230769230769
55896,MZS - RNY PA,53,425,71,0,8.018867924528301
12605,MS-KKDI PALL,13,425,28,0,32.69230769230769
5866,MZS - RNY PA,53,425,71,0,8.018867924528301
13064,BLGT HWH EXP,12,424,42,0,35.333333333333336
54784,RE-FKA PASSE,60,423,128,1,7.05
54783,FKA-RE PASSE,60,422,174,2,7.033333333333333
12072,JANSHATABDI,7,422,36,0,60.285714285714285
12071,JANSHATABDI,7,422,20,0,60.285714285714285
12069,RIG - G JANS,15,419,41,0,27.933333333333334
13033,HWH-KIR EXP,49,419,88,0,8.551020408163266
17688,DAB-MMR MARA,24,419,35,0,17.458333333333332
15712,KIR-HWH EXPR,11,419,29,0,38.09090909090909
13034,KIR-HWH EXP,45,419,91,0,9.311111111111112
18625,PNBE-HTE EXP,21,417,80,0,19.857142857142858
18623,PATNA-HATIA,26,417,109,1,16.03846153846154
22839,ROU-BBS INTE,12,417,25,0,34.75
22840,BBS-ROU INTE,12,417,21,0,34.75
54462,BE/BKI PASS,56,416,182,2,7.428571428571429
12855,BSP - NGP IN,16,416,32,0,26.0
17687,MMR-DAB MARA,24,416,37,0,17.333333333333332
54602,ASR-HSR PASS,39,415,174,1,10.64102564102564
54461,BKI-BARELLY,55,415,189,2,7.545454545454546
12209,CNB-KGM GARI,12,415,54,1,34.583333333333336
12210,KGM-CNB GARI,12,415,87,1,34.583333333333336
18624,HATIA-PATNA,25,414,115,1,16.56
18626,HTE-PNBE EXP,21,414,79,0,19.714285714285715
54751,RE-SGNR  PAS,48,413,137,1,8.604166666666666
54752,SGNR-RE PASS,48,412,133,0,8.583333333333334
12070,G - RIG JANS,15,411,41,0,27.4
14012,HSX-DLI EXPR,9,410,53,1,45.55555555555556
12365,PNBE-RNC JAN,12,410,49,0,34.166666666666664
14011,DLI-HSX EXPR,9,410,45,0,45.55555555555556
56700,MDU-PUU PASS,46,410,86,0,8.91304347826087
56701,QLN-MDU PASS,49,409,108,1,8.346938775510203
16575,YPR-MAJN TRI,14,409,31,0,29.214285714285715
12481,INTERCITY EX,15,409,30,0,27.266666666666666
12482,INTERCITY EX,15,409,31,0,27.266666666666666
54076,DELHI SHAJAN,44,408,178,1,9.272727272727273
54075,SHAJANPUR DE,40,408,154,1,10.2
12366,RNC-PNBE JAN,12,407,49,1,33.916666666666664
18240,NGP-BSP SHIV,18,406,43,0,22.555555555555557
12053,HW-ASR EXP,11,406,32,0,36.90909090909091
12054,ASR-HW JAN S,11,406,35,0,36.90909090909091
15717,GHY-MXN I/C,26,405,62,0,15.576923076923077
22610,CBE-MAQ INTE,14,405,33,0,28.928571428571427
12856,NGP - BSP IN,17,405,41,0,23.823529411764707
22609,MAQ-CBE INTE,14,404,29,0,28.857142857142858
15718,MXN-GHY I/C,26,404,57,0,15.538461538461538
56324,MAQ-CBE FAST,54,404,95,0,7.481481481481482
56323,CBE-MAQ PASS,54,404,92,0,7.481481481481482
51754,CHRM-REWA PA,30,403,114,0,13.433333333333334
13063,HWH BLGT EXP,12,403,47,0,33.583333333333336
18620,DUMKA RANCHI,17,402,62,0,23.647058823529413
12021,HOWRAH-BARAB,10,402,30,0,40.2
12022,BARABIL-HOWR,11,401,28,0,36.45454545454545
51753,REWA-CHRM PA,30,401,101,0,13.366666666666667
16853,CHOLAN EXP,19,400,27,0,21.05263157894737
16854,CHOLAN EXP,19,400,28,0,21.05263157894737
18619,RNC DUMKA IN,17,400,67,1,23.529411764705884
13416,PNBE-MLDT EX,18,399,41,0,22.166666666666668
13415,MLDT-PNBE EX,18,399,37,0,22.166666666666668
12075,CLT - T VC J,12,399,24,0,33.25
22621,RMM-CAPE SUP,12,399,29,0,33.25
14553,HIMACHAL EXP,28,398,101,0,14.214285714285714
14554,HIMACHAL EXP,26,398,91,0,15.307692307692308
59394,HBJ DHD FAST,50,398,106,1,7.96
15711,HWH-KIR EXPR,11,398,29,0,36.18181818181818
22622,CAPE-RMM SUP,12,398,21,0,33.166666666666664
12076,TVC - CLT JA,12,398,22,0,33.166666666666664
54159,JHS-ALD PASS,44,397,116,0,9.022727272727273
51285,BSL NGP PASS,46,397,137,2,8.630434782608695
59393,DHD HBJ FAST,50,397,82,0,7.94
51286,NGP BSL PASS,47,397,64,0,8.446808510638299
12044,MOGA-NDLS SH,8,397,35,0,49.625
12043,NDLS-MOGA SH,8,397,35,1,49.625
18415,BBN-PURI INT,30,396,84,1,13.2
18416,PURI-BBN INT,30,396,85,1,13.2
12527,RMR-CDG - WE,11,395,54,0,35.90909090909091
12894,BLGR-BBS S/F,16,395,34,0,24.6875
12893,BBS-BLGR S/F,16,395,36,0,24.6875
16179,MS-MQ,13,394,55,0,30.307692307692307
54702,LGH-ABS PASS,39,394,124,1,10.102564102564102
16576,MAJN-YPR TRI,14,394,26,0,28.142857142857142
16180,MQ-MS,13,394,45,0,30.307692307692307
22650,YERCAUD EXP,18,393,30,0,21.833333333333332
17201,GNT-SC GOLCO,24,391,38,0,16.291666666666668
12705,GNT-SC INTER,14,391,24,0,27.928571428571427
12927,VADODARA EXP,7,391,13,0,55.857142857142854
12928,VADODARA EXP,7,391,19,0,55.857142857142854
17202,SC-GNT GOLCO,25,390,44,0,15.6
22649,YERCAUD EXPR,18,390,25,0,21.666666666666668
12706,SC-GNT INTER,14,390,18,0,27.857142857142858
12065,NZM JAN SHAT,10,389,16,0,38.9
12066,AII JAN SHAT,10,389,16,0,38.9
12280,TAJ EXPRESS,11,388,24,0,35.27272727272727
12057,NDLS-NLDM- J,14,386,47,0,27.571428571428573
12058,NDLS JANSHTB,14,386,44,0,27.571428571428573
12048,NEW DELHI SH,10,385,19,0,38.5
12047,BHATINDA SHA,10,385,19,0,38.5
12279,TAJ EXPRESS,11,385,25,0,35.0
54790,BKN RE PASSE,45,384,82,0,8.533333333333333
54789,RE BKN PASSE,45,384,76,0,8.533333333333333
54641,DLI-FZR PASS,60,384,204,1,6.4
54642,FZR - DLI PA,59,384,109,0,6.508474576271187
17240,VSKP-GNT SIM,26,383,37,0,14.73076923076923
14626,FZR-DEE INTE,18,382,45,0,21.22222222222222
17239,GNT-VSKP SIM,27,382,60,0,14.148148148148149
14625,DEE-FZR INTE,18,382,40,0,21.22222222222222
57124,SINGARENI,44,381,57,0,8.659090909090908
51828,JHS-ET PASS,44,381,141,1,8.659090909090908
51827,ET-JHS PASS,44,381,190,1,8.659090909090908
18310,JAT MURI SBP,14,381,63,0,27.214285714285715
57330,PAAS,49,380,61,0,7.755102040816326
58417,PURI-GNPR PA,59,380,138,2,6.440677966101695
55615,GHY - SCL FA,33,380,134,2,11.515151515151516
5631,GHY - SCL PA,10,380,78,2,38.0
58418,GNPR-PURI PA,59,380,125,1,6.440677966101695
13505,DIGHA-ASANSO,14,379,37,0,27.071428571428573
55616,SCL - GHY FA,33,379,112,1,11.484848484848484
57329,PASS,49,379,80,0,7.73469387755102
5632,SCL - GHY PA,10,379,75,2,37.9
18309,SBP -MURI -,14,378,69,0,27.0
56903,SUR-DWR PASS,33,378,40,0,11.454545454545455
56904,DWR-SUR PASS,34,377,48,0,11.088235294117647
57631,RC PASS,37,377,46,0,10.18918918918919
17021,HYB-GTL-VSG,9,376,18,0,41.77777777777778
12067,JANSATABDI E,11,376,30,0,34.18181818181818
12068,JANSATBDI EX,11,375,30,0,34.09090909090909
17233,SC-BPQ BHAGY,34,375,94,1,11.029411764705882
12196,AII-AF INTER,14,375,29,0,26.785714285714285
12195,AF-AII INTER,14,375,32,0,26.785714285714285
17234,BPQ-SC BHAGY,34,374,46,0,11.0
17022,VSG-GTL-HYB,9,373,48,1,41.44444444444444
15283,KIR-JYG JANK,19,373,85,1,19.63157894736842
15284,JYG-KIR JANK,19,373,85,0,19.63157894736842
57229,MTM-VSKP PAS,35,372,68,0,10.628571428571428
16205,TLGP-MYS INT,13,372,21,0,28.615384615384617
16206,MYS-TLGP INT,13,372,17,0,28.615384615384617
56275,SMET-MYS PAS,32,372,46,0,11.625
56276,MYS-TLGP PAS,31,372,44,0,12.0
13506,DIGHA-ASANSO,14,372,35,0,26.571428571428573
57230,VSKP-MTM PAS,36,371,144,2,10.305555555555555
57475,TPTY-GTL PAS,39,370,44,0,9.487179487179487
57476,GTL-TPTY PAS,40,370,56,0,9.25
59722,HSR-JP PASS.,42,367,59,0,8.738095238095237
13332,PNBE-DHN  IN,22,367,45,0,16.681818181818183
59721,JP-HSR PASSE,42,367,79,0,8.738095238095237
54833,JP HSR PASS,41,367,115,1,8.951219512195122
22164,KURJ-BPL MAH,9,367,20,0,40.77777777777778
22163,BPL-KURJ MAH,9,367,15,0,40.77777777777778
54834,HSR JP PASS,41,367,69,0,8.951219512195122
13331,DHN-PNBE INT,22,367,54,0,16.681818181818183
57133,BJP-SUR PASS,42,366,78,1,8.714285714285714
57134,BJP PASS,38,366,46,0,9.631578947368421
58005,KGP-KUR PASS,32,366,46,0,11.4375
58006,KUR-KGP PASS,32,366,46,0,11.4375
12291,YPR-MAS EXP,7,364,9,0,52.0
12292,MAS-YPR EXP,7,363,9,0,51.857142857142854
55714,RNY - NJP PA,45,363,108,1,8.066666666666666
55713,NJP - RNY PA,45,363,112,1,8.066666666666666
59050,VG VALSAD PA,62,362,114,1,5.838709677419355
59049,VALSAD VG  P,62,362,171,2,5.838709677419355
51183,BSL-NRKR PAS,36,361,67,0,10.027777777777779
12610,SBC-MAS EXP,19,361,32,0,19.0
12028,SBC-MAS SHAT,4,361,3,0,90.25
12658,SBC-MAS MAIL,8,361,12,0,45.125
12608,SBC-MAS LALB,13,361,20,0,27.76923076923077
12084,CBE-MV JAN S,10,361,25,0,36.1
22626,SBC-MAS AC D,12,361,28,0,30.083333333333332
12640,SBC-MAS BRIN,13,361,21,0,27.76923076923077
12083,MV-CBE JANSH,10,361,24,0,36.1
12639,MAS-SBC BRIN,12,360,20,0,30.0
12657,MAS-SBC MAIL,8,360,11,0,45.0
22625,MAS-SBC AC D,11,360,16,0,32.72727272727273
16176,KIK-MS EXP,16,360,45,0,22.5
14113,ALD-DDN LINK,15,360,67,0,24.0
14114,DDN - ALD LI,16,360,68,0,22.5
16175,MS-KIK EXP,16,360,49,0,22.5
12027,MAS-SBC SHAT,4,360,3,1,90.0
12607,MAS-SBC LALB,12,360,18,0,30.0
12609,MAS-SBC EXP,19,360,29,0,18.94736842105263
56825,ED/MV-TEN PA,28,358,43,0,12.785714285714286
59425,BHUJ - PNU P,38,358,100,1,9.421052631578947
59426,PNU - BHUJ P,38,358,95,0,9.421052631578947
12713,BZA-SC SATAV,9,358,10,0,39.77777777777778
12714,SC-BZA SATAV,9,358,10,0,39.77777777777778
57425,PASSENGER,50,358,56,0,7.16
56826,TEN-ED/MV PA,28,358,46,0,12.785714285714286
58538,VSKP-KRPU PA,39,357,81,0,9.153846153846153
58537,KRPU-VSKP PA,39,357,82,0,9.153846153846153
18512,VSKP-KRPU BI,11,357,29,0,32.45454545454545
11423,SUR HUBLI EX,14,357,22,0,25.5
18511,KRPU-VSKP BI,12,357,44,0,29.75
56905,BJP-UBL PASS,42,357,49,0,8.5
11424,GDG-SUR EXPR,14,356,24,0,25.428571428571427
56906,UBL-BJP PASS,42,356,51,0,8.476190476190476
57426,GTL-KCG-PASS,49,356,59,0,7.26530612244898
12748,VKB-GNT PALA,15,353,18,0,23.533333333333335
12747,GNT-VKB PALA,15,353,23,0,23.533333333333335
11064,SA MS SUPERF,14,352,25,0,25.142857142857142
11063,MS SA SUPER,14,352,29,0,25.142857142857142
16183,UZHAVAN EXPR,18,351,30,0,19.5
13153,GOUR EXPRESS,14,350,35,0,25.0
12717,VSKP-BZA RAT,13,350,13,0,26.923076923076923
7517,BIDAR-PVR,9,350,23,0,38.888888888888886
13154,MALDAH TOWN,15,350,48,0,23.333333333333332
57226,VSKP-BZA-PAS,55,350,114,0,6.363636363636363
57225,BZA-VSKP-PAS,58,350,67,0,6.0344827586206895
16184,UZHAVAN EXPR,18,350,32,0,19.444444444444443
12718,BZA-VSKP  RA,13,350,12,0,26.923076923076923
24227,VARUNA EXPRE,15,349,26,0,23.266666666666666
50104,RN DADAR PAS,38,349,55,0,9.18421052631579
24228,VARUNA EXPRE,15,349,34,0,23.266666666666666
16792,PGT-PUU PALA,29,348,48,0,12.0
53061,BWN-RANCHI P,50,348,135,1,6.96
11001,SNSI-PVR EXP,12,348,43,0,29.0
11002,PVR-SNSI EXP,12,348,54,1,29.0
74837,JU BLDI PASS,39,348,105,0,8.923076923076923
74838,BLDI JU PASS,39,348,90,0,8.923076923076923
16791,PUU-PGT PALA,29,347,64,0,11.96551724137931
17625,KCG-RAL PASS,21,347,33,0,16.523809523809526
50103,RATNAGIRI PA,38,347,45,0,9.131578947368421
57659,FM PASS,52,347,71,0,6.673076923076923
57542,MMR PASS,36,347,91,1,9.63888888888889
53062,RNC-BWN PASS,50,346,199,2,6.92
54601,HSR-ASR PASS,38,345,82,0,9.078947368421053
51883,GWL-BIN PASS,31,345,79,0,11.129032258064516
51884,BIN-GWL PASS,31,345,89,1,11.129032258064516
11652,SGRL-JBP INT,14,345,24,0,24.642857142857142
11651,JBP-SGRL INT,14,344,26,0,24.571428571428573
12929,BL-DHD INTER,19,344,39,0,18.105263157894736
12865,HWH-PRR LALM,9,344,17,0,38.22222222222222
12930,DHD - BL  IN,19,344,40,0,18.105263157894736
55813,DKGN - MZS P,42,343,64,0,8.166666666666666
55814,MZS - DKGN P,42,343,57,0,8.166666666666666
12866,PRR-HWH LALM,9,343,17,0,38.111111111111114
15043,LJN-KGM EXPR,11,341,35,1,31.0
15044,KGM-LJN EXPR,11,341,52,1,31.0
17026,SC-MUGR EXPR,15,341,27,0,22.733333333333334
57651,SC-RAL PASS,40,341,51,0,8.525
57652,RAL-SC PASS,40,341,61,0,8.525
17025,MUGR-SC EXPR,15,341,23,0,22.733333333333334
17626,RAL-SC PASS,19,341,21,0,17.94736842105263
57626,MUGR-SC FAST,37,341,40,0,9.216216216216216
57625,SC-MUGR FAST,37,341,68,0,9.216216216216216
18303,SBP-PURI INT,16,340,36,0,21.25
18304,PURI-SBP INT,16,340,32,0,21.25
55050,LJN-JEA  PAS,58,340,181,1,5.862068965517241
57563,HYB-PBN PASS,45,340,67,0,7.555555555555555
13012,MLDT  HWH IN,18,340,22,0,18.88888888888889
13011,HWH MLDT INT,18,340,29,0,18.88888888888889
51184,NRKR--BSL PA,37,339,63,0,9.162162162162161
58025,KGP HTE PASS,44,339,118,1,7.704545454545454
55031,JEA-LJN  PAS,58,339,221,1,5.844827586206897
16308,CAN-ALLEPPEY,28,339,43,0,12.107142857142858
16314,CAN-ALLP EXP,26,339,40,0,13.038461538461538
14042,MUSSOORIE EX,20,338,141,2,16.9
16307,ALLP-CAN CAN,27,338,45,0,12.518518518518519
14041,MUSSOORIE EX,20,338,141,2,16.9
16313,ALLP-CAN EXP,27,338,45,0,12.518518518518519
22617,SBC-TPTY  EX,9,336,11,0,37.333333333333336
55901,LMG - TSK PA,49,336,165,0,6.857142857142857
12653,ROCKFORT EXP,14,336,23,0,24.0
58026,HTE KGP PASS,44,336,91,0,7.636363636363637
22618,TPTY-SBC  EX,9,336,12,0,37.333333333333336
55902,TSK - LMG PA,49,335,161,0,6.836734693877551
59014,SURAT PASSEN,31,335,88,0,10.806451612903226
12654,ROCKFORT EXP,15,335,23,0,22.333333333333332
14520,KISAN EXPRES,19,335,63,0,17.63157894736842
59076,BSL ST BCT P,44,335,140,1,7.613636363636363
14119,KGM-DDN EXP.,11,335,67,0,30.454545454545453
14120,DDN-KGM EXP.,11,335,60,0,30.454545454545453
14519,KISAN EXPRES,19,335,71,1,17.63157894736842
59078,SURAT PASSEN,31,335,58,0,10.806451612903226
16616,CHEMMOZHI EX,9,334,32,0,37.111111111111114
16615,CHJEMMOZHI D,10,334,34,0,33.4
59077,BHUSAVAL PAS,30,334,60,0,11.133333333333333
59075,BHUSAVAL PAS,44,334,187,1,7.590909090909091
59013,BHUSAVAL PAS,31,334,82,0,10.774193548387096
56706,MDU-VM PASSE,42,334,55,0,7.9523809523809526
56705,VM-MDU PASSE,43,333,57,0,7.744186046511628
15069,GKP-GTNR INT,11,333,18,0,30.272727272727273
15070,BNZ-GKP INTE,11,333,21,0,30.272727272727273
57328,DHNE PASS,36,333,43,0,9.25
57327,GNT PASS,36,333,41,0,9.25
16577,YPR-HRR TRI-,12,333,18,0,27.75
55049,JEA-DAL PASS,55,332,130,1,6.036363636363636
15617,DONYI POLO E,14,332,58,1,23.714285714285715
12088,GHY - NHLN S,8,332,35,0,41.5
15618,DONYI POLO E,14,332,61,0,23.714285714285715
57123,SINGARENI,39,332,50,0,8.512820512820513
12087,NHLN - GHY S,8,332,35,0,41.5
16578,HRR-YPR TRI-,12,332,19,0,27.666666666666668
55032,DAL-JEA PASS,55,332,170,1,6.036363636363636
13319,BDME-RNC EXP,20,331,67,0,16.55
54304,KLK DLI PASS,47,331,167,2,7.042553191489362
12132,SAINAGAR DR,8,330,18,0,41.25
22187,HBJ-JBP INTE,10,330,24,0,33.0
59813,KOTA-JAB PAS,42,330,58,0,7.857142857142857
13501,HLZ - ASANSO,18,330,42,0,18.333333333333332
22148,SNSI-DR SF E,8,330,19,0,41.25
22147,DR-SNSI SF E,8,330,19,0,41.25
22188,JBP-HBJ INTE,10,330,34,1,33.0
12131,DR SAINAGAR,8,330,19,0,41.25
12884,PURULIA HWH,13,330,19,0,25.384615384615383
12061,JBP JANSHATA,10,330,24,0,33.0
12062,HBJ JANSHATA,10,330,25,0,33.0
15009,GKP-GTNR-EXP,16,329,34,0,20.5625
13466,MLDT INTERCI,15,329,18,0,21.933333333333334
13465,MLDT INTERCI,15,329,18,0,21.933333333333334
59814,JAB-KOTA PAS,41,328,55,0,8.0
12038,LDH-NDLS SHA,7,328,10,0,46.857142857142854
12037,NDLS-LDH SHA,7,328,10,0,46.857142857142854
13320,RNC-BDME EXP,20,328,76,0,16.4
54758,SGNR-UMB PAS,43,327,78,0,7.604651162790698
54044,HSR-JIND PAS,40,327,159,2,8.175
54757,UMB-SGNR PAS,43,327,149,1,7.604651162790698
16302,TVC-SRR VENA,30,327,47,0,10.9
54043,JIND -HSR PA,40,327,92,1,8.175
16301,VENAD EXPRES,30,327,46,0,10.9
51410,KOP-PUNE PAS,41,326,77,1,7.951219512195122
56640,MAQ-MAO PASS,30,326,29,0,10.866666666666667
70106,MAQ-MAO DEMU,30,326,29,0,10.866666666666667
57541,NED PASS,34,325,87,1,9.558823529411764
53140,JASIDIH KOLK,18,325,28,0,18.055555555555557
51409,PUNE KOP PAS,42,325,73,1,7.738095238095238
53139,KOAA JSME PG,18,324,42,0,18.0
14890,MBF BGKT EXP,2,324,0,1,162.0
14889,JU MBF LINK,2,324,0,1,162.0
56641,MAO MAQ PASS,30,324,32,0,10.8
70105,MAO-MAQ DEMU,30,324,29,0,10.8
12180,INTERCITY,14,323,18,0,23.071428571428573
13502,ASN -  HLZ E,18,323,43,0,17.944444444444443
12179,INTERCITY,14,323,19,0,23.071428571428573
54333,BSB-LKO PASS,46,323,60,0,7.021739130434782
12828,PRR HWH EXPR,15,323,27,0,21.533333333333335
12827,HWH PRR EXPR,14,323,26,0,23.071428571428573
54334,LKO-BSB PASS,46,323,60,0,7.021739130434782
12883,SRC PURULIA,12,322,26,0,26.833333333333332
7526,NBQ - NJP DE,33,322,64,0,9.757575757575758
7525,NJP - NBQ DE,33,322,56,0,9.757575757575758
18301,SBP-RGDA EXP,20,321,50,0,16.05
18302,RGDA-SBP EXP,20,321,50,0,16.05
22636,MAQ-MAO SF I,10,320,8,0,32.0
55326,KSJ-LJN  PAS,55,320,90,0,5.818181818181818
68747,BSP-KTE MEMU,37,320,58,0,8.64864864864865
22635,MAQ INTERCIT,10,319,8,0,31.9
55325,LJN-KSJ  PAS,55,319,111,1,5.8
54701,BTI LGH PASN,31,319,55,0,10.290322580645162
14260,LKO-MGS EKAT,8,319,46,1,39.875
12885,SHM-BJE  ARA,13,318,27,0,24.46153846153846
51197,BSL-WR PASSE,35,318,42,0,9.085714285714285
51198,WR-BSL PASSE,36,318,125,1,8.833333333333334
68748,KTE-BSP MEMU,37,318,56,0,8.594594594594595
12886,BJE-SHM ARAN,13,317,32,0,24.384615384615383
57554,ADB-PRLI-PAS,41,317,52,0,7.7317073170731705
53357,BRKA-DOS PAS,43,316,73,0,7.348837209302325
53358,DOS-BRKA PAS,42,316,62,0,7.523809523809524
57553,PRLI-ADB PAS,41,316,44,0,7.7073170731707314
51679,KTE-CPU PASS,36,316,71,0,8.777777777777779
51676,CPU KTE FAST,34,316,83,0,9.294117647058824
51680,CPU-KTE PASS,36,316,75,0,8.777777777777779
51675,KTE-CPU PASS,34,316,65,0,9.294117647058824
17011,HYB-SKZR-INT,21,316,21,0,15.047619047619047
14526,SGNR - UMB I,15,314,55,0,20.933333333333334
14525,UMB - SGNR I,15,314,41,0,20.933333333333334
51401,PUNE MMR PAS,34,314,69,0,9.235294117647058
12017,NDLS-DDN SHA,8,314,33,0,39.25
7757,SC-BZA  SPL,6,314,5,0,52.333333333333336
11051,SUR - KOP EX,9,314,32,0,34.888888888888886
7758,BZA-SC  SPL,6,314,5,0,52.333333333333336
12796,SC-BZA SUP E,4,314,3,1,78.5
12795,BZA-SC SUP E,4,314,3,1,78.5
14703,JSM LGH EXP,14,314,28,0,22.428571428571427
14704,LGH JSM EXP,14,314,32,0,22.428571428571427
12018,DDN-NDLS SHA,8,314,33,0,39.25
18697,PRNC-PNBE KO,27,314,73,1,11.62962962962963
11052,KOP - SUR EX,9,314,33,0,34.888888888888886
18698,PNBE-SHC KOS,27,314,72,0,11.62962962962963
74834,HSR BKN PASS,29,313,48,0,10.793103448275861
74833,BKN HSR PASS,29,313,49,0,10.793103448275861
22477,JU JP SF EXP,12,312,14,0,26.0
12891,BGY BBS EXPR,16,311,25,0,19.4375
12892,BBS BGY EXPR,16,311,19,0,19.4375
22478,JP JU SF EXP,12,311,15,0,25.916666666666668
51402,MMR PUNE PAS,34,311,102,1,9.147058823529411
58205,R-ITR PASSEN,42,310,74,0,7.380952380952381
55811,DBB - KYQ FA,21,309,53,0,14.714285714285714
55812,KYQ - DBB FA,21,309,53,0,14.714285714285714
15464,SGUJ - BLGT,15,309,46,0,20.6
15463,BLGT - SGUJ,15,308,45,0,20.533333333333335
51158,ET BSL PASS,37,306,267,1,8.27027027027027
59604,UDZ-AII PASS,39,306,99,1,7.846153846153846
59603,AII - UDZ PA,39,306,105,1,7.846153846153846
51157,BSL ET PASS,37,306,82,0,8.27027027027027
17012,SKZR-SC-INTE,20,305,19,0,15.25
13236,DNR - SBG IN,29,305,60,0,10.517241379310345
58207,R-JNRD PASSE,30,305,70,0,10.166666666666666
56273,ASK-UBL PASS,36,305,41,0,8.472222222222221
58208,JNRD-R PASSE,30,305,69,0,10.166666666666666
12758,SKZR-SC  EXP,14,305,13,0,21.785714285714285
12757,SC-SKZR EXP,14,305,13,0,21.785714285714285
13235,SBG - DNR IN,29,305,71,0,10.517241379310345
12055,DDN JANSHATA,9,304,17,0,33.77777777777778
12056,NEWDELHI JAN,10,304,19,0,30.4
53352,CAR-BRWD PAS,31,304,62,0,9.806451612903226
53351,BRWD-CAR PAS,31,304,61,0,9.806451612903226
12205,NANDA DEVI E,7,304,13,0,43.42857142857143
12206,NANDA DEVI E,7,304,14,0,43.42857142857143
74842,BLDI JU PASS,35,303,106,1,8.657142857142857
56274,UBL-ASK PASS,36,303,43,0,8.416666666666666
51611,KOTA-BINA PA,38,303,79,0,7.973684210526316
51612,BINA-KOTA PA,38,303,83,0,7.973684210526316
19328,COR-RTM PASS,16,302,40,0,18.875
19327,RTM-UDZ PASS,16,302,47,1,18.875
17414,PDY-TPTY WEE,11,302,18,0,27.454545454545453
17413,TPTY-PDY  WE,11,302,21,0,27.454545454545453
74841,JU BLDI PASS,35,302,83,0,8.628571428571428
58206,ITR-R PASSEN,43,302,200,1,7.023255813953488
16342,TVC-GUV INTE,22,302,31,0,13.727272727272727
16341,GUV-TVC INTE,23,302,32,0,13.130434782608695
56365,QLN-EDN PASS,43,302,59,0,7.023255813953488
56366,EDN-QLN PASS,43,302,58,0,7.023255813953488
12986,JP DOUBLE DC,6,302,8,0,50.333333333333336
12985,DEE DOUBLE D,6,302,8,0,50.333333333333336
14203,BSB LKO INTE,14,301,24,0,21.5
14204,LKO BSB INTE,14,301,22,0,21.5
14219,BSB-LKO EXPR,12,301,23,0,25.083333333333332
14220,LKO-BSB EXPR,12,301,22,0,25.083333333333332
54256,LKO-BSB PASS,42,301,62,0,7.166666666666667
54255,BSB-LKO PASS,43,301,62,0,7.0
54782,RE-BTI PASS,42,300,74,0,7.142857142857143
54781,BTI-RE PAASE,38,300,80,0,7.894736842105263
15772,KYQ - APDJ I,20,300,26,0,15.0
54820,JU-JSM  PASS,22,300,69,1,13.636363636363637
54819,JSM-JU    PA,22,300,64,0,13.636363636363637
14810,JU JSM EXPRE,11,300,46,0,27.272727272727273
19151,GIMB - PNU,17,300,30,0,17.647058823529413
19152,GIMB PNU EXP,17,300,30,0,17.647058823529413
15771,APDJ-KYQ I/C,20,300,26,0,15.0
14809,JSM JU EXPRE,11,300,40,0,27.272727272727273
57641,BGK PASS,39,299,40,0,7.666666666666667
57540,PBN PASS,36,299,42,0,8.305555555555555
57642,BGK-SUR PASS,25,299,28,0,11.96
58003,HWH-BHC PASS,38,299,52,0,7.868421052631579
58004,BHC-HWH PASS,39,298,46,0,7.641025641025641
57539,PRLI PASS,36,298,43,0,8.277777777777779
57474,BDHN-MBNR  P,62,297,84,0,4.790322580645161
51830,ET-NGP PASS,30,297,37,0,9.9
51829,NGP-ET PASS,35,297,52,0,8.485714285714286
19034,GUJARAT QUEE,27,297,36,0,11.0
19033,GUJARAT QUEE,27,297,43,0,11.0
13303,DHN -RNC INT,10,295,39,0,29.5
51813,JHS-LKO PASS,38,295,68,0,7.7631578947368425
51814,LKO-JHS PASS,39,295,69,0,7.564102564102564
11902,KKDE-MTJ EXP,13,294,40,0,22.615384615384617
56216,MYS-YPR PASS,34,294,37,0,8.647058823529411
56215,YPR-MYS PASS,34,294,43,0,8.647058823529411
11901,MTJ-KKDE EXP,13,292,40,0,22.46153846153846
57277,PASS,45,292,43,0,6.488888888888889
22162,DAMOH-BHOPAL,11,292,24,0,26.545454545454547
13304,RNC-DHN INTE,10,292,39,0,29.2
54633,SIRSA- LUDHI,36,291,65,0,8.083333333333334
11110,LKO -JHS INT,11,291,34,0,26.454545454545453
14812,DEE SIKAR EX,12,291,62,1,24.25
51805,JHS-MKP-PASS,31,291,61,0,9.387096774193548
51806,BNDA-JHS-PAS,31,291,66,0,9.387096774193548
11109,JHS-LKO INTE,11,291,29,0,26.454545454545453
14811,SIKR DEE EXP,12,291,61,0,24.25
14021,DEE SIKR,18,291,119,1,16.166666666666668
14022,SIKR DEE,18,291,53,0,16.166666666666668
22161,BHOPAL-DAMOH,11,290,20,0,26.363636363636363
55008,GKP-PPTA PAS,50,290,94,0,5.8
55007,PPTA-GKP PAS,50,290,116,0,5.8
56261,AJJ-SBC PASS,43,290,200,2,6.744186046511628
13330,GANGA DAMODA,11,290,44,0,26.363636363636363
56262,SBC-AJJ PASS,41,290,86,0,7.073170731707317
13329,GANGA DAMODA,11,290,47,1,26.363636363636363
15714,INTERCITY EX,19,289,37,0,15.210526315789474
15713,INTERCITY EX,19,289,26,0,15.210526315789474
22861,SHM-ADRA RAJ,10,288,19,0,28.8
22862,SHM-ADRA RAJ,10,288,17,0,28.8
53046,MAYURAKSHI F,20,287,22,0,14.35
53045,MAYURAKSHI F,21,286,25,0,13.619047619047619
14505,ASR-NLDM EXP,11,286,31,0,26.0
14506,NLDM-ASR EXP,12,286,29,0,23.833333333333332
58015,HWH ADRA SHI,28,284,32,0,10.142857142857142
68019,JGM-DHN MEMU,40,284,54,0,7.1
56042,PDY-TPTY,31,284,92,1,9.161290322580646
68020,JGM-DHN MEMU,41,284,54,0,6.926829268292683
58016,ADRA HWH SHI,28,284,32,0,10.142857142857142
12040,NDLS-KGM SHA,8,283,16,0,35.375
12039,KGM-NDLS SHA,8,283,15,0,35.375
54471,DLI - RKSH P,45,283,177,2,6.288888888888889
54472,RKSH-DLI PAS,46,283,157,3,6.1521739130434785
16305,ERS-CANNANOR,16,282,31,0,17.625
16306,CAN-ERS INTE,17,282,28,0,16.58823529411765
54792,BNW-MTJ PASS,34,279,77,1,8.205882352941176
54791,MTJ-BNW PASS,32,279,69,0,8.71875
54605,SDLP-LDH PAS,35,279,122,2,7.9714285714285715
51420,UBL-MRJ PASS,33,279,42,0,8.454545454545455
56041,TPTY-PDY PAS,33,279,116,1,8.454545454545455
57564,NED-HYB PASS,29,279,36,0,9.620689655172415
11048,UBL MRJ EXPR,12,279,20,0,23.25
11047,MRJ UBL EXP,12,278,27,0,23.166666666666668
15035,UTR SAMPARK,10,278,63,1,27.8
12532,LJN- GKP INT,12,278,20,0,23.166666666666668
51419,MRJ-UBL PASS,35,278,56,0,7.942857142857143
15036,UTR SAMPRK K,10,277,55,1,27.7
12531,INTERCITY EX,12,277,20,0,23.083333333333332
14228,VARUNA EXP,12,276,14,0,23.0
14227,VARUNA EXPRE,13,276,14,0,21.23076923076923
29020,KOTA - MDS E,8,276,19,0,34.5
29019,NMH - KOTA E,8,276,19,0,34.5
56270,MYS-SMET PAS,16,275,24,0,17.1875
13018,GANADEVTA EX,15,275,27,0,18.333333333333332
13027,KAVI GURU EX,11,275,15,0,25.0
13028,KAVI GURU EX,11,275,14,0,25.0
13017,GANADEVTA EX,15,275,29,0,18.333333333333332
56269,SMET-MYS PAS,16,275,24,0,17.1875
56227,SBC-SMET PAS,41,273,47,0,6.658536585365853
56651,CBE-CAN PASS,40,273,52,0,6.825
56650,CAN-CBE PASS,40,273,53,0,6.825
51973,MTJ-JP PASSE,34,273,45,0,8.029411764705882
51974,JP-MTJ PASSE,34,273,41,0,8.029411764705882
20651,SBC-SMET SF,11,273,18,0,24.818181818181817
56228,SMET-SBC PAS,41,273,48,0,6.658536585365853
20652,SMET-SBC  SF,11,273,16,0,24.818181818181817
77298,BVRM PASS,45,272,71,0,6.044444444444444
58163,GBA-RNC PASS,23,272,54,0,11.826086956521738
54539,DELHI AMBALA,42,272,146,2,6.476190476190476
54540,AMBALA DELHI,40,272,161,2,6.8
14556,BAREILLY EXP,21,271,45,0,12.904761904761905
14555,BAREILLY EXP,21,271,50,0,12.904761904761905
13242,BANKA-RJPB (,21,271,45,0,12.904761904761905
13241,BAKA- RJPB(T,21,271,50,0,12.904761904761905
22388,BLACKDIAMOND,16,270,19,0,16.875
54634,LDH HSR PASS,34,269,97,1,7.911764705882353
58164,HTE-BOA PASS,23,269,59,0,11.695652173913043
14095,HIMALAYAN QU,14,269,60,1,19.214285714285715
14096,HIMALAYAN QU,15,269,38,0,17.933333333333334
22387,BLACKDIMOND,16,269,20,0,16.8125
16581,YPR-SMET TRI,10,268,18,0,26.8
59805,JP-BXN PASSE,23,268,42,0,11.652173913043478
59806,BXN-JP PASSE,22,268,41,0,12.181818181818182
55753,SIFHUNG PASS,34,268,46,0,7.882352941176471
12005,NDLS-KLK- SH,5,268,13,0,53.6
12006,KLK-NDLS SHA,5,268,15,0,53.6
55754,SIFHUNG PASS,34,268,38,0,7.882352941176471
16579,YPR-SMET BI-,9,268,17,0,29.77777777777778
12011,NDLS-KLK SHA,6,268,14,0,44.666666666666664
12012,KLK-NDLS SHA,6,268,14,0,44.666666666666664
16582,SMET-YPR TRI,10,267,24,0,26.7
58506,VSKP-GNPR PA,28,267,74,1,9.535714285714286
58505,GNPR-VSKP PA,28,267,69,0,9.535714285714286
16580,SMET-YPR BI-,9,267,16,0,29.666666666666668
11310,MRJ-SUR EXP,14,267,31,0,19.071428571428573
11309,SUR-MRJ EXP,14,267,31,0,19.071428571428573
55224,DBG-KIR PASS,41,267,110,1,6.512195121951219
55223,KIR-DBG PASS,41,267,96,1,6.512195121951219
55540,HJP-KIR PASS,43,267,62,0,6.209302325581396
55539,KIR-HJP PASS,44,267,207,1,6.068181818181818
55528,KAMLA GANGA,37,266,96,0,7.1891891891891895
55527,KAMLA GANGA,37,266,91,0,7.1891891891891895
54303,DLI-KLK PASS,41,266,126,2,6.487804878048781
58534,PSA-CTC PASS,43,266,62,0,6.186046511627907
58533,CTC-PSA PASS,43,266,58,0,6.186046511627907
51604,KTE-BINA PAS,32,266,60,0,8.3125
12158,HUTATMA EXPR,4,265,5,0,66.25
12169,SUR INTERCIT,5,265,7,0,53.0
12170,PUNE INTERCI,5,265,6,0,53.0
12157,HUTATMA EXPR,4,265,5,0,66.25
71416,SUR PUNE DEM,31,265,59,0,8.548387096774194
69150,BH VIRAR,42,265,88,1,6.309523809523809
69149,VIRAR BH,41,265,71,0,6.463414634146342
71414,SUR PUNE DEM,33,265,42,0,8.030303030303031
71413,PUNE SUR DEM,32,265,54,0,8.28125
71415,PUNE SUR DEM,33,265,39,0,8.030303030303031
59803,RTM-KOTA PAS,24,265,37,0,11.041666666666666
59804,KOTA-RTM PAS,24,265,43,0,11.041666666666666
57632,GR PASS,31,265,36,0,8.548387096774194
13226,RJPB-JYG INT,20,264,71,0,13.2
13225,JYG-RJPB  IN,20,264,101,1,13.2
56884,VM-TPTY PASS,27,264,42,0,9.777777777777779
56830,RMM-TPJ PASS,25,264,23,0,10.56
56882,VM-TPTY PASS,30,264,61,0,8.8
51602,KMZ-BINA PAS,31,264,64,0,8.516129032258064
56885,TPTY-VM PASS,27,264,45,0,9.777777777777779
51603,BINA-KTE PAS,32,263,62,0,8.21875
14086,HARYANA EXPR,20,263,61,0,13.15
14118,BST-ALD,10,263,28,0,26.3
14117,ALD-BST EXP,10,263,36,0,26.3
14085,HARYANA EXPR,20,263,62,0,13.15
56829,TPJ-RMM PASS,25,263,28,0,10.52
12922,FLYING RANEE,14,262,26,0,18.714285714285715
16523,YPR-MAQ-KAWR,14,262,12,0,18.714285714285715
51181,DVL-BSL PASS,30,262,45,0,8.733333333333333
15766,DBB - SGUJ I,19,262,25,0,13.789473684210526
15765,SGUJ-DBB INT,19,262,24,0,13.789473684210526
51182,BSL-DVL PASS,30,262,42,0,8.733333333333333
19304,BPL INDB EXP,17,262,39,0,15.411764705882353
19303,BHOPAL EXPRE,18,262,41,0,14.555555555555555
12921,FLYING RANEE,14,262,24,0,18.714285714285715
64561,DLI-UMB MEMU,40,261,102,1,6.525
64562,UMB-DLI MEMU,40,261,96,2,6.525
58161,HTE JSG PASS,35,261,52,0,7.457142857142857
54161,KURJ-CNB-PAS,27,261,65,0,9.666666666666666
58162,JSG HTE PASS,34,261,41,0,7.676470588235294
73151,SDAH-JRLE DE,48,261,60,0,5.4375
14521,DELHI-AMBALA,14,261,33,0,18.642857142857142
14522,AMBALA-DELHI,14,261,27,0,18.642857142857142
51601,BINA-KMZ  PA,31,261,64,0,8.419354838709678
54162,CNB-KURJ-PAS,28,261,57,0,9.321428571428571
73152,JRLE-SDAH DE,48,261,54,0,5.4375
12110,PANCHAVTI EX,10,260,20,0,26.0
22101,CSMT-MMR RAJ,7,260,16,0,37.142857142857146
22102,MMR-CSMT RAJ,8,260,15,0,32.5
12109,PANCHAVATI E,10,260,23,0,26.0
18007,SHM-BPO SIML,13,260,39,0,20.0
16524,KAWR-MAQ-YPR,14,260,12,0,18.571428571428573
12340,COALFIELD EX,13,259,15,0,19.923076923076923
53408,JMP-RPH PASS,46,259,61,0,5.630434782608695
18008,BPO-SHM SIML,13,259,35,0,19.923076923076923
53347,GMO-BRWD PAS,36,258,67,0,7.166666666666667
53348,BRWD-GMO PAS,35,258,70,0,7.371428571428571
12339,COALFIELD EX,13,258,15,0,19.846153846153847
54046,FZR - JHI PA,36,257,98,1,7.138888888888889
54045,JHI - FZR PA,34,257,202,1,7.5588235294117645
14316,INTERCITY EX,16,257,30,0,16.0625
14315,INTERCITY EX,16,257,30,0,16.0625
51605,KMZ-CHRM PAS,28,256,70,0,9.142857142857142
55663,AGTL - SCL P,35,256,82,1,7.314285714285714
14214,BSB-GD INTER,12,255,68,1,21.25
55664,SCL - AGTL P,35,255,82,1,7.285714285714286
51817,KURJ JHANSI,26,254,48,0,9.76923076923077
14213,BSB-GD INTER,12,254,54,1,21.166666666666668
12813,HWH-TATA STE,8,254,13,0,31.75
51818,JHANSI KURJ,27,254,50,0,9.407407407407407
51606,CHRM-KMZ PAS,28,253,115,1,9.035714285714286
12814,TATA-HWH STE,9,253,14,0,28.11111111111111
77657,J-SNSI,19,253,26,0,13.31578947368421
77658,SNSI-J,19,253,69,1,13.31578947368421
75719,MLFC - SGUJ,45,251,57,0,5.5777777777777775
12935,BDTS SURAT E,10,251,17,0,25.1
12936,SURAT BDTS E,10,251,21,0,25.1
75720,SGUJ- MLFC D,44,251,54,0,5.704545454545454
50101,RATNAGIRI- M,22,251,20,0,11.409090909090908
15669,KYQ - DMV EX,7,250,12,0,35.714285714285715
15665,KYQ - DMV BG,9,250,25,0,27.77777777777778
15666,DMV-KYQ BG E,9,249,45,1,27.666666666666668
15670,DMV - KYQ NA,7,249,12,0,35.57142857142857
58804,G - BPQ PASS,28,249,51,0,8.892857142857142
58801,BPQ - G PASS,28,249,66,0,8.892857142857142
58803,BPQ - G PASS,28,249,71,0,8.892857142857142
58802,G - BPQ PASS,28,249,71,0,8.892857142857142
58604,GOMO KGP PAS,40,249,61,0,6.225
78820,G- BPQ DEMU,28,249,54,0,8.892857142857142
78819,BPQ-G DEMU,28,249,132,2,8.892857142857142
15060,ANVT-LKU,11,248,50,1,22.545454545454547
15059,LKU-ANVT EXP,11,248,53,1,22.545454545454547
6920,BJP-UBL SPL,38,248,35,0,6.526315789473684
58603,KGP GOMO PAS,40,248,64,0,6.2
6919,UBL-BJP SPL,38,247,35,0,6.5
12242,ASR-CDG SUPE,6,247,12,0,41.166666666666664
12241,CDG-ASR SUPE,6,247,14,0,41.166666666666664
12411,CDG-ASR INTE,9,247,28,0,27.444444444444443
12412,ASR-CDG INTE,9,247,25,0,27.444444444444443
15038,KSJ-CNB-EXP,20,247,42,0,12.35
74014,KKDE-DLI DMU,41,247,65,0,6.024390243902439
74013,DLI-KKDE DMU,41,246,72,1,6.0
15037,CNB-KSJ-EXP,20,246,42,0,12.3
14124,KANPUR INTER,15,246,23,0,16.4
14123,INTERCITY EX,15,246,19,0,16.4
12118,MANMAD LTT E,10,244,21,0,24.4
50102,MADGAON - RA,22,244,20,0,11.090909090909092
12117,LTT MANMAD E,10,244,23,0,24.4
56278,YPR-CMGR FAS,20,244,39,0,12.2
56277,CMGR-YPR FAS,20,244,28,0,12.2
15034,RMR-HW EXP,8,243,31,0,30.375
54475,DLI - HW PAS,50,243,234,2,4.86
17024,KRNT-SC TUNG,14,243,14,0,17.357142857142858
17027,HUNDRY EXPRE,13,243,13,0,18.692307692307693
54476,DLI - HW PAS,50,243,207,3,4.86
15033,HW-RMR EXP,8,243,25,0,30.375
12045,NDLS-CDG SHA,4,243,4,0,60.75
17023,SC-KRNT TUNG,16,243,16,0,15.1875
12046,CDG-NDLS SHA,4,243,4,0,60.75
57594,MED PASS,36,243,41,0,6.75
15549,JYG-PNBE-JYG,10,243,44,0,24.3
57121,RAMGIRI,26,243,25,0,9.346153846153847
17028,HUNDRY EXPRE,13,243,13,0,18.692307692307693
57593,NED PASS,36,243,37,0,6.75
15550,JYG-PNBE-JYG,10,243,51,0,24.3
13243,PNBE-GAYA -B,24,242,41,0,10.083333333333334
13244,BBU-GAYA-PNB,24,242,36,0,10.083333333333334
79302,BHL - RTM DM,26,242,59,1,9.307692307692308
79301,RTM - BHL DM,26,242,43,0,9.307692307692308
12035,JP AF SHATAB,4,240,4,0,60.0
12036,AF JP SHATAB,4,240,4,0,60.0
22322,HOOL EXP,10,240,9,0,24.0
13420,JANSEWA EXPR,18,239,50,0,13.277777777777779
58419,BBS-PSA PASS,36,239,46,0,6.638888888888889
13419,JANASEWA EXP,18,239,40,0,13.277777777777779
58420,PSA-BBS PASS,36,239,46,0,6.638888888888889
19808,JP-KOTA EXP,11,239,32,0,21.727272727272727
22321,HOOL EXP,10,239,9,0,23.9
19807,KOTA-JP EXP,11,238,33,0,21.636363636363637
51702,REWA JBP PAS,26,238,66,0,9.153846153846153
51701,JBP REWA PAS,26,238,39,0,9.153846153846153
64513,SRE-NLDM PAS,32,238,70,1,7.4375
68018,CKP GMO PASS,39,238,107,2,6.102564102564102
22189,JBP-REWA INT,11,238,29,0,21.636363636363637
22190,REWA-JBP INT,11,238,24,0,21.636363636363637
64512,NLDM-SRE PAS,32,238,52,0,7.4375
64511,SRE-NLDM PAS,32,238,73,1,7.4375
58805,CAF - G PASS,27,238,46,0,8.814814814814815
68017,GMO CKP PASS,39,238,85,1,6.102564102564102
77693,KCG-RC PASS,22,237,30,0,10.772727272727273
14044,GARHWAL EXPR,13,237,56,0,18.23076923076923
58220,CHRM - BSP P,29,237,125,0,8.172413793103448
58219,BSP - CHRM P,29,237,115,1,8.172413793103448
77694,RC-KCG DEMU,21,237,20,0,11.285714285714286
14043,GARHWAL EXPR,13,237,59,0,18.23076923076923
17619,AWB-NED WEEK,8,236,17,0,29.5
17620,NED-AWB,8,236,12,0,29.5
57435,KRNT PASS,24,236,27,0,9.833333333333334
57436,SC PASS,41,236,43,0,5.7560975609756095
59298,SMNH-PBR PAS,23,236,67,1,10.26086956521739
14613,CDG-FZR EXP,8,236,34,0,29.5
59297,PBR-SMNH PAS,23,236,54,0,10.26086956521739
14614,FZR-CDG- EXP,8,236,34,0,29.5
57660,GR PASS,38,235,59,0,6.184210526315789
57451,JRUPASS,22,234,31,0,10.636363636363637
15104,INTERCITY EX,16,234,40,0,14.625
22930,BRC BLD EXP,14,234,26,0,16.714285714285715
22929,BLD BRC EXP,14,234,18,0,16.714285714285715
57452,JRUPAS,22,234,45,0,10.636363636363637
15103,INTERCITY EX,15,234,36,0,15.6
53417,BWN-MLDT PAS,39,233,43,0,5.9743589743589745
55468,BXT - SGUJ P,34,233,46,0,6.852941176470588
53418,MLDT-BWN PAS,39,233,45,0,5.9743589743589745
54464,RKSH-CH PASS,36,233,118,0,6.472222222222222
54463,CH-RKSH PASS,38,233,87,0,6.131578947368421
15606,DBRG KYQ IC,20,233,65,1,11.65
15605,KYQ-DBRG IC,20,233,65,1,11.65
55467,SGUJ - BXT P,34,233,45,0,6.852941176470588
4772,SGNR-SDLP SP,24,232,100,1,9.666666666666666
4771,SDLP-SGNR SP,24,232,100,1,9.666666666666666
55712,NJP - MLDT P,41,232,54,0,5.658536585365853
69139,BVI ST MEMU,34,232,52,0,6.823529411764706
55711,MLDT - NJP P,41,232,51,0,5.658536585365853
56304,NCJ-KTYM PAS,44,231,58,0,5.25
53171,SDAH-LGL PAS,40,231,39,0,5.775
13410,JMP-MLDT INT,17,231,24,0,13.588235294117647
13409,MLDT-JMP INT,17,231,22,0,13.588235294117647
53175,SDAH-LGL PGR,35,231,37,0,6.6
13401,INTERCITY,28,230,47,0,8.214285714285714
13402,INTERCITY  E,28,230,42,0,8.214285714285714
55538,SPJ-KIR PASS,35,230,52,0,6.571428571428571
63105,SDAH-BPC MEM,31,230,29,0,7.419354838709677
53181,LGL PGR,34,230,40,0,6.764705882352941
53177,SDAH-LGL PGR,29,230,29,0,7.931034482758621
55537,KIR-SPJ PASS,34,230,58,0,6.764705882352941
13104,BHAGIRATHI E,14,229,13,0,16.357142857142858
53186,LGL-SDAH PGR,33,229,31,0,6.9393939393939394
53176,LGL-SDAH PAS,36,229,37,0,6.361111111111111
53178,LGL-SDAH PGR,36,229,44,0,6.361111111111111
63108,LGL-SDAH MEM,34,229,36,0,6.735294117647059
54632,DHURI -SSA P,27,229,111,1,8.481481481481481
53172,LGL SDAH PGR,38,229,67,0,6.026315789473684
13103,BHAGIRATHI E,14,229,15,0,16.357142857142858
51411,BAY-DWR PASS,29,229,29,0,7.896551724137931
63141,SDAH RPH PAS,30,228,39,0,7.6
13187,SDAH-RPH EXP,10,228,12,0,22.8
63142,RPH SDAH PAS,36,228,41,0,6.333333333333333
13188,RPH-SDAH EXP,10,228,12,0,22.8
59833,KOTA-NMH FAS,15,227,34,0,15.133333333333333
55149,GKP-BCY PASS,27,227,67,0,8.407407407407407
55120,BSB-GKP PASS,34,227,65,0,6.676470588235294
54011,TKJ SDLP PAS,39,227,60,0,5.82051282051282
55119,GKP-BSB PASS,34,227,109,1,6.676470588235294
54012,SDLP TKJ PAS,39,227,59,0,5.82051282051282
59834,NMH-KOTA FAS,15,227,23,0,15.133333333333333
55150,BCY-GKP PASS,28,227,71,0,8.107142857142858
57238,BZA-KZJ PASS,29,226,27,0,7.793103448275862
58010,JJKR  KGP PA,36,226,44,0,6.277777777777778
58009,KGP JJKR PAS,36,226,57,0,6.277777777777778
22679,YPR-HAS SUPE,10,226,8,0,22.6
63226,BSB-PNBE MEM,39,225,56,0,5.769230769230769
54254,LKO-PYG PASS,32,225,39,0,7.03125
54253,PYG-LKO PASS,32,225,67,1,7.03125
64587,CNB-TDL MEMU,29,225,27,0,7.758620689655173
57552,PASS,30,225,33,0,7.5
64588,TDL-CNB MEMU,29,225,63,1,7.758620689655173
55021,SPJ-SV PASSE,40,225,65,0,5.625
63233,PNBE-BSB MEM,35,225,64,0,6.428571428571429
55022,SV-SPJ PASSE,40,225,65,0,5.625
57237,PASS,28,225,32,0,8.035714285714286
13422,NFK-NDAE EXP,11,224,15,0,20.363636363636363
13421,NDAE-NFK EXP,11,224,21,0,20.363636363636363
53179,CP - LGL PAS,35,223,36,0,6.371428571428571
13205,SHC-DNR JANH,9,223,28,0,24.77777777777778
13206,DNR-SHC JANH,9,223,28,0,24.77777777777778
57156,PASS,29,223,36,0,7.689655172413793
57155,WADIPASS,29,223,36,0,7.689655172413793
57551,PASS,30,223,33,0,7.433333333333334
53345,CPU-ALD PASS,23,223,51,0,9.695652173913043
53346,ALD-CPU PASS,23,223,45,0,9.695652173913043
11308,HYB-GR INTER,7,223,14,0,31.857142857142858
13117,KOAA LGL EXP,11,222,13,0,20.181818181818183
15112,BCY-CPR- INT,14,222,26,0,15.857142857142858
13114,HAZARDUARI E,12,222,13,0,18.5
13113,HAZARDUARI E,12,222,13,0,18.5
12384,INTERCITY EX,9,222,10,0,24.666666666666668
53180,LGL-KOAA PAS,39,222,38,0,5.6923076923076925
58661,TATA-HTE PAS,29,222,41,0,7.655172413793103
59211,RJT PBR FAST,21,222,51,0,10.571428571428571
13118,LGL KOAA EXP,11,222,12,0,20.181818181818183
15111,CPR-BCY- INT,14,222,25,0,15.857142857142858
63211,JAJ - PNBE,34,221,42,0,6.5
51803,JHS-CNB-PASS,26,221,54,0,8.5
51804,CNB-JHS-PASS,26,221,50,0,8.5
12383,SDAH-ASN INT,9,221,8,0,24.555555555555557
11307,GR-HYB- INTE,7,221,9,0,31.571428571428573
63208,PNBE-JSME ME,34,221,57,0,6.5
75005,GKP-BNY-DMU,36,221,53,0,6.138888888888889
56654,MAQ-CLT PASS,40,220,50,0,5.5
57241,PASS,35,220,41,0,6.285714285714286
57278,PASS,34,220,32,0,6.470588235294118
57242,PASS,35,220,33,0,6.285714285714286
16303,ERS-TVC VANC,19,220,24,0,11.578947368421053
75002,GD-BNY-GKP-D,36,220,60,0,6.111111111111111
56241,SA-YPR PASSR,22,220,22,0,10.0
75007,GKP-BNY-GD D,24,220,46,0,9.166666666666666
75008,GD-BNY-GKP-D,24,220,49,0,9.166666666666666
16304,TVC-ERS VANC,19,219,24,0,11.526315789473685
58662,HTE TATA PAS,29,219,44,0,7.551724137931035
12567,SHC-PNBE RAJ,9,219,13,0,24.333333333333332
56242,YPR-SA PASSR,22,219,22,0,9.954545454545455
12568,PNBE-SHC RAJ,9,219,14,0,24.333333333333332
53048,VISWABHARATI,23,218,25,0,9.478260869565217
53047,VISWABHARARI,23,218,24,0,9.478260869565217
75708,SGUJ - RDP D,28,217,45,0,7.75
19324,INDB INTERCI,7,217,6,0,31.0
19323,INTERCITY EX,7,217,9,0,31.0
12373,SDAH RPH INT,7,217,8,0,31.0
57232,COA-BZA-GNT,27,217,31,0,8.037037037037036
57231,COA PASS,27,217,31,0,8.037037037037036
7061,COA-VLNK,8,217,15,0,27.125
53030,BGP-AZ PASSE,41,217,57,0,5.2926829268292686
75707,RDP - SGUJ D,28,217,46,0,7.75
53029,AZ-BGP PASSE,42,217,68,0,5.166666666666667
59212,PBR RJT FAST,21,216,51,1,10.285714285714286
53002,AZ-HWH PASSE,36,216,61,0,6.0
12374,RPH SDAH INT,7,216,7,0,30.857142857142858
59716,RE-FL PASSEN,28,215,29,0,7.678571428571429
11802,ETW-JHS LINK,6,215,46,1,35.833333333333336
59717,FL-RE PASSEN,28,215,29,0,7.678571428571429
59718,RE-FL PASSEN,28,215,28,0,7.678571428571429
58702,ABKP - SDL P,24,215,55,0,8.958333333333334
68003,HWH-GTS MEMU,23,215,25,0,9.347826086956522
59720,RE-FL SPL PA,28,215,29,0,7.678571428571429
58701,SDL - ABKP P,24,215,59,0,8.958333333333334
59719,FL-RE SPL PA,28,215,29,0,7.678571428571429
59715,FL-RE PASSEN,28,215,30,0,7.678571428571429
64563,UMB-NLDM-ADD,23,215,38,0,9.347826086956522
64564,AADR-NLDM-UM,23,215,110,2,9.347826086956522
68749,SDL - ABKP M,25,215,57,0,8.6
68750,ABKP - SDL M,25,215,55,0,8.6
11801,JHS-ETW EXPR,6,215,21,0,35.833333333333336
52472,JDNX-PTK PAS,34,215,154,1,6.323529411764706
74991,UMB-CHDL PAS,23,215,44,0,9.347826086956522
74992,CHDL-UMB PAS,23,215,79,1,9.347826086956522
54110,MGS - FD PAS,33,214,50,0,6.484848484848484
54109,MGS - FD PAS,33,214,55,0,6.484848484848484
55330,KSJ-SKB PASS,33,214,68,0,6.484848484848484
75106,ALY-MAU-DMU-,37,214,54,0,5.783783783783784
75105,MAU-ALY-DMU-,37,214,47,0,5.783783783783784
58221,CHRM - CHD P,20,214,46,0,10.7
68706,DGG-BSP MEMU,33,214,122,1,6.484848484848484
68004,GTS-HWH MEMU,23,214,25,0,9.304347826086957
56821,MV-TEN PASSE,20,214,25,0,10.7
58425,KDJR-BBS FAS,22,214,33,0,9.727272727272727
58426,BBS-KDJR FAS,22,214,28,0,9.727272727272727
56822,TEN-MV PASSE,20,214,24,0,10.7
59730,RE SIKR PASS,25,213,47,0,8.52
59728,RE SIKR PASS,17,213,55,1,12.529411764705882
59727,SIKR  RE PAS,25,213,53,1,8.52
14110,CNB-CKTD EXP,12,213,20,0,17.75
52474,JDNX-PTK PAS,33,213,168,1,6.454545454545454
58222,CHD - CHRM P,20,213,50,0,10.65
14109,CTKD-CNB EXP,12,213,26,0,17.75
55329,SKB-KSJ PASS,33,213,110,1,6.454545454545454
16090,YELAGIRI EXP,16,213,27,0,13.3125
59729,SIKR RE PASS,17,213,43,0,12.529411764705882
51405,MRJ-CLR PASS,24,212,34,0,8.833333333333334
16089,MAS-TPT YELA,16,212,18,0,13.25
51406,CLR-MRJ PASS,24,212,22,0,8.833333333333334
54793,SWM-MTJ PASS,22,212,32,0,9.636363636363637
14545,DLI SRE EXP,27,212,154,1,7.851851851851852
54794,MTJ-SWM PASS,23,212,34,0,9.217391304347826
74845,RE SDLP HSR,28,211,59,1,7.535714285714286
22680,HAS-YPR SUPE,10,211,8,0,21.1
74846,HSR SDLP RE,28,211,52,0,7.535714285714286
74848,HSR SDLP RE,28,211,71,1,7.535714285714286
74847,RE SDLP HSR,28,211,48,0,7.535714285714286
13054,SURI HWH EXP,6,210,6,0,35.0
75715,SGUJ - DHH P,30,210,41,0,7.0
58018,ASN - KGP PA,31,210,48,0,6.774193548387097
75716,DHH - SGUJ P,30,210,41,0,7.0
13053,HWH SURI EXP,6,210,41,1,35.0
57240,MASPASS,31,209,57,0,6.741935483870968
14661,JU BME EXP,8,209,19,0,26.125
54604,LDH-HSR PASS,29,209,51,0,7.206896551724138
54603,HSR-LDH PASS,29,209,61,0,7.206896551724138
74840,BME JU PASS,24,209,42,0,8.708333333333334
74844,BME JU PASS,24,209,36,0,8.708333333333334
14662,BME JU EXPRE,8,209,53,1,26.125
54606,LDH-HSR PASS,29,209,38,0,7.206896551724138
54636,LUDHINA HISA,29,209,52,0,7.206896551724138
54635,HISAR LUDHIN,28,209,81,1,7.464285714285714
68746,R-GAD MEMU,28,209,53,0,7.464285714285714
57657,MUGR-KZJ PAS,23,209,49,0,9.08695652173913
68745,GAD- R MEMU,29,209,47,0,7.206896551724138
53001,HWH - AZ PAS,42,209,55,0,4.976190476190476
58204,R-GAD PASSEN,29,209,52,0,7.206896551724138
58203,GAD-R PASSEN,29,209,49,0,7.206896551724138
58017,KGP - ASN PA,31,209,59,0,6.741935483870968
57658,KZJ-MUGR PAS,23,209,26,0,9.08695652173913
51412,UBL-BAY PASS,24,208,24,0,8.666666666666666
54102,ALD-UCR-CNB-,34,208,40,0,6.117647058823529
54101,UCR-CNB-PASS,34,208,37,0,6.117647058823529
14102,CNB-PRG EXP,13,208,20,0,16.0
55803,NBQ - GHY PA,19,208,18,0,10.947368421052632
54813,JU-BME PASS,24,208,43,0,8.666666666666666
74843,JU BME PASS,24,208,43,0,8.666666666666666
13346,SGRL-BSB INT,9,208,70,2,23.11111111111111
74839,JU BME PASS,24,208,37,0,8.666666666666666
55804,GHY - NBQ PA,19,208,18,0,10.947368421052632
13345,BSB-SGRL INT,9,208,53,1,23.11111111111111
75724,GHY - NBQ DE,19,208,18,0,10.947368421052632
75723,NBQ - GHY DE,19,208,18,0,10.947368421052632
14101,PRG-CNB EXP,13,208,18,0,16.0
22876,PRR-KGP EXPR,14,207,22,0,14.785714285714286
63228,MGS-PNBE  ME,31,207,39,0,6.67741935483871
54631,DUI JHL HSR,24,207,55,1,8.625
56603,TCR-CAN PASS,41,207,50,0,5.048780487804878
63234,MGS-PNBE MEM,29,207,62,0,7.137931034482759
63227,PNBE-MGS MEM,37,207,45,0,5.594594594594595
63264,MGS-PNBE MEM,31,207,48,0,6.67741935483871
22875,KGP-PRR EXPR,14,207,19,0,14.785714285714286
63225,PNBE-MGS MEM,34,207,42,0,6.088235294117647
63231,PNBE-MGS MEM,33,207,45,0,6.2727272727272725
57583,PASS,26,206,27,0,7.923076923076923
12347,HWH RPH EXP,9,206,10,0,22.88888888888889
57581,PASS,26,206,26,0,7.923076923076923
59038,SURAT VR PAS,31,206,48,0,6.645161290322581
59037,VIRAR ST PAS,30,206,73,0,6.866666666666666
59230,BVC - DHG PA,24,206,42,0,8.583333333333334
59229,DHG - BVC PA,23,206,41,0,8.956521739130435
12348,RPH HWH EXP,9,206,9,0,22.88888888888889
57584,PASS,26,206,27,0,7.923076923076923
69140,SURAT VR,30,206,49,0,6.866666666666666
57582,PASS,26,206,27,0,7.923076923076923
52260,MLN-GD  PASS,16,205,28,0,12.8125
52259,GNAN-MLN PAS,16,205,36,0,12.8125
52241,BRK-MLN PASS,18,205,38,0,11.38888888888889
52258,MLN-BRK PASS,16,205,36,0,12.8125
52242,STP-BRK- PAS,18,205,38,0,11.38888888888889
52257,BRK-MLN PASS,16,205,36,0,12.8125
52252,MLN-BRK PASS,19,205,39,0,10.789473684210526
52255,BRK-MLN PASS,19,205,39,0,10.789473684210526
52253,BRK-MLN PASS,18,205,38,0,11.38888888888889
52254,MLN-BRK PASS,18,205,38,0,11.38888888888889
52251,BRK-MLN PASS,18,205,38,0,11.38888888888889
52256,MLN-BRK PASS,18,205,36,0,11.38888888888889
5720,SGUJ - KIR D,11,205,18,0,18.636363636363637
51831,JHS-AGC,25,204,47,0,8.16
23348,RJPB-SGRL LI,11,204,39,0,18.545454545454547
23347,SGRL-PNBE LI,11,204,44,0,18.545454545454547
51832,AGC-JHS PASS,25,204,33,0,8.16
66020,SA-KPD PASSR,27,204,30,0,7.555555555555555
51815,JHS-AGC PASS,25,204,46,0,8.16
58218,R-TIG PASS,14,204,31,0,14.571428571428571
75743,KIR - SGUJ D,33,204,45,0,6.181818181818182
15202,RXL-NKE-PPTA,17,204,83,2,12.0
58217,TIG-R PASS,13,204,30,0,15.692307692307692
5719,KIR - SGUJ D,11,204,23,0,18.545454545454547
75744,SGUJ - KIR D,33,204,46,0,6.181818181818182
15201,PPTA-RXL-NKE,17,204,93,1,12.0
51816,AGC-JHS PASS,25,204,43,0,8.16
63296,MGS-GAYA MEM,28,203,28,0,7.25
75116,PRG-GCT DEMU,30,203,41,0,6.766666666666667
64584,DLI-TDL MEMU,32,203,32,0,6.34375
63295,GAYA-MGS MEM,28,203,27,0,7.25
14546,SRE DLI EXP,27,203,49,0,7.518518518518518
64583,TDL-DLI MEMU,31,203,36,0,6.548387096774194
75115,GCT-PRG- PAS,30,203,45,0,6.766666666666667
14222,CPA-FD EXPRE,9,203,27,0,22.555555555555557
14221,FD-CPA EXPRE,9,203,23,0,22.555555555555557
52073,MJ-MVJ PASS,15,202,17,0,13.466666666666667
15719,KIR-SGUJ INT,18,202,25,0,11.222222222222221
15720,SGUJ-KIR INT,18,202,25,0,11.222222222222221
58532,VSKP - PSA P,27,202,33,0,7.481481481481482
58525,PSA-VSKP PAS,27,202,55,0,7.481481481481482
58526,VSKP-PSA PAS,26,202,49,0,7.769230769230769
58531,PSA-VSKP PAS,27,202,34,0,7.481481481481482
52076,MVJ MJ PASS,16,202,17,0,12.625
14125,SARYU EXPRES,15,202,36,0,13.466666666666667
14126,SARYU EXPRES,15,202,29,0,13.466666666666667
58414,PURI-TLHR PA,43,202,57,0,4.6976744186046515
58413,TLHR-PURI PA,42,202,57,0,4.809523809523809
52075,MJ MVJ PASS,16,202,33,0,12.625
52074,MVJ-MJ PASS,15,202,43,0,13.466666666666667
66019,KPD-SA PASSR,27,202,34,0,7.481481481481482
55014,MUV-CPR PASS,33,201,71,0,6.090909090909091
19572,PBR-RJT  EXP,15,201,35,0,13.4
54551,UMB - BTI PA,26,201,40,0,7.730769230769231
54556,BTI - UMB PA,24,201,35,0,8.375
54552,BTI - UMB PA,26,201,44,0,7.730769230769231
76525,CPT-KQZ DEMU,31,201,61,1,6.483870967741935
14371,TRIBENI EXPR,10,201,25,0,20.1
76526,KQZ-CPT DEMU,31,201,42,0,6.483870967741935
14372,CHOPAN BARWA,10,201,25,0,20.1
59226,MHV - BVC PA,25,201,42,0,8.04
59225,BVC - MHV PA,25,201,61,0,8.04
19571,RJT-PBR EXP,15,201,28,0,13.4
55132,BCY-CPR PASS,33,201,69,0,6.090909090909091
14215,GANGA GOMTI,11,200,18,0,18.181818181818183
14216,GANGA GOMTI,11,200,14,0,18.181818181818183
55131,CPR-BSB PASS,33,200,94,0,6.0606060606060606
12342,AGNIVEENA EX,7,200,8,0,28.571428571428573
55013,CPR-BSB PASS,33,200,59,0,6.0606060606060606
63598,ASN-RNC PASS,29,200,62,1,6.896551724137931
12341,AGNIVEENA EX,7,199,8,0,28.428571428571427
54036,JAKHAL JIND,35,199,62,0,5.685714285714286
54035,DELHI JIND J,35,199,60,0,5.685714285714286
63597,RNC-ASN PASS,29,198,37,0,6.827586206896552
13306,GAYA-DHN  IN,17,198,30,0,11.647058823529411
13305,DHN-GAYA INT,17,198,30,0,11.647058823529411
54271,ARA-SSM-MGS,31,198,43,0,6.387096774193548
54272,MGS-ARA  PAS,31,198,36,0,6.387096774193548
13301,SUVARNA REKH,12,198,59,0,16.5
56282,SBC-CMNR FAS,27,198,33,0,7.333333333333333
56281,CMNR-SBC FAS,27,198,32,0,7.333333333333333
77418,HUP PASS,22,197,26,0,8.954545454545455
14201,JNU - RBL EX,11,197,20,0,17.90909090909091
77419,HUP GTL PASS,21,197,25,0,9.380952380952381
4852,RTGH MTD SPL,21,197,28,0,9.380952380952381
14202,RBL-JNU,11,197,17,0,17.90909090909091
4851,MTD RTGH SPL,21,197,35,0,9.380952380952381
13302,SUVARNA REKH,12,197,56,0,16.416666666666668
16116,PDY-MS EXP,10,196,14,0,19.6
16115,MS-PDY EXP,10,196,17,0,19.6
56038,PDY-MS PASS,17,196,24,0,11.529411764705882
58422,PURI-ANGL PA,30,196,59,0,6.533333333333333
56037,MS-PDY PASS,18,196,27,0,10.88888888888889
56715,KANNIYAKUMAR,19,196,45,0,10.31578947368421
58421,ANGL-PURI PA,30,196,59,0,6.533333333333333
64592,CNB-ALD,31,194,58,1,6.258064516129032
54541,MEERUT AMBAL,28,194,57,0,6.928571428571429
22442,CNB-ALD-INTE,9,194,14,0,21.555555555555557
22441,ALD-CNB-INTE,9,194,14,0,21.555555555555557
14209,BDL-LKO INTE,8,194,11,0,24.25
53064,BHW - BWN PA,31,194,35,0,6.258064516129032
14210,LKO - BDL IN,8,194,9,0,24.25
54542,AMBALA MEERU,28,194,100,1,6.928571428571429
51902,DLI-AGC PASS,32,194,55,0,6.0625
64591,ALD-CNB,31,194,31,0,6.258064516129032
53063,BWN - BHW PA,31,194,43,0,6.258064516129032
56012,HX-AJJ PASSR,27,193,44,0,7.148148148148148
13250,BBU-PNBE INT,12,193,24,0,16.083333333333332
56011,AJJ-HX PASSR,27,193,99,1,7.148148148148148
63595,BKSC-ASN MEM,26,193,71,1,7.423076923076923
13249,PNBE-BBU INT,12,193,24,0,16.083333333333332
63596,ASN-BKSC MEM,26,193,59,0,7.423076923076923
59023,BCT BL PASS,20,193,27,0,9.65
59024,BL BCT PASS,21,193,23,0,9.19047619047619
64566,SRE-MB MEMU,30,192,40,0,6.4
64565,MB-SRE MEMU,30,192,48,0,6.4
58434,BAM-CTC  FAS,17,192,23,0,11.294117647058824
52471,PTK-JDNX PAS,30,192,84,1,6.4
58433,CTC-BAM FAST,18,192,24,0,10.666666666666666
51807,JHS-BNDA PAS,20,191,33,0,9.55
57122,RAMGIRI,21,191,19,0,9.095238095238095
22105,INDRAYANI EX,8,191,12,0,23.875
56911,JRU-UBL  PAS,19,191,21,0,10.052631578947368
56915,JRU-UBL PASS,22,191,28,0,8.681818181818182
11007,DECCAN EXPRE,12,191,18,0,15.916666666666666
14212,AGC INTERCIT,18,191,23,0,10.61111111111111
12128,INTERCITY EX,5,191,5,0,38.2
12127,INTERCITY EX,6,191,7,0,31.833333333333332
11010,SINHAGAD EXP,11,191,20,0,17.363636363636363
11009,SINHAGAD EXP,12,191,22,0,15.916666666666666
57473,KCG-BDHN PAS,40,191,43,0,4.775
22106,INDRAYANI EX,7,191,9,0,27.285714285714285
52473,PTK-JDNX PAS,34,191,80,1,5.617647058823529
12123,DECCAN QUEEN,5,191,6,0,38.2
12124,DECCAN QUEEN,4,191,3,0,47.75
11008,DECCAN EXPRE,11,191,15,0,17.363636363636363
12126,PRAGATI EXPR,7,190,9,0,27.142857142857142
12125,PRAGATI EXPR,8,190,7,0,23.75
54764,SGNR SDLP PA,26,190,60,0,7.3076923076923075
54763,SDLP SGNR PA,31,190,63,0,6.129032258064516
51901,AGC-DLI PASS,31,190,41,0,6.129032258064516
55079,BTH-GKP PASS,28,189,54,0,6.75
51437,KWV-MRJ PASS,17,189,25,0,11.117647058823529
51438,MRJ-KWV PASS,17,189,17,0,11.117647058823529
56916,UBL-JRU PASS,22,189,24,0,8.590909090909092
56912,UBL-JRU PASS,19,189,24,0,9.947368421052632
68024,PRR-JGM MEMU,27,189,43,0,7.0
55042,GKP-BTH PASS,26,189,52,0,7.269230769230769
22822,PRR-JGM EXPR,11,189,17,0,17.181818181818183
52946,DASF - VRLF,17,189,38,0,11.117647058823529
59507,RJT- SMNH PA,18,189,24,0,10.5
54473,DLI SRE PASS,33,189,40,0,5.7272727272727275
54474,SAHARANPUR N,28,189,31,0,6.75
52929,VRLF - DASF,17,189,66,1,11.117647058823529
59422,SMNH RJT PAS,22,189,38,0,8.590909090909092
59423,RJT SMNH PAS,22,189,47,0,8.590909090909092
59508,SMNH -RJT PA,18,189,45,0,10.5
52933,VRLF-DASF MG,17,189,38,0,11.117647058823529
52930,DASF - VRLF,17,189,23,0,11.117647058823529
53524,DHN-ASN PASS,35,188,109,1,5.371428571428571
79304,RTM - COR -,18,188,18,0,10.444444444444445
56716,PUNALUR PASS,19,188,39,0,9.894736842105264
51431,MRJ LD PASSE,22,188,28,0,8.545454545454545
51432,LD MRJ PASNG,21,188,32,0,8.952380952380953
53523,ASN-BRKA PAS,35,188,58,0,5.371428571428571
79303,RTM -COR- RT,19,188,20,0,9.894736842105264
14211,AGC INTERCIT,18,188,23,0,10.444444444444445
22821,JHG-PRR BI-W,11,188,17,0,17.09090909090909
68023,JGM-PRR MEMU,27,188,35,0,6.962962962962963
68007,HWH JER MEMU,43,188,45,0,4.372093023255814
51033,SAINAGAR SHI,8,187,13,0,23.375
51034,SAINAGAR SHI,7,187,12,0,26.714285714285715
75230,RXL-SPJ DEMU,31,187,64,0,6.032258064516129
75227,SPJ-RXL-DEMU,29,187,62,0,6.448275862068965
75225,SPJ-RXL DEMU,23,187,56,0,8.130434782608695
75226,RXL-SPJ DEMU,23,187,56,0,8.130434782608695
22898,DGHA -HWHKAN,9,186,13,0,20.666666666666668
12858,TAMRALIPTA,8,186,10,0,23.25
12848,DGHA-HWH SUP,5,186,6,0,37.2
52171,GWO-SOE PASS,28,186,66,0,6.642857142857143
52172,SOE-GWO PASS,28,186,70,0,6.642857142857143
22996,AII-BDTS SUF,4,185,7,0,46.25
20901,LINK EXPRESS,4,185,7,0,46.25
64167,PWL-ALJN EMU,32,185,52,0,5.78125
12847,HWH-DGHA SUP,5,185,6,0,37.0
12857,TAMRALIPTA,8,185,11,0,23.125
22897,HWH-DGHA KAN,9,185,13,0,20.555555555555557
20902,LINK EXPRESS,4,185,17,0,46.25
22995,BDTS - AII,4,185,7,0,46.25
74832,CUR BKN PASS,19,185,25,0,9.736842105263158
74831,BKN-CUR PASS,19,185,37,0,9.736842105263158
52468,BJPL-PTK,30,185,39,0,6.166666666666667
64168,ALJN-PWL EMU,32,185,44,0,5.78125
52466,BJPL-PTK PAS,30,185,40,0,6.166666666666667
17409,ADB-NED EXP,9,184,8,0,20.444444444444443
58504,VSKP-RGDA PA,25,184,30,0,7.36
58503,RGDA-VSKP PA,25,184,30,0,7.36
59424,VRL  - RJT P,21,184,43,0,8.761904761904763
59421,RJT VRL PASS,21,184,24,0,8.761904761904763
14602,SGNR-FZR EXP,10,184,21,0,18.4
14601,FZR-SGNR EXP,10,184,17,0,18.4
17410,NED-ADB EXP,9,184,8,0,20.444444444444443
12050,GATIMAN EXPR,2,183,0,0,91.5
75717,SGUJ - BXT D,29,183,45,0,6.310344827586207
53623,JAJ - GAYA P,20,183,26,0,9.15
53624,GAYA-JAJ  PA,21,183,35,0,8.714285714285714
75718,BXT - SGUJ D,29,183,40,0,6.310344827586207
59319,UJN BPL PASS,25,183,31,0,7.32
59320,BPL UJJAIN P,25,183,26,0,7.32
58008,BHC-KGP PASS,28,182,30,0,6.5
58007,KGP-BHC PASS,28,182,30,0,6.5
15816,DKGN-KYQ INT,12,182,62,0,15.166666666666666
57448,MBNR-MZL PAS,43,182,60,0,4.232558139534884
59046,BL BDTS PASS,23,182,32,0,7.913043478260869
56665,KGQ-BYNDOOR,20,182,88,0,9.1
15815,KYQ-DKGN INT,12,182,62,0,15.166666666666666
55601,KYQ - LMG PA,26,181,60,0,6.961538461538462
75714,NCB - SGUJ D,20,181,45,0,9.05
12049,GATIMAN EXPR,2,181,0,0,90.5
75713,SGUJ - NCB D,20,181,36,0,9.05
64559,DLI - SRE ME,28,180,30,0,6.428571428571429
56112,ED-JTJ PASS,23,180,22,0,7.826086956521739
64560,SRE - DLI ME,28,180,35,0,6.428571428571429
51442,KOP-STR PASS,24,180,28,0,7.5
51441,STR KOP PASS,24,180,26,0,7.5
64953,AGC-NZM EMU,26,180,26,0,6.923076923076923
64558,SRE-DLI MEMU,28,180,29,0,6.428571428571429
64557,DLI-SRE MEMU,28,180,32,0,6.428571428571429
76841,CUPJ-TPJ PAS,26,180,29,0,6.923076923076923
56840,ED JTJ PASSR,23,180,29,0,7.826086956521739
76842,TPJ-CUPJ PAS,27,180,35,0,6.666666666666667
12119,AMRAVATI-NGP,5,180,7,0,36.0
12120,NGP-AMI EXPR,5,180,8,0,36.0
55602,LMG - KYQ PA,26,180,60,0,6.923076923076923
56846,ED JTJ PASSR,23,180,26,0,7.826086956521739
15106,INTERCITY EX,16,179,24,0,11.1875
55221,KIR-BJU PASS,24,179,32,0,7.458333333333333
28181,BJU-KIR EXP,14,179,30,0,12.785714285714286
28182,KIR BJU EXPR,14,179,25,0,12.785714285714286
56666,BYNDOOR-KGQ,20,179,18,0,8.95
55222,BJU-KIR PASS,25,179,30,0,7.16
55020,GKP-CPR PASS,27,179,53,0,6.62962962962963
77292,BZA-BDCR PAS,25,178,32,0,7.12
56845,JTJ -  ED PA,23,178,26,0,7.739130434782608
56839,JTJ ED PASSR,23,178,26,0,7.739130434782608
56111,JTJ-ED PASS,23,178,25,0,7.739130434782608
55019,CPR-GKP PASS,27,178,51,0,6.592592592592593
63212,PNBE-JAJ MEM,29,177,29,0,6.103448275862069
15105,INTERCITY EX,10,177,16,0,17.7
63209,JAJ-PNBE MEM,29,177,30,0,6.103448275862069
63207,JAJ-PNBE MEM,30,177,33,0,5.9
77291,BZA PASS,23,177,25,0,7.695652173913044
63210,PNBE-JAJ MEM,30,177,31,0,5.9
55914,TSK - JTTN P,27,176,75,0,6.518518518518518
55913,JTTN - TSK P,27,176,78,0,6.518518518518518
54326,SPC BLM CNB,30,176,195,1,5.866666666666666
54325,CNB SPC BLM,30,176,131,1,5.866666666666666
22905,OKHA-HAPA LI,5,176,12,0,35.2
52464,BJPL-PTK PAS,27,176,38,0,6.518518518518518
22906,HAPA-OKHA LI,5,176,12,0,35.2
56602,CAN-SRR PASS,35,175,81,1,5.0
58143,TATA - HTE P,26,175,48,0,6.730769230769231
52938,BTDF - ADI M,14,175,18,0,12.5
68724,G-R MEMU LOC,27,175,43,0,6.481481481481482
52939,ADI - BTDF,14,175,23,0,12.5
53404,GAYA-JMP PAS,21,174,29,0,8.285714285714286
53616,GAYA-JAMALPU,19,174,32,0,9.157894736842104
58224,ABKP-APR PAS,20,174,49,0,8.7
53615,JMP-GAYA PAS,19,174,33,0,9.157894736842104
56736,SCT-MDU PASS,14,173,13,0,12.357142857142858
25631,BKN - GHY EX,4,173,7,0,43.25
56734,SCT-MDU PASS,14,173,13,0,12.357142857142858
56735,MDU-SCT  PAS,14,173,13,0,12.357142857142858
22464,BKN-MTD  LIN,4,173,7,0,43.25
56362,ERS-NIL PASS,33,173,58,0,5.242424242424242
56732,SCT-MDU PASS,14,173,17,0,12.357142857142858
56733,MDU-SCT PASS,14,173,12,0,12.357142857142858
22308,BKN-MTD,5,173,9,0,34.6
56363,NIL-ERS PASS,33,173,62,1,5.242424242424242
56731,MDU-SCT PASS,14,173,17,0,12.357142857142858
25632,GHY - BKN EX,4,172,7,0,43.0
54293,PBH-LKO PASS,25,172,27,0,6.88
54294,LKO-PBH PASS,27,172,31,0,6.37037037037037
22463,MTD-BKN  LIN,4,172,7,0,43.0
74201,PBH-LKO DMU,25,172,28,0,6.88
74202,LKO/PBH DMU,25,172,28,0,6.88
22307,MTD-BKN,5,172,9,0,34.4
18414,PURI-PRDP IN,12,172,34,0,14.333333333333334
18413,PRDP-PURI IN,12,172,47,1,14.333333333333334
57382,GNT PASS,26,171,38,0,6.576923076923077
77295,GNT PASS,36,171,49,0,4.75
57381,NS PASS,31,171,52,0,5.516129032258065
68055,ASN TATA LOC,29,171,61,1,5.896551724137931
68056,TATA ASN LOC,29,170,66,1,5.862068965517241
74646,JUC-UMB PASS,21,170,32,0,8.095238095238095
74645,UMB-JUC PASS,22,170,32,0,7.7272727272727275
59233,SUNR BTD PAS,20,169,49,1,8.45
59272,BVC - SUNR P,18,169,18,0,9.38888888888889
52470,BJPL-PTK PAS,23,169,31,0,7.3478260869565215
59835,NMH-UDZ PASS,20,169,58,1,8.45
59271,SUNR - BVC P,18,169,42,1,9.38888888888889
75207,SPJ-MFP DEMU,23,169,64,0,7.3478260869565215
77248,RAL PASS,23,169,27,0,7.3478260869565215
59234,BTD - SUNR P,20,169,19,0,8.45
59203,SUNR-BVC PAS,22,169,26,0,7.681818181818182
59836,UDZ-NMH PASS,20,169,64,1,8.45
59204,BVC-SUNR FAS,22,169,27,0,7.681818181818182
75208,MFP - SPJ DE,22,169,63,0,7.681818181818182
55726,APDJ-NJP PAS,23,168,22,0,7.304347826086956
55140,SHG - BUI  P,26,168,57,0,6.461538461538462
55138,SHG - BUI  P,26,168,53,0,6.461538461538462
55725,NJP-APDJ PAS,23,168,25,0,7.304347826086956
57256,VSKP-COA PSG,23,168,40,0,7.304347826086956
58602,ADRA KGP PAS,22,168,105,1,7.636363636363637
58601,KGP ADRA PAS,22,168,22,0,7.636363636363637
57255,COA-VSKP PSG,23,168,41,0,7.304347826086956
55137,BUI - SHG  P,26,167,61,0,6.423076923076923
55139,BUI- SHG PAS,26,167,54,0,6.423076923076923
56267,ASK-MYS PASS,21,167,23,0,7.9523809523809526
56268,MYS-ASK PASS,21,167,23,0,7.9523809523809526
51293,NGP AMLA PAS,20,167,29,0,8.35
55341,KSJ-BTE PASS,22,167,63,0,7.590909090909091
51294,AMLA NGP PAS,18,167,16,0,9.277777777777779
75729,GHY - SHTT D,16,167,23,0,10.4375
55342,BTE-KSJ  PAS,22,167,66,0,7.590909090909091
54153,RBL-UCR-CNB,27,167,28,0,6.185185185185185
54154,CNB-UCR-RBL,27,167,53,1,6.185185185185185
56266,MYS-ASK PASS,21,167,22,0,7.9523809523809526
56265,ASK-MYS PASS,21,167,23,0,7.9523809523809526
55076,GKP-SV PASSA,28,166,60,0,5.928571428571429
75012,GKP-SV-DMU S,27,166,42,0,6.148148148148148
13512,ASN-TATA TRI,9,166,13,0,18.444444444444443
75730,SHTT - GHY D,16,166,22,0,10.375
55334,MTJ-KSJ PASS,22,166,37,0,7.545454545454546
55333,KSJ-AF PASSE,22,166,47,0,7.545454545454546
55075,SV-GKP PASSA,28,166,62,0,5.928571428571429
13511,TATA-ASN TRI,9,166,13,0,18.444444444444443
57690,KCG-NZB PASS,16,165,14,0,10.3125
57602,NZB-KCG PASS,21,165,20,0,7.857142857142857
56223,SBC-ASK PASS,29,165,30,0,5.689655172413793
57689,NZB-KCG PASS,12,165,10,0,13.75
57688,KCG-NZB,11,165,9,0,15.0
57687,NZB-KCG PASS,14,165,12,0,11.785714285714286
56224,ASK-SBC PASS,29,165,29,0,5.689655172413793
58411,BBS-BAM PASS,27,165,33,0,6.111111111111111
78503,BBS-BAM PASS,28,165,30,0,5.892857142857143
78504,BAM-BBS PASS,28,165,34,0,5.892857142857143
58412,BAM-BBS PASS,27,165,29,0,6.111111111111111
57601,KCG-NZB PASS,23,165,22,0,7.173913043478261
54354,BARELLY ALIG,27,164,48,0,6.074074074074074
64222,HRI-LKO-HRI,22,164,35,0,7.454545454545454
52469,PTK-BJPL,25,164,34,0,6.56
55001,GKP-AY PASSE,26,164,82,1,6.3076923076923075
55002,AY-GKP  PASS,24,164,60,0,6.833333333333333
55122,MUV-BTT PASS,26,164,46,0,6.3076923076923075
54352,BE - ALJN PA,27,164,47,0,6.074074074074074
64461,NZM KKDE MEM,32,164,34,0,5.125
64462,KKDE-NZM MEM,32,164,32,0,5.125
54351,ALIGARH BARE,27,164,53,0,6.074074074074074
54353,ALJN-BE PASS,22,164,42,0,7.454545454545454
64221,LKO-HRI-LKO,22,164,22,0,7.454545454545454
67264,PUSHPULL,18,163,20,0,9.055555555555555
74021,DLI-SRE DMU,36,163,37,0,4.527777777777778
74024,SREL-DLI DMU,36,163,36,0,4.527777777777778
51913,DLI-SMQL-SRE,32,163,35,0,5.09375
55034,SPC-GD  PASS,25,163,54,0,6.52
51909,DLI--SMQL-SR,36,163,47,0,4.527777777777778
67267,PUSHPULL,18,163,17,0,9.055555555555555
67265,PUSHPULL,18,163,17,0,9.055555555555555
17009,BIDR-HYB-INT,9,163,8,0,18.11111111111111
51911,DLI-SMQL-SRE,36,163,38,0,4.527777777777778
51912,SRE-SMQL-DLI,36,163,40,0,4.527777777777778
51910,SRE-SMQL-DLI,36,163,39,0,4.527777777777778
52467,PTK-BJPL PAS,30,162,40,0,5.4
17010,SC-BIDR-INTE,9,162,17,0,18.0
58024,TATA BRKA PA,26,162,40,0,6.230769230769231
52465,PTK-BJPL PAS,30,162,40,0,5.4
77401,NDL-HX DEMU,12,161,10,0,13.416666666666666
77402,HX-NDL DEMU,12,161,10,0,13.416666666666666
56721,MDU-RMM PASS,17,161,15,0,9.470588235294118
56722,RMM-MDU PASS,17,161,19,0,9.470588235294118
56723,MDU-RMM PASS,17,161,19,0,9.470588235294118
56724,RMM-MDU PASS,17,161,16,0,9.470588235294118
56725,MDU-RMM PASS,17,161,16,0,9.470588235294118
15768,APDJ - NJP I,14,161,12,0,11.5
15767,NJP - APDJ I,14,161,12,0,11.5
56726,RMM - MDU  P,17,161,20,0,9.470588235294118
64582,DLI-HRF MEMU,26,161,27,0,6.1923076923076925
77403,NDL-HX DEMU,12,161,10,0,13.416666666666666
77404,HX-NDL DEMU,12,161,10,0,13.416666666666666
64581,HRF-DLI MEMU,26,161,26,0,6.1923076923076925
58023,TATA BRKA PA,26,161,35,0,6.1923076923076925
54411,RE-MTC PASSE,37,160,72,1,4.324324324324325
54033,DELHI JIND P,29,160,61,1,5.517241379310345
54055,MORADABAD DE,26,160,50,0,6.153846153846154
54056,MORADABAD DE,26,160,44,0,6.153846153846154
56883,KPD -VM PASS,14,160,16,0,11.428571428571429
56881,KPD-VM PASSR,14,160,19,0,11.428571428571429
55033,GD-SSC  PASS,24,160,44,0,6.666666666666667
56886,VM-KPD PASSR,15,160,16,0,10.666666666666666
64904,GZB-MTJ 12CA,27,160,28,0,5.925925925925926
51914,SRE-SMQL-DLI,28,160,33,0,5.714285714285714
69169,ST - NDB MEM,23,160,26,0,6.956521739130435
55604,KOLONGPAR PA,29,160,33,0,5.517241379310345
55603,KOLONGPAR PA,29,160,34,0,5.517241379310345
58659,HTE-ROU PASS,21,160,19,0,7.619047619047619
58660,ROU-HTE PASE,21,160,19,0,7.619047619047619
54308,DELHI MORADA,23,160,64,0,6.956521739130435
54412,MTC-RE PASSE,37,160,57,0,4.324324324324325
54307,MB-DLI PASSE,23,160,54,0,6.956521739130435
52951,DVA-JND  MG,19,159,54,1,8.368421052631579
18189,TATA-ROU-ALL,9,159,11,0,17.666666666666668
53349,BRWD-DOS PAS,24,159,36,0,6.625
55208,NKE-MFP PASS,24,159,48,0,6.625
53350,DOS-BRWD PAS,24,159,30,0,6.625
55209,MFP-NKE PASS,18,159,41,0,8.833333333333334
55213,MFP-NKE PASS,19,159,43,0,8.368421052631579
66603,SA-CBE PASS,22,159,24,0,7.2272727272727275
66602,CBE-SA PASS,22,159,25,0,7.2272727272727275
55541,HJP-BHBR PAS,28,159,65,0,5.678571428571429
55207,MFP-NKE PASS,19,159,39,0,8.368421052631579
54396,NBD-MB PASSE,23,159,36,0,6.913043478260869
55035,GD-SCC PASSE,22,159,42,0,7.2272727272727275
15216,EXPRESS,13,159,28,0,12.23076923076923
15215,EXPRESS,13,159,31,0,12.23076923076923
53611,BRWD-DOS PAS,24,159,35,0,6.625
52952,JND-DVA MG P,19,159,46,0,8.368421052631579
55220,NKE-MFP  PAS,19,159,43,0,8.368421052631579
75237,MFP-NKE DEMU,20,159,44,0,7.95
18190,TATA-ROU-ALL,10,159,12,0,15.9
54395,MB-NBD PASSE,23,159,49,0,6.913043478260869
55542,BHBR-HJP PAS,28,159,136,1,5.678571428571429
53612,DOS-BRWD,24,159,35,0,6.625
75238,NKE-MFP DEMU,19,159,40,0,8.368421052631579
55214,NKE-MFP  PAS,19,159,43,0,8.368421052631579
66609,ED-PGTN MEMU,22,159,33,0,7.2272727272727275
13016,BHP-HWH KAVI,5,158,5,0,31.6
55036,SCC-GD PASSE,22,158,40,0,7.181818181818182
64903,MTJ-GZB 12CA,27,158,40,0,5.851851851851852
13015,HWH-BHP KAVI,5,158,5,0,31.6
59045,VAPI PASSENG,20,158,30,0,7.9
66608,PGTN-ED MEMU,22,158,30,0,7.181818181818182
58621,ADRA BARKAKA,22,157,59,0,7.136363636363637
64514,NLDM-UMB PAS,20,157,20,0,7.85
64515,UMB-NLDM PAS,20,157,27,0,7.85
76551,SBC-KQZ PASS,22,157,22,0,7.136363636363637
76552,KQZ-SBC PASS,22,157,23,0,7.136363636363637
55164,ARJ-MAU-SHG,24,157,69,1,6.541666666666667
55163,SHG-MAU-ARJ,24,157,103,1,6.541666666666667
64516,NLDM-UMB PAS,20,157,60,1,7.85
64518,NLDM-UMB PAS,20,157,23,0,7.85
64517,UMB-NLDM PAS,20,157,23,0,7.85
58622,BARKAKANA AD,22,157,68,0,7.136363636363637
24888,UMB-HW  LINK,6,157,17,0,26.166666666666668
24887,HW-UMB LINK,6,157,20,0,26.166666666666668
64463,NDLS-KKDE ME,18,156,18,0,8.666666666666666
55123,BTT-BCY PASS,24,156,44,0,6.5
75113,BTT-BCY DEMU,24,156,31,0,6.5
52463,PTK-BJPL,28,156,38,0,5.571428571428571
55809,NBQ - GHY PA,22,156,24,0,7.090909090909091
55801,MANAS RHINO,22,156,21,0,7.090909090909091
55802,MANAS RHINO,22,156,21,0,7.090909090909091
55810,GHY - NBQ PA,22,156,22,0,7.090909090909091
55818,GHY - NBQ PA,17,156,18,0,9.176470588235293
75112,BSB-GCT-DMU,25,156,39,0,6.24
55817,NBQ - GHY PA,17,156,17,0,9.176470588235293
64465,NDLS-KKDE ME,29,156,29,0,5.379310344827586
75114,BCY-BTT DMU,24,156,34,0,6.5
66308,QLN-ERS MEMU,25,155,26,0,6.2
66300,QLN-ERS PASS,25,155,26,0,6.2
64452,KKDE-DLI MEM,28,155,29,0,5.535714285714286
56392,QLN-ERS PASS,25,155,26,0,6.2
56391,ERS-QLN PASS,25,155,26,0,6.2
68090,ADRA MDN LOC,20,155,22,0,7.75
55904,MXN-FKG-DMV,23,155,33,0,6.739130434782608
68089,MDN ADRA LOC,20,155,22,0,7.75
55903,DMV-FKG-MXN,23,155,34,0,6.739130434782608
64454,KKDE-DLI MEM,28,155,31,0,5.535714285714286
66307,ERS-QLN MEMU,25,155,26,0,6.2
66301,ERS-QLN PASS,25,155,25,0,6.2
52941,GG - BTDF  M,20,154,19,0,7.7
52940,BTDF - GG MG,20,154,19,0,7.7
51886,DMO-BINA PAS,18,154,30,0,8.555555555555555
77678,MRGA-KCG DEM,17,154,15,0,9.058823529411764
31771,RHA -LGL EMU,28,154,28,0,5.5
31765,RHA-LGL EMU,25,154,25,0,6.16
31767,RHA-LGL EMU,29,154,27,0,5.310344827586207
52944,BTDF - GG  M,17,154,21,0,9.058823529411764
77675,KCG-MRGA DEM,17,154,15,0,9.058823529411764
77673,MRGA-KCG DEM,18,154,16,0,8.555555555555555
77674,KCG-MRGA DEM,18,154,16,0,8.555555555555555
67280,OGL-GDR MEMU,19,154,22,0,8.105263157894736
52945,GG - BTDF  M,17,154,16,0,9.058823529411764
52943,GG - BTDF  M,12,154,12,0,12.833333333333334
52942,BTDF - GG MG,12,154,12,0,12.833333333333334
52935,GG - BTDF  M,20,154,19,0,7.7
52934,BTDF - GG  M,21,154,21,0,7.333333333333333
53231,TIA-DNR PASS,20,154,43,0,7.7
53232,DNR-TIA PASS,20,154,42,0,7.7
31111,SDAH-KWAE LO,39,154,42,0,3.948717948717949
31112,KWAE-SDAH LO,37,154,37,0,4.162162162162162
67279,GDR-OGL MEMU,19,154,17,0,8.105263157894736
75111,GCT-BSB DMU,25,154,29,0,6.16
63568,JAJ - ASN PG,20,154,22,0,7.7
63567,ASN-JAJ PGR.,20,154,26,0,7.7
64554,ANVT-MB MEMU,24,153,24,0,6.375
64553,MB-ANVT MEMU,24,153,25,0,6.375
5620,MZS - NLP PA,20,153,18,0,7.65
69190,DHD-ANND MEM,23,153,26,0,6.6521739130434785
31772,LGL - RHA EM,29,153,28,0,5.275862068965517
31768,LGL - RHA PA,27,153,26,0,5.666666666666667
31770,LGL-RHA EMU,29,153,28,0,5.275862068965517
55028,GD-GKP  PASS,25,153,46,0,6.12
31766,LGL-RHA EMU,25,153,24,0,6.12
55026,GD-GKP PASSE,25,153,47,0,6.12
5619,NLP - MZS PA,20,153,18,0,7.65
55025,GKP-GD  PASS,25,152,45,0,6.08
59235,DLJ - MHV PA,22,152,20,0,6.909090909090909
51885,BINA-DMO PAS,18,152,35,0,8.444444444444445
74910,PTK-JAT-UHP-,19,152,29,0,8.0
74909,PTK-JAT-UHP-,19,152,29,0,8.0
59236,MHV - DLJ PA,22,152,24,0,6.909090909090909
63237,MGS-ALD MEMU,21,152,63,1,7.238095238095238
69189,ANND-DHD MEM,23,152,25,0,6.608695652173913
63238,MGS- ALD MEM,20,152,20,0,7.6
55027,GKP-GD PASSE,25,152,46,0,6.08
64595,MGS-ALD MEMU,20,152,19,0,7.6
64596,ALD-MGS MEMU,20,152,21,0,7.6
66304,QLN-CAPE PAS,32,151,36,0,4.71875
51811,BIN-JHS  PAS,20,151,36,0,7.55
66305,CAPE-QLN PAS,32,151,36,0,4.71875
77683,JALNA-NAGARS,14,151,16,0,10.785714285714286
51812,JHS-BIN PASS,20,151,36,0,7.55
77691,JALNA-NAGARS,14,151,16,0,10.785714285714286
77684,NAGARSOL-JAL,14,151,16,0,10.785714285714286
76808,MNM-TPJ PASS,14,150,12,0,10.714285714285714
75228,RXL-DBG DEMU,16,150,31,0,9.375
76554,DPJ-SBC PASS,15,150,13,0,10.0
76807,TPJ-MNM PASS,14,150,12,0,10.714285714285714
55029,NKE-GKP PASS,21,150,41,0,7.142857142857143
78103,ROU-SBP  PAS,23,150,40,0,6.521739130434782
75229,DBG-RXL DEMU,16,150,31,0,9.375
54371,PRG-BE PASS.,21,150,53,1,7.142857142857143
14807,JP AWR EXP,10,150,13,0,15.0
55082,GKP-NKE PASS,21,150,39,0,7.142857142857143
54374,FD-PRG PASSE,21,150,27,0,7.142857142857143
55030,GKP-NKE PASS,21,150,39,0,7.142857142857143
55081,NKE-GKP PASS,16,150,30,0,9.375
76553,SBC-DPJ PASS,15,150,13,0,10.0
66612,ERS-PGT MEMU,28,150,29,0,5.357142857142857
55072,GKP-NKE PASS,21,150,44,0,7.142857142857143
54373,PRG-FD PASSE,21,150,23,0,7.142857142857143
14808,AWR JP EXP,10,150,18,0,15.0
55074,GKP-NKE PASS,14,150,27,0,10.714285714285714
55080,GKP-NKE PASS,21,150,43,0,7.142857142857143
55071,NKE-GKP PASS,21,150,40,0,7.142857142857143
55041,NKE-GKP PASS,16,150,33,0,9.375
78104,SBP-ROU PASS,23,150,40,0,6.521739130434782
55073,NKE-GKP PASS,21,150,43,0,7.142857142857143
54372,FD-PRG PASSE,21,150,32,0,7.142857142857143
78815,R-DRZ-GUDM D,19,149,48,0,7.842105263157895
67261,PUSHPULL,26,149,24,0,5.730769230769231
66611,PGT-ERS MEMU,28,149,29,0,5.321428571428571
67299,EE PASS,27,149,27,0,5.518518518518518
57650,SUR PASS,19,149,22,0,7.842105263157895
67300,BZA-RJY PASS,28,149,26,0,5.321428571428571
67262,PUSHPULL,24,149,22,0,6.208333333333333
58104,BBN TATA PAS,18,148,26,0,8.222222222222221
16053,MAS-TPTY EXP,8,148,15,0,18.5
58103,TATA BBN PAS,18,148,34,0,8.222222222222221
71903,IDH-BKI SHUT,22,148,22,0,6.7272727272727275
16057,MAS-TPTY SAP,8,148,20,0,18.5
64910,SSB-MTJ 12CA,26,148,26,0,5.6923076923076925
66047,MMC-TPTY MEM,14,148,21,0,10.571428571428571
68001,SRC-JGM MEMU,14,148,21,0,10.571428571428571
71908,BKI-IDH DMU,22,148,22,0,6.7272727272727275
77260,KRMR-MRTD PA,8,148,6,0,18.5
16520,SBC-JTJ EXP,15,148,18,0,9.866666666666667
16203,MAS-TPTY EXP,10,148,24,0,14.8
16519,JTJ-SBC EXP,16,148,21,0,9.25
77259,NZB-KRMR DEM,8,148,6,0,18.5
71904,BKI-IDH SHUT,22,148,22,0,6.7272727272727275
71907,IDH-BKI DMU,22,148,22,0,6.7272727272727275
58109,TATA-GUA PAS,19,147,30,0,7.7368421052631575
78033,TATA - GUA P,19,147,26,0,7.7368421052631575
68008,JGM SRC MEMU,14,147,16,0,10.5
78034,GUA- TATA PA,19,147,27,0,7.7368421052631575
69120,DHD-BRC MEMU,21,147,23,0,7.0
58110,GUA-TATA PAS,19,147,21,0,7.7368421052631575
69118,DHD-BRC MEMU,21,147,19,0,7.0
69117,BRC - DHD ME,21,146,23,0,6.9523809523809526
77254,PASS,14,146,17,0,10.428571428571429
53212,SSM - PNBE P,13,146,28,0,11.23076923076923
69119,BRC-DHD MEMU,21,146,24,0,6.9523809523809526
53211,PNBE - SSM P,13,146,32,0,11.23076923076923
18437,BBS-JNRD LIN,11,146,21,0,13.272727272727273
16054,TPTY-MAS EXP,9,146,22,0,16.22222222222222
16058,SAPTAGIRI EX,9,146,22,0,16.22222222222222
16204,TPTY-MAS EXP,11,146,21,0,13.272727272727273
12337,SHANTINIKETA,4,146,3,0,36.5
66048,TPTY-MMC MEM,15,146,30,0,9.733333333333333
12338,SHANTINIKETA,4,146,3,0,36.5
18438,JNRD-BBS LIN,11,146,21,0,13.272727272727273
51436,STR-PUNE PAS,19,145,17,0,7.631578947368421
56714,TPJ-KIK PASS,18,145,69,1,8.055555555555555
56711,KIK-TPJ PASS,26,145,63,0,5.576923076923077
76852,TPJ-KIK PASS,25,145,35,0,5.8
76851,KIK- TPJ PAS,26,145,44,0,5.576923076923077
51435,PUNE STR PAS,19,145,18,0,7.631578947368421
77253,PASS,13,145,21,0,11.153846153846153
16086,JTJ-AJJ  EXP,14,144,13,0,10.285714285714286
77252,PASS,14,144,31,0,10.285714285714286
77256,PASS,14,144,22,0,10.285714285714286
37918,KWAE-HWH LOC,44,144,53,0,3.272727272727273
37925,HWH - KATWA,29,144,29,0,4.9655172413793105
37928,KWAE-HWH LOC,40,144,39,0,3.6
37916,KWAE-HWH LOC,31,144,31,0,4.645161290322581
37912,KWAE-HWH LOC,41,144,41,0,3.5121951219512195
37914,KWAE-HWH LOC,29,144,29,0,4.9655172413793105
37926,KWAE-HWH LOC,44,144,44,0,3.272727272727273
37915,HWH - KWAE L,30,144,30,0,4.8
37922,KWAE-HWH LOC,44,144,44,0,3.272727272727273
37920,KWAE-HWH LOC,30,144,30,0,4.8
16085,AJJ-JTJ EXP,15,144,14,0,9.6
37919,HWH - KATWA,33,144,33,0,4.363636363636363
37924,KWAE-HWH LOC,30,144,30,0,4.8
37923,HWH - KATWA,31,144,31,0,4.645161290322581
54266,SLN-BSB PASS,21,143,20,0,6.809523809523809
54265,BSB-SLN PASS,21,143,19,0,6.809523809523809
67266,PUSHPULL,17,143,15,0,8.411764705882353
54264,SLN-BSB PASS,21,143,20,0,6.809523809523809
37911,HWH-KWAE LOC,44,143,44,0,3.25
37913,HWH - KWAE L,44,143,44,0,3.25
37917,HWH - KATWA,44,143,44,0,3.25
37927,HWH - KATWA,41,143,41,0,3.4878048780487805
37921,HWH - KATWA,39,143,39,0,3.6666666666666665
54263,BSB-SLN PASS,21,143,19,0,6.809523809523809
77249,MRK GNT PASS,19,143,19,0,7.526315789473684
54836,RE-HSR PASS.,21,143,33,0,6.809523809523809
16024,YPR-MYS EXPR,10,143,13,0,14.3
16023,MYS-YPR EXPR,10,143,13,0,14.3
58223,MDGR-ABKP PA,15,143,47,0,9.533333333333333
59712,SOG-BTI  PAS,17,143,38,0,8.411764705882353
66309,ERS-QLN MEMU,17,142,17,0,8.352941176470589
54392,MB-ALJN PASS,24,142,49,0,5.916666666666667
54391,ALJN-MB PASS,24,142,46,0,5.916666666666667
59711,BTI- SOG  PA,17,142,38,0,8.352941176470589
66303,ERS-QLN PASS,25,142,25,0,5.68
67282,PSA-VZM MEMU,18,142,20,0,7.888888888888889
78534,VZM-PSA PASS,18,142,20,0,7.888888888888889
77255,PASS,14,142,13,0,10.142857142857142
74856,RTGH - BKN P,14,142,17,0,10.142857142857142
54466,TDL-FKD PASS,21,142,46,0,6.761904761904762
54465,FBD-TDL PASS,21,142,32,0,6.761904761904762
58408,BBS-BHC PASS,30,142,32,0,4.733333333333333
74855,BKN- RTGH PA,14,142,16,0,10.142857142857142
54835,HSR-RE PAS.,21,142,35,0,6.761904761904762
53021,AZ-SBG PASSE,25,142,27,0,5.68
53022,SBG-AZ PASSE,25,142,32,0,5.68
54006,JIND ROK PAS,25,141,39,0,5.64
55358,BC-KSJ-PASS,19,141,31,0,7.421052631578948
56843,TPJ ED  PASS,22,141,25,0,6.409090909090909
54049,ROK PNP JIND,25,141,30,0,5.64
54050,JIND PAINPAT,25,141,30,0,5.64
56842,ED TPJ PASS,25,141,30,0,5.64
56841,TPJ ED PASSR,25,141,26,0,5.64
56109,TPJ-ED PASS,25,141,24,0,5.64
55355,KSJ-BC-PASS,19,141,36,0,7.421052631578948
55356,BC- KSJ-PASS,19,141,31,0,7.421052631578948
55357,KSJ-BC-PASS,19,141,31,0,7.421052631578948
56110,ED-TPJ PASS,22,141,21,0,6.409090909090909
56921,UBL-BGM FAST,12,141,11,0,11.75
55345,KSJ-BC PASSE,19,141,31,0,7.421052631578948
77251,PASS,14,141,27,0,10.071428571428571
55346,BC-KSJ PASSE,19,141,31,0,7.421052631578948
55343,KSJ-BC PASSE,19,141,34,0,7.421052631578948
56922,BGM-UBL FAST,10,141,10,0,14.1
55344,BC-KSJ PASSE,19,141,34,0,7.421052631578948
54009,JIND PNP ROK,25,141,39,0,5.64
56844,ED TPJ PASSR,22,141,26,0,6.409090909090909
54008,JIND ROK PAS,25,141,29,0,5.64
54007,JIND PNP ROK,25,141,30,0,5.64
66302,QLN-ERS PASS,25,140,25,0,5.6
66018,VLR-MSB PASS,18,140,24,0,7.777777777777778
55676,DMR - AGTL P,14,140,16,0,10.0
55675,AGTL - DMR,14,140,17,0,10.0
38051,HWH HLZ LOCA,38,140,45,0,3.6842105263157894
66017,MSB-VLR PASS,18,140,19,0,7.777777777777778
55679,AGTL - DMR,14,140,17,0,10.0
53225,BKP-GAYA PAS,13,140,29,0,10.76923076923077
66310,QLN-ERS MEMU,17,140,17,0,8.235294117647058
55680,DMR - AGTL P,14,140,16,0,10.0
53226,BKP-GAYA PAS,13,140,31,0,10.76923076923077
38057,HWH HLZ LOCA,34,140,41,0,4.117647058823529
55328,FBD-CNB PASS,27,139,27,0,5.148148148148148
63261,FUT - BXR ME,27,139,104,1,5.148148148148148
76850,SA-VRI PASSR,17,139,17,0,8.176470588235293
63262,BXR - FUT ME,24,139,36,0,5.791666666666667
76847,VRI-SA PASSR,17,139,18,0,8.176470588235293
55565,SHC -SPJ PAS,19,139,40,0,7.315789473684211
38052,HLZ HWH LOCA,26,139,33,0,5.346153846153846
76848,SA-VRI PASSR,17,139,17,0,8.176470588235293
76849,VRI-SA PASSR,17,139,21,0,8.176470588235293
55559,SHC-SPJ PASS,19,139,40,0,7.315789473684211
55567,SHC-SPJ PASS,19,139,40,0,7.315789473684211
55566,SPJ-SHC PASS,19,139,45,0,7.315789473684211
64281,SLN-LKO MEMU,18,139,16,0,7.722222222222222
38058,HLZ HWH LOCA,26,139,33,0,5.346153846153846
54284,LKO-SLN,18,139,16,0,7.722222222222222
79318,RTM DADN DEM,20,139,32,0,6.95
54282,LKO-SLN PASS,18,139,16,0,7.722222222222222
53371,KQR-HZBN-BRK,16,139,26,0,8.6875
79313,DADN RTM DMU,20,139,32,0,6.95
79314,RTM DADN DMU,20,139,32,0,6.95
55554,SPJ - SHC PA,23,139,44,0,6.043478260869565
55568,SPJ-SHC PASS,19,139,40,0,7.315789473684211
55556,SPJ-SHC PASS,23,139,44,0,6.043478260869565
55534,SPJ- SHC PAS,23,139,44,0,6.043478260869565
64153,CNB-ETW MEMU,16,139,14,0,8.6875
55555,SHC-SPJ PASS,20,139,41,0,6.95
79306,RTM DADN  DE,20,139,33,0,6.95
59602,AII MJ PASS,19,139,19,0,7.315789473684211
54283,SLN-LKO PASS,18,139,20,0,7.722222222222222
59601,MJ AII PASS,19,139,26,0,7.315789473684211
55337,KSJ-AH FAST,18,139,32,0,7.722222222222222
79309,DADN RTM DEM,20,139,30,0,6.95
64156,ETW-CNB MEMU,16,139,14,0,8.6875
55338,AH-KSJ  PASS,18,139,36,0,7.722222222222222
54281,SLN-LKO PASS,19,139,18,0,7.315789473684211
54156,FBD-CNB PASS,27,139,45,0,5.148148148148148
79317,DADN RTM DEM,20,139,32,0,6.95
53373,KQR-HZBN-BRK,16,139,19,0,8.6875
53372,BRKA-HZBN-KQ,16,139,18,0,8.6875
53374,BRKA-HZBN-KQ,16,139,18,0,8.6875
79310,RTM DADN DEM,20,139,32,0,6.95
55560,SPJ-SHC PASS,23,139,44,0,6.043478260869565
79305,DADN RTM DEM,20,139,32,0,6.95
64282,LKO-SLN MEMU,18,139,16,0,7.722222222222222
74015,RE-JIND  DEM,16,138,19,0,8.625
74016,JIND-ROK-RE,16,138,19,0,8.625
75011,THE-GKP-DMU,24,138,29,0,5.75
55327,CNB-FBD PASS,27,138,33,0,5.111111111111111
56231,MYS-SBC PASS,20,138,19,0,6.9
16557,MYS-SBC RAJY,9,138,7,0,15.333333333333334
56264,SBC-MYS PASS,17,138,18,0,8.117647058823529
16558,SBC-MYS RAJY,9,138,7,0,15.333333333333334
56238,SBC-MYS PASS,21,138,19,0,6.571428571428571
56232,SBC-MYS PASS,22,138,23,0,6.2727272727272725
16216,CHAMUNDI EXP,10,138,10,0,13.8
12614,TIPPU EXP,4,138,2,0,34.5
16215,MYS-SBC CHAM,10,138,8,0,13.8
12613,TIPU EXPRESS,4,138,2,0,34.5
55553,SHC - SPJ PA,23,138,42,0,6.0
56263,MYS-SBC PASS,17,138,23,0,8.117647058823529
67260,PUSHPULL,27,138,25,0,5.111111111111111
59039,VR BL SHUTTL,18,138,17,0,7.666666666666667
67263,PUSHPULL,27,138,25,0,5.111111111111111
56237,MYS-SBC PASS,22,138,21,0,6.2727272727272725
67297,BZAPASS,25,138,23,0,5.52
67298,BZA-GDR PASS,25,138,23,0,5.52
55533,SHC- SPJ PAS,23,138,44,0,6.0
54155,CNB FBD PASS,27,138,42,0,5.111111111111111
61631,BPL BINA MEM,16,138,17,0,8.625
61632,BINA- BPL ME,16,138,18,0,8.625
53073,RPH-SBG PASS,22,137,27,0,6.2272727272727275
59396,CWA - BZU PA,15,137,16,0,9.133333333333333
53405,RPH-SBG PASS,22,137,28,0,6.2272727272727275
53406,SBG-RPH PASS,22,137,25,0,6.2272727272727275
54759,SGNR-SOG PAS,17,137,24,0,8.058823529411764
68013,KGP TATA  LO,19,137,18,0,7.2105263157894735
68012,TATA KGP LOC,18,137,16,0,7.611111111111111
68015,KGP TATA LOC,18,137,16,0,7.611111111111111
68014,KGP TATA LOC,18,137,16,0,7.611111111111111
68011,KGP TATA LOC,18,137,17,0,7.611111111111111
68016,TATA KGP LOC,18,137,16,0,7.611111111111111
58022,TATA KGP  PA,19,137,17,0,7.2105263157894735
68005,KGP TATA PAS,18,137,16,0,7.611111111111111
68006,TATA KGP PAS,19,137,17,0,7.2105263157894735
51464,BGM-MRJ PASS,16,137,17,0,8.5625
64958,PWL-AGC MEMU,19,137,21,0,7.2105263157894735
51461,MRJ-BGM PASS,17,137,24,0,8.058823529411764
51462,BGM-MRJ PASS,16,137,17,0,8.5625
51463,MRJ-BGM PASS,16,137,19,0,8.5625
69164,DRD - PNVL,19,137,22,0,7.2105263157894735
69161,PNVL - DRD M,20,137,22,0,6.85
58021,KGP TATA PAS,18,137,16,0,7.611111111111111
38056,HLZ HWH  LOC,20,137,18,0,6.85
57239,PASS,21,137,22,0,6.523809523809524
63592,ASN-BKSC MEM,21,137,33,0,6.523809523809524
53074,SBG-RPH PASS,22,137,26,0,6.2272727272727275
63591,BKSC-ASN MEM,21,137,28,0,6.523809523809524
75102,BCY-BUI DEMU,22,136,25,0,6.181818181818182
5306,FBD- CPA EXP,11,136,18,0,12.363636363636363
5305,CPA-FBD EXP,11,136,18,0,12.363636363636363
71910,ETW-AGC DEMU,15,136,18,0,9.066666666666666
71909,AGC-ETW-MNQ,15,136,17,0,9.066666666666666
38053,HWH HLZ LOCA,21,136,19,0,6.476190476190476
22146,MRJ -PVR SUP,9,136,8,0,15.11111111111111
55134,MUV - BUI  P,22,136,43,0,6.181818181818182
22145,PVR - MIRAJ,9,136,7,0,15.11111111111111
55133,BUI - BCY  P,22,136,30,0,6.181818181818182
54158,FKD-CNB PASS,26,136,28,0,5.230769230769231
75101,BUI-BCY DEMU,22,136,25,0,6.181818181818182
68737,RIG-BSP MEMU,18,135,24,0,7.5
64551,LDH-ASR MEMU,21,135,32,0,6.428571428571429
68736,BSP-RIG MEMU,17,135,22,0,7.9411764705882355
58808,WSA - CAF PA,14,135,23,0,9.642857142857142
64552,ASR-LDH MEMU,19,135,64,1,7.105263157894737
68735,RIG-BSP MEMU,18,135,24,0,7.5
74629,BAHL-BRML DM,17,134,21,0,7.882352941176471
52911,RUJ-ADIJ FAS,14,134,21,0,9.571428571428571
74619,BAHL-BRML DM,9,134,25,0,14.88888888888889
74625,BAHL-BRML DM,17,134,19,0,7.882352941176471
55018,MAU-CPR PASS,23,134,40,0,5.826086956521739
76854,TPJ-NCR PASS,25,134,32,0,5.36
74626,BRML-BAHL DM,17,134,29,0,7.882352941176471
76853,NCR-TPJ PASS,25,134,45,0,5.36
74620,BRML-BAHL DM,9,134,11,0,14.88888888888889
74627,BAHL-BRML DM,17,134,26,0,7.882352941176471
74628,BRML-BAHL DM,17,134,23,0,7.882352941176471
74614,BRML-BAHL DE,17,134,27,0,7.882352941176471
74630,BRML-BAHL DM,17,134,18,0,7.882352941176471
64905,MTJ-NDLS 12C,21,134,20,0,6.380952380952381
52914,ADIJ-RUJ FAS,14,134,27,0,9.571428571428571
52912,ADIJ-RUJ FAS,14,134,21,0,9.571428571428571
52913,RUJ - ADIJ F,14,134,25,0,9.571428571428571
74615,BAHL-BRML DE,17,134,42,0,7.882352941176471
52955,KJV - JND MG,12,133,33,0,11.083333333333334
59387,NAD INDB PAS,17,133,71,1,7.823529411764706
59388,INDB - NAD P,17,133,70,1,7.823529411764706
56859,TBM  VM  PAS,11,133,13,0,12.090909090909092
64957,AGC-PWL MEMU,19,133,18,0,7.0
59395,BZU- CWA PAS,13,133,107,1,10.23076923076923
8872,DURG-G PASS,17,133,24,0,7.823529411764706
68742,G-DURG MEMU,17,133,34,0,7.823529411764706
68738,BSP- RIG MEM,15,133,21,0,8.866666666666667
68741,DURG-G MEMU,17,133,29,0,7.823529411764706
52956,JND - KJV MG,12,133,24,0,11.083333333333334
56860,VM  TBM PASS,11,133,22,0,12.090909090909092
73538,JSME-UDL PAS,18,132,18,0,7.333333333333333
73539,UDL-JSME PGR,18,132,18,0,7.333333333333333
51195,WR-BPQ PASS,15,132,14,0,8.8
51196,BPQ-WR PASSE,16,132,14,0,8.25
75255,DBG - MFP DE,14,132,37,0,9.428571428571429
75256,MFP-DBG DEMU,14,132,37,0,9.428571428571429
55017,PR-MAU PASSA,23,132,40,0,5.739130434782608
64114,SSB-ALJN 12C,24,131,23,0,5.458333333333333
56605,CBE-TCR PASS,20,131,49,0,6.55
64110,NDLS-ALJN 12,24,131,23,0,5.458333333333333
64105,ALJN-DLI 12C,24,131,23,0,5.458333333333333
53008,RPH - KWAE P,29,131,72,1,4.517241379310345
54342,DDN - SRE PA,21,131,63,1,6.238095238095238
53007,KWAE - RPH P,28,131,41,0,4.678571428571429
63572,MKA - JSME M,20,131,31,0,6.55
54341,SRE - DDN PA,21,131,85,1,6.238095238095238
63571,JSME-KIUL ME,20,131,40,0,6.55
66034,NLR-TPTY PAS,16,131,16,0,8.1875
56655,CAN-MAQ PASS,22,131,23,0,5.954545454545454
55136,MUV-AMH PASS,20,131,52,0,6.55
66033,TPTY-NLR PAS,16,131,20,0,8.1875
56656,MAQ-CAN PASS,23,131,23,0,5.695652173913044
55135,AMH-MUV PASS,20,131,57,1,6.55
67294,VSKP-CHE MEM,18,130,21,0,7.222222222222222
57317,MCLA PASS,17,130,19,0,7.647058823529412
77297,MCLA PASS,17,130,19,0,7.647058823529412
68690,DGHA-MCA LOC,22,130,29,0,5.909090909090909
57320,GNT PASS,17,130,16,0,7.647058823529412
68685,MCA DGHA LOC,22,130,31,0,5.909090909090909
53630,GAYA -KIUL,13,129,18,0,9.923076923076923
53632,GAYA-KIUL PA,12,129,16,0,10.75
53629,KIUL-GAYA PA,12,129,20,0,10.75
53626,GAYA - KIUL,13,129,20,0,9.923076923076923
75232,RXL-SGL-MFP,20,129,47,0,6.45
78816,DRZ - R DEMU,18,129,42,0,7.166666666666667
38825,HWH-MDN LOCA,13,129,17,0,9.923076923076923
55212,RXL-MFP PASS,15,129,47,0,8.6
55211,MFP-RXL PASS,22,129,54,0,5.863636363636363
75231,MFP-SGL-RXL,18,129,45,0,7.166666666666667
77695,NDL-KRNT DEM,14,129,16,0,9.214285714285714
53625,KIUL-GAYA,13,129,21,0,9.923076923076923
53631,KIUL-GAYA,12,129,18,0,10.75
53628,GAYA-KIUL  P,12,129,19,0,10.75
77696,KRNT-NDL,14,129,41,1,9.214285714285714
55226,RXL-MFP PAS,20,129,55,0,6.45
55225,MFP-RXL PAS,21,129,58,0,6.142857142857143
53627,GAYA - KIUL,12,129,18,0,10.75
38802,MDN HWH LOCA,36,128,36,0,3.5555555555555554
38821,HWH MDN,19,128,21,0,6.7368421052631575
38820,MDN - HWH LO,36,128,40,0,3.5555555555555554
38819,HWH MDN LOCA,35,128,44,0,3.657142857142857
38818,MDN-HWH LOCA,36,128,36,0,3.5555555555555554
38801,HWH-MDN LOCA,30,128,30,0,4.266666666666667
38824,MDN-HWH LOCA,29,128,31,0,4.413793103448276
38823,HWH-MDN LOCA,24,128,24,0,5.333333333333333
38822,MDN HWH LOCA,33,128,35,0,3.878787878787879
38805,HWH MDN OCAL,37,128,39,0,3.4594594594594597
38804,MDN-HWH LOCA,34,128,36,0,3.764705882352941
38831,HWH MDN LOCA,34,128,38,0,3.764705882352941
38812,MDN HWH LOCA,36,128,38,0,3.5555555555555554
54291,BSB-PBH PASS,18,128,20,0,7.111111111111111
54292,PBH-BSB PASS,18,128,17,0,7.111111111111111
38809,HWH MDN LOCA,37,128,38,0,3.4594594594594597
30142,GEDE - MJT L,42,128,41,0,3.0476190476190474
38811,HWH-MDN LOCA,37,128,39,0,3.4594594594594597
38810,MDN HWH LOCA,36,128,36,0,3.5555555555555554
38807,HWH MDN LOCA,37,128,38,0,3.4594594594594597
38803,HWH MDN LOCA,36,128,36,0,3.5555555555555554
38808,MDN HWH LOCA,26,128,26,0,4.923076923076923
54054,LUDHINA JHL,19,128,36,0,6.7368421052631575
54053,JHL LDH PASS,19,128,30,0,6.7368421052631575
38826,MDN HWH LOCA,36,128,45,0,3.5555555555555554
38827,HWH MDN LOCA,24,128,26,0,5.333333333333333
38828,MDN HWH LOCA,36,128,38,0,3.5555555555555554
38829,HWH-MDN LOCA,26,128,26,0,4.923076923076923
38806,MDN HWH LOCA,14,128,14,0,9.142857142857142
38813,HWH MDN LOCA,36,128,36,0,3.5555555555555554
38830,MDN-HWH LOCA,36,128,40,0,3.5555555555555554
69109,ST-BRC MEMU,23,128,23,0,5.565217391304348
31861,KNJ LGL EMU,23,128,22,0,5.565217391304348
69110,BRC-ST MEMU,24,128,22,0,5.333333333333333
31865,KNJ LGL EMU,20,128,18,0,6.4
69111,ST-BRC MEMU,23,128,21,0,5.565217391304348
69112,BRC - ST MEM,23,128,21,0,5.565217391304348
31863,KNJ LGL EMU,21,128,20,0,6.095238095238095
38815,HWH - MDN LO,34,128,34,0,3.764705882352941
38816,MDN HWH LOCA,33,128,40,0,3.878787878787879
38817,HWH-MDN LOCA,33,128,35,0,3.878787878787879
38814,MDN HWH LOCA,36,128,38,0,3.5555555555555554
54212,KANPUR RAI B,23,128,23,0,5.565217391304348
54211,RBL-CNB PASS,23,128,23,0,5.565217391304348
54232,LKO-FD PASSE,18,127,17,0,7.055555555555555
54231,FD-LKO PASSE,18,127,17,0,7.055555555555555
75009,SV-CPJ-DMU S,22,127,21,0,5.7727272727272725
68715,G-ITR MEMU L,17,127,23,0,7.470588235294118
31864, LGL KNJ EMU,20,127,18,0,6.35
31866,LGL KNJ EMU,21,127,19,0,6.0476190476190474
31862, LGL KNJ EMU,24,127,23,0,5.291666666666667
68713,G-ITR MEMU L,17,127,22,0,7.470588235294118
68743,DURG-G MEMU,17,127,22,0,7.470588235294118
76838,VPT-KKDI PAS,11,127,10,0,11.545454545454545
73035,KWAE-NILE DE,23,127,25,0,5.521739130434782
73036,NILE- KWAE-D,23,127,22,0,5.521739130434782
53416,JMP-SBG PASS,31,127,35,0,4.096774193548387
54031,DELHI JIND P,25,127,28,0,5.08
53432,JMP-SBG PASS,31,127,33,0,4.096774193548387
54234,LKO-FD PASS,18,127,17,0,7.055555555555555
53431,SBG-JMP PGR,31,127,75,1,4.096774193548387
54034,JIND DELHI P,25,127,28,0,5.08
54233,FD - LKO PAS,18,127,17,0,7.055555555555555
54032,NRW- DELHI P,25,127,26,0,5.08
76837,KKDI-VPT PAS,11,127,13,0,11.545454545454545
53415,SBG-JMP PASS,31,127,43,0,4.096774193548387
54024,JIND DELHI P,25,127,45,0,5.08
68714,ITR-G LOCAL,17,126,22,0,7.411764705882353
68716,ITR-G MEMU L,17,126,22,0,7.411764705882353
55819,MNDP - GHY P,14,126,47,1,9.0
18403,CKP-BBN EXPR,6,126,6,0,21.0
55820,GHY - MNDP P,14,126,37,0,9.0
54756,SGNR-BTI PAS,18,126,21,0,7.0
54755,BTI-SGNR PAS,18,126,17,0,7.0
68744,ITR-G MEMU,17,126,22,0,7.411764705882353
54753,BTI-SGNR PAS,18,126,22,0,7.0
54754,SGNR-BTI PAS,18,126,18,0,7.0
22687,SRE-CDG LINK,4,126,10,0,31.5
75103,PEP-BCY DEMU,20,126,23,0,6.3
22688,CDG-MAS LINK,4,126,7,0,31.5
18404,BBN-CKP EXPR,6,126,6,0,21.0
54760,SOG-SGNR PAS,16,125,16,0,7.8125
64152,DLI-ALJN MEM,21,125,20,0,5.9523809523809526
64151,ALJN-DLI MEM,21,125,20,0,5.9523809523809526
4773,SGNR SOG SPL,16,125,26,0,7.8125
54761,SGNR-SOG PAS,16,125,21,0,7.8125
54762,SOG-SGNR PAS,16,125,21,0,7.8125
9761,SGNR-SOG SPL,13,125,19,0,9.615384615384615
55303,MB-KGM PASSE,14,125,69,1,8.928571428571429
4774,SOG SGNR SPL,10,125,13,0,12.5
55304,KGM-MB PASSE,13,125,89,2,9.615384615384615
64102,DLI-ALJN 12C,21,125,20,0,5.9523809523809526
64101,ALJN-DLI 12C,21,125,24,0,5.9523809523809526
64103,ALJN-DLI,21,125,20,0,5.9523809523809526
63549,HZD-GAYA MEM,22,124,23,0,5.636363636363637
58816,TRDI - ITR L,20,124,29,0,6.2
51708,NIR-JBP PASS,18,124,26,0,6.888888888888889
51703,JBP-NIR PASS,18,124,26,0,6.888888888888889
51424,MMR IGP SHUT,15,123,16,0,8.2
51423,IGP MMR SHUT,15,123,16,0,8.2
93016,DRD-CCG,2,123,0,0,61.5
54051,LDH-FZR PASS,14,123,26,0,8.785714285714286
93006,DRD-CCG,2,123,0,0,61.5
93005,CCG-DRD EMU,2,123,0,0,61.5
54572,FZR - LDH PA,20,123,29,0,6.15
63206,PNBE-KIUL ME,22,123,23,0,5.590909090909091
14629,SUTLEJ EXP.,9,123,12,0,13.666666666666666
74962,LDH-FZR DMU,20,123,31,0,6.15
74964,LDH-FZR DMU,20,123,25,0,6.15
51972,MTJ-AWR PASS,13,123,11,0,9.461538461538462
74961,LDH-FZR DMU,20,123,25,0,6.15
93033,CCG DRD EMU,2,123,0,0,61.5
93030,DRD-CCG,2,123,0,0,61.5
93028,DRD-CCG,2,123,0,0,61.5
93026,DRD  CCG EMU,2,123,0,0,61.5
93103,DDR-DRD,17,123,15,0,7.235294117647059
14630,FZR-LDH SUTL,9,123,13,0,13.666666666666666
54052,FZR-LDH PASS,14,123,16,0,8.785714285714286
54571,LDH - FZR PA,20,123,25,0,6.15
93025,CCG DRD EMU,2,123,0,0,61.5
93015,CCG-DRD,2,123,0,0,61.5
54645,LDH-FZR PASS,14,123,17,0,8.785714285714286
58815,ITR - TRDI L,20,123,37,0,6.15
63205,KIUL-PNBE ME,25,123,24,0,4.92
54646,FZR-LDH PASS,20,123,21,0,6.15
93007,CCG-DRD,2,123,0,0,61.5
74963,LDH-FZR DMU,20,123,24,0,6.15
74986,FKA-BTI-DMU,18,122,18,0,6.777777777777778
74987,BTI-FKA-DMU,14,122,14,0,8.714285714285714
76846,TPJ-VRI PASS,23,122,21,0,5.304347826086956
76845,VRI-TPJ PASS,23,122,23,0,5.304347826086956
67272,PUSHPULL,18,122,16,0,6.777777777777778
74988,FKA-BTI-DMU,19,122,28,0,6.421052631578948
63550,KQR-DHN MEMU,23,122,25,0,5.304347826086956
74985,BTI-FKA-DMU,19,122,22,0,6.421052631578948
51971,MTJ-AWR PASS,13,122,11,0,9.384615384615385
77415,GTL PASS,15,122,17,0,8.133333333333333
71402,BRMT-PUNE DE,16,121,18,0,7.5625
56874,MV  VM PASSR,22,121,20,0,5.5
77414,KRNT PASS,13,121,15,0,9.307692307692308
71404,BRMT-PUNE DE,16,121,23,0,7.5625
56876,MV-VM PASSR.,22,121,26,0,5.5
51452,DD PUNE PASS,16,121,18,0,7.5625
56875,VM-MV PASSR.,22,121,21,0,5.5
67271,PUSHPULL,16,121,15,0,7.5625
51706,NIR-JBP PASS,17,121,24,0,7.117647058823529
74923,HSX-ASR DMU,18,121,30,0,6.722222222222222
51704,NIR-JBP PASS,17,121,23,0,7.117647058823529
68088,DHN BQA  LOC,19,121,40,0,6.368421052631579
56878,MV VM PASSR,22,121,20,0,5.5
56877,VM  MV PASSR,22,121,20,0,5.5
67247,RVD-VSKP PAS,17,121,16,0,7.117647058823529
51705,JBP-NIR PASS,17,121,24,0,7.117647058823529
56768,TCN-TN PASS,20,121,36,0,6.05
56767,TN-TCN PASS,20,121,36,0,6.05
56873,VM  MV PASSR,22,121,21,0,5.5
63285,BJU-PNBE MEM,24,120,29,0,5.0
56113,TPJ-MV PASS,26,120,31,0,4.615384615384615
51347,PUNE-BRMT PA,16,120,23,0,7.5
63283,BJU-PNBE MEM,25,120,33,0,4.8
8035,BLS - KGP DE,19,120,18,0,6.315789473684211
34062,BNJ - CG LOC,41,120,39,0,2.926829268292683
54103,CAR-ALD PASS,16,120,15,0,7.5
63280,PNBE-BJU MEM,25,120,36,0,4.8
56114,MV-TPJ PASS,26,120,29,0,4.615384615384615
68022,BLS KGP LOCA,18,120,16,0,6.666666666666667
68021,KGP BLS LOCA,18,120,16,0,6.666666666666667
8036,BLS - KGP ME,19,120,17,0,6.315789473684211
51451,PUNE BRMT PA,16,120,18,0,7.5
54104,ALD-CAR PASS,16,120,15,0,7.5
63284,PNBE-BJU MEM,25,120,32,0,4.8
54039,KKDE-JIND PA,17,120,20,0,7.0588235294117645
56709,PLNI-MDU PAS,12,120,14,0,10.0
56710,MDU-PLNI PAS,12,120,14,0,10.0
16233,MV-TPJ EXPRE,7,120,7,0,17.142857142857142
16234,TPJ-MV EXPRE,7,120,7,0,17.142857142857142
56811,MV TPJ PASSR,25,120,28,0,4.8
56823,MV-TPJ PASSE,24,120,27,0,5.0
56824,TPJ-MV PASSE,24,120,27,0,5.0
56812,TPJ MV PASSR,25,120,28,0,4.8
54041,KKDE-JIND PA,17,120,19,0,7.0588235294117645
54047,KKDE-JIND PA,10,120,11,0,12.0
54037,KKDE-JIND PA,17,120,18,0,7.0588235294117645
54005,DELHI BHIWAN,23,119,28,0,5.173913043478261
55359,KSJ-BC-PASS,8,119,17,0,14.875
55360,BC-KSJ-PASS,8,119,16,0,14.875
55012,GKP-SV PASSE,18,119,55,1,6.611111111111111
31911,SDAH-GEDE LO,36,119,36,0,3.3055555555555554
31923,SDAH-GEDE LO,36,119,35,0,3.3055555555555554
56664,CLT-TCR PASS,22,119,24,0,5.409090909090909
31921,SDAH - GEDE,36,119,34,0,3.3055555555555554
31922,GEDE - SDAH,36,119,41,0,3.3055555555555554
70104,KAWR-MAO-PER,12,119,11,0,9.916666666666666
31926,GEDE - SDAH,36,119,34,0,3.3055555555555554
31925,SDAH-GEDE LO,35,119,33,0,3.4
31928,GEDE - SDAH,31,119,30,0,3.838709677419355
31929,SDAH-GEDE LO,36,119,34,0,3.3055555555555554
31914,GEDE - SDAH,36,119,34,0,3.3055555555555554
31915,SDAH-GEDE LO,36,119,34,0,3.3055555555555554
31917,SDAH-GEDE LO,36,119,34,0,3.3055555555555554
31919,SDAH-GEDE LO,36,119,34,0,3.3055555555555554
31920,GEDE- SDAH L,35,119,33,0,3.4
31927,SDAH-GEDE LO,36,119,34,0,3.3055555555555554
31924,GEDE - SDAH,35,119,34,0,3.4
31918,GEDE - SDAH,36,119,35,0,3.3055555555555554
31913,SDAH-GEDE LO,36,119,34,0,3.3055555555555554
31912,GEDE - SDAH,36,119,34,0,3.3055555555555554
70102,KAWR-MAO-PER,12,119,14,0,9.916666666666666
31916,GEDE - SDAH,30,119,28,0,3.966666666666667
54042,JIND-KKDE PA,17,119,19,0,7.0
54040,JIND-KKDE PA,17,119,19,0,7.0
54048,JIND,17,119,16,0,7.0
64902,GZB-KSV 12CA,22,119,23,0,5.409090909090909
54038,JIND-KKDE PA,17,119,16,0,7.0
54424,BIWANI ROHTA,23,119,56,1,5.173913043478261
54423,DLI-BNW  PAS,23,119,28,0,5.173913043478261
63294,MGS-DOS MEMU,18,118,16,0,6.555555555555555
54882,MBF - BME PA,8,118,12,0,14.75
54881,BME - MBF PA,8,118,12,0,14.75
75107,MUV-ALY-DMU,22,118,23,0,5.363636363636363
64901,KSV-GZB 12CA,22,118,23,0,5.363636363636363
51607,BINA-GUNA PA,17,118,20,0,6.9411764705882355
51610,GUNA-BINA PA,17,118,30,0,6.9411764705882355
51609,BINA-GUNA PA,17,118,26,0,6.9411764705882355
56663,TCR-CLT PASS,22,118,49,1,5.363636363636363
51608,GUNA-BINA PA,17,118,18,0,6.9411764705882355
79437,MSH - ABR DM,17,118,21,0,6.9411764705882355
55126,ALY-BSB PASS,22,118,35,0,5.363636363636363
55125,MUV - ALY  P,22,118,37,0,5.363636363636363
55130,ALY- MUV PAS,22,118,36,0,5.363636363636363
55129,BSB-ALY PASS,22,118,31,0,5.363636363636363
55128,ALY - MUV PA,22,118,39,0,5.363636363636363
55127,BSB- ALY  PA,22,118,33,0,5.363636363636363
55011,SV-GKP PASSE,18,118,36,0,6.555555555555555
63293,DOS-MGS MEMU,18,118,19,0,6.555555555555555
68688,DGHA-PKU EMU,18,117,16,0,6.5
69142,ST-SJN MEMU,22,117,25,0,5.318181818181818
54336,CNB - BLM PA,20,117,27,0,5.85
54335,BALAMAU-KANP,20,117,28,0,5.85
68689,PKU-DGHA MEM,18,117,16,0,6.5
58033,BKSC-RNC PAS,15,117,14,0,7.8
68686,DGHA-PKU DEM,18,117,16,0,6.5
69141,SJN-ST MEMU,22,117,28,0,5.318181818181818
74934,JUC-FZR DMU,18,117,35,0,6.5
74935,JUC-FZR DMU,18,117,29,0,6.5
74931,JUC-FZR DMU,18,117,26,0,6.5
74937,JALANDER FIR,18,117,34,0,6.5
79438,ABR - MSH DM,17,117,19,0,6.882352941176471
74939,JUC-FZR DMU,14,117,18,0,8.357142857142858
74932,FZR-JUC DMU,15,117,23,0,7.8
74933,JUC-FZR DMU,18,117,27,0,6.5
63232,BXR-PNBE MEM,18,117,21,0,6.5
74936,JUC-FZR DMU,18,117,22,0,6.5
54643,JUC-FZR DMU,18,117,29,0,6.5
54644,FZR-JUC PASS,18,117,32,0,6.5
74938,JUC-FZR DMU,18,117,27,0,6.5
63263,PNBE-BXR MEM,20,117,23,0,5.85
74940,FZR-JUC DMU,18,117,28,0,6.5
75104,BCY-PEP DEMU,20,117,25,0,5.85
54559,BTI-FKA,12,116,31,0,9.666666666666666
78031,TATA BMPR PA,9,116,25,0,12.88888888888889
6769,PGTN-PLNI PA,11,116,14,0,10.545454545454545
6770,PLNI-PGTN PA,11,116,14,0,10.545454545454545
54560,FKA-BTI PASS,12,116,25,0,9.666666666666666
63562,BDME-ASN PAS,16,116,25,0,7.25
63570,BDME-ASN PAS,16,116,24,0,7.25
31152,BWN-SDAH LOC,35,116,36,0,3.3142857142857145
55302,KGM-MB PASSE,13,116,77,1,8.923076923076923
55301,MB-KGM  PASS,13,116,40,0,8.923076923076923
31151,SDAH - BWN L,35,116,34,0,3.3142857142857145
78032,BMPR TATA PA,9,116,20,0,12.88888888888889
74904,PTK-JUC DMU,18,115,30,0,6.388888888888889
38719,HWH-KGP LOCA,33,115,31,0,3.484848484848485
38707,HWH KGP LOCA,34,115,32,0,3.3823529411764706
38708,KGP-HWH EMU,33,115,31,0,3.484848484848485
38706,KGP HWH LOCA,32,115,30,0,3.59375
74903,PTK-JUC DMU,18,115,19,0,6.388888888888889
38705,HWH-KGP LOCA,33,115,31,0,3.484848484848485
58424,CTC-BHC,23,115,21,0,5.0
74901,PTK-JUC DMU,18,115,25,0,6.388888888888889
70103,PERN-MAO-KAW,12,115,11,0,9.583333333333334
38703,HWH-KGP EMU,34,115,32,0,3.3823529411764706
38704,KGP HWH LOCA,33,115,31,0,3.484848484848485
58423,BHC-CTC,23,115,25,0,5.0
58435,BHC-CTC,23,115,21,0,5.0
57517,HYB-TDU PASS,15,115,13,0,7.666666666666667
8065,KGP-BQA MEMU,17,115,16,0,6.764705882352941
54621,JUC - PTK PA,18,115,30,0,6.388888888888889
8063,KGP-BQA DEMU,17,115,16,0,6.764705882352941
74902,PTK-JUC DMU,18,115,31,0,6.388888888888889
51253,AMLA CWA PAS,16,115,14,0,7.1875
70101,PERN - MAO-,12,115,11,0,9.583333333333334
58436,CTC-BHC,23,115,21,0,5.0
38711,HWH-KGP LOCA,32,115,30,0,3.59375
38730,KGP HWH LOCA,27,115,25,0,4.2592592592592595
38728,KGP HWH LOCA,31,115,29,0,3.7096774193548385
38726,KGP HWH  LOC,33,115,31,0,3.484848484848485
38702,KGP HWH LOCA,33,115,31,0,3.484848484848485
38701,HWH KGP LOCA,17,115,15,0,6.764705882352941
64160,AGC-ETW MEMU,18,115,20,0,6.388888888888889
54622,PTK - JUC PA,18,115,30,0,6.388888888888889
38710,KGP HWH LADI,33,115,31,0,3.484848484848485
38713,HWH KGP LOCA,33,115,31,0,3.484848484848485
55677,SCL - DMR PA,22,115,53,1,5.2272727272727275
55678,DMR - SCL PA,22,115,54,1,5.2272727272727275
51254,CWA AMLA PAS,12,115,18,0,9.583333333333334
56272,RRB-SMET PAS,11,114,14,0,10.363636363636363
56271,SMET-RRB PAS,11,114,12,0,10.363636363636363
58034,RNC-BKSC PAS,15,114,14,0,7.6
64157,ETW-AGC MEMU,16,114,18,0,7.125
64471,GZB-PNP MEMU,26,114,26,0,4.384615384615385
59605,COR-UDZ PASS,13,114,13,0,8.76923076923077
56387,ERS-KYJ PASS,14,114,13,0,8.142857142857142
69181,DHD - RTM ME,14,114,13,0,8.142857142857142
69188,RTM-DHD MEMU,14,114,16,0,8.142857142857142
69187,DHD-RTM MEMU,14,114,15,0,8.142857142857142
69182,RTM-DHD MEMU,14,114,12,0,8.142857142857142
64534,PNP-DLI 12CA,26,114,34,0,4.384615384615385
57518,TDU-HYB PASS,15,114,14,0,7.6
64472,PNP-GZB MEMU,26,114,26,0,4.384615384615385
59606,UDZ-COR PASS,13,114,17,0,8.76923076923077
59205,WSJ PBR PASS,11,114,18,0,10.363636363636363
57502,BDHN-MZL PAS,16,114,15,0,7.125
57503,MZL-BDHN PAS,16,114,19,0,7.125
56388,KYJ-ERS PASS,17,114,16,0,6.705882352941177
59040,VAPI VR SHUT,14,114,16,0,8.142857142857142
64522,LDH-UMB MEMU,14,113,19,0,8.071428571428571
78051,MSAE-BQA DEM,26,113,24,0,4.346153846153846
78055,MSAE BQA DEM,26,113,24,0,4.346153846153846
64521,UMB-LDH PASS,14,113,12,0,8.071428571428571
78061,MSAE- BQA PA,26,113,24,0,4.346153846153846
78059,MSAE- BQA LO,26,113,24,0,4.346153846153846
78052,BQA MSAE  DE,26,113,24,0,4.346153846153846
64523,UMB-LDH MEMU,14,113,20,0,8.071428571428571
93029,DDR DRD EMU,2,113,0,0,56.5
93022,DRD DDR EMU,2,113,0,0,56.5
54107,JNU-ALD-PASS,19,113,26,0,5.947368421052632
93027,DDR-DRD,2,113,0,0,56.5
54108,ALD-JNU-PASS,19,113,22,0,5.947368421052632
93020,DRD-DDR,2,113,0,0,56.5
78056,BQA - MSAE L,26,113,24,0,4.346153846153846
78054,BQA MEAE DEM,26,113,24,0,4.346153846153846
64524,LDH-UMB MEMU,14,113,16,0,8.071428571428571
67250,SC-TDU,16,113,18,0,7.0625
67249,TDU-SC MEMU,16,113,15,0,7.0625
78053,MSAE- BQA PA,26,113,24,0,4.346153846153846
78060,BQA-MSAE DEM,26,113,24,0,4.346153846153846
68719,BSP-R MEMU L,15,112,15,0,7.466666666666667
57628,SUR PASS,15,112,14,0,7.466666666666667
53028,MLDT -AZ PAS,22,112,23,0,5.090909090909091
68060,ASN BBM LOCA,19,112,62,1,5.894736842105263
58201,BSP-R PASSEN,15,112,14,0,7.466666666666667
13110,DHAKA-KOLKAT,2,112,0,0,56.0
68059,BBM ASN LOCA,19,112,32,0,5.894736842105263
68727,BSP-R MEMU L,15,112,14,0,7.466666666666667
13109,KOL-DHAKA MA,2,112,0,0,56.0
75004,BNY-GKP-DMU,22,112,27,0,5.090909090909091
75003,GKP-BNY-DMU,22,112,25,0,5.090909090909091
5061,GKP - BNY SP,5,112,9,0,22.4
53027,AZ - MLDT PA,22,112,20,0,5.090909090909091
5062,BNY - GKP SP,5,112,9,0,22.4
55078,BNY-GKP PASS,22,112,34,0,5.090909090909091
55077,GKP-BNY PASS,22,112,36,0,5.090909090909091
58202,R-BSP PASSEN,15,111,18,0,7.4
73012,RPH- BWN DMU,19,111,17,0,5.842105263157895
63582,RPH-BWN PASS,19,111,18,0,5.842105263157895
63583,BWN-RPH PASS,19,111,18,0,5.842105263157895
63584,RPH-BWN PASS,19,111,18,0,5.842105263157895
74924,ASR-HSX DMU,16,111,24,0,6.9375
58654,TORI-BICI -,12,111,14,0,9.25
63581,BWN-RPH PASS,19,111,18,0,5.842105263157895
73011,BWN - RPH DM,19,111,18,0,5.842105263157895
75211,SPJ-SEE DEMU,19,111,30,0,5.842105263157895
53069,BWN-RPH PASS,19,111,18,0,5.842105263157895
53068,RPH-BWN PASS,19,111,17,0,5.842105263157895
75212,SEE - SPJ DE,19,111,25,0,5.842105263157895
59473,ADI - PTN PA,15,111,52,1,7.4
59474,PTN - ADI PA,15,111,23,0,7.4
13013,BWN-RPH TRI-,6,111,6,0,18.5
13014,RPH-BWN TRI,6,111,5,0,18.5
68728,R-BSP MEMU L,15,111,16,0,7.4
54312,MORADABAD CH,20,110,27,0,5.5
54311,BAREILLY MOR,20,110,27,0,5.5
54078,MB-BE PASSEN,19,110,55,0,5.7894736842105265
56610,NIL-PGT PASS,19,110,21,0,5.7894736842105265
63569,ASN-JSME PGR,14,110,14,0,7.857142857142857
63564,JSME-ASN PAS,16,110,15,0,6.875
63563,ASN-JSME PGR,16,110,15,0,6.875
63561,ASN-JSME PGR,16,110,15,0,6.875
57557,NED PASS,16,110,16,0,6.875
57558,NZB PASS,16,110,16,0,6.875
58653,RNC BICI -TO,12,110,14,0,9.166666666666666
54077,BE-MB,18,110,62,1,6.111111111111111
15275,SHC-BJU EXPR,8,109,13,0,13.625
77231,PASS,24,109,23,0,4.541666666666667
77206,PASS,20,109,24,0,5.45
79436,PTN-ADI DEMU,15,109,19,0,7.266666666666667
23225,SHC-BJU EXPR,11,109,21,0,9.909090909090908
55116,SV-CPR PASSE,17,109,41,0,6.411764705882353
23226,BJU - SHC EX,11,109,20,0,9.909090909090908
68705,R-DGG MEMU L,18,109,23,0,6.055555555555555
56611,PGT-NIL PASS,19,109,21,0,5.7368421052631575
79435,ADI- PTN DEM,15,109,17,0,7.266666666666667
79434,PTN - ADI DE,15,109,17,0,7.266666666666667
79433,ADI- PTN DEM,15,109,21,0,7.266666666666667
68729,R-DGG MEMU L,18,109,22,0,6.055555555555555
51152,NRKR-NAVI PA,11,109,12,0,9.909090909090908
68721,R-DGG MEMU L,18,109,23,0,6.055555555555555
15276,BJU-SHC EXPR,8,109,15,0,13.625
68709,R-DGG MEMU L,18,109,23,0,6.055555555555555
55708,KIR-RDP PASS,24,109,31,0,4.541666666666667
55010,CPR-BTT PASS,17,109,35,0,6.411764705882353
55707,RDP-KIR PASS,24,109,31,0,4.541666666666667
51151,NAVI-NRKR PA,8,108,12,0,13.5
55742,JBN - KIR PA,15,108,21,0,7.2
55740,JBN - KIR PA,19,108,25,0,5.684210526315789
55764,JBN - KIR PA,15,108,21,0,7.2
55734,JBN - KIR PA,19,108,29,0,5.684210526315789
55733,KIR - JBN PA,15,108,21,0,7.2
40754,TMLP - MSB E,5,108,13,0,21.6
55741,KIR - JBN PA,15,108,20,0,7.2
55744,JBN - KIR PA,15,108,21,0,7.2
53229,RGD-DNR PASS,19,108,25,0,5.684210526315789
55756,JBN - KIR PA,19,108,25,0,5.684210526315789
34791,NMKA - SDAH,23,108,25,0,4.695652173913044
64481,PNP-UMB MEMU,17,108,16,0,6.352941176470588
64532,UMB-DLI MEMU,17,108,16,0,6.352941176470588
64541,PNP-UMB PAS,17,108,16,0,6.352941176470588
64542,UMB-PNP PASS,17,108,16,0,6.352941176470588
64543,PNP-UMB MEMU,17,108,17,0,6.352941176470588
77651,BIDR-GRDEMU,8,108,16,0,13.5
77656,GR-BIDR DEMU,8,108,6,0,13.5
77655,BIDAR-GR DEM,8,108,6,0,13.5
77652,GR-BIDR DEMU,8,108,6,0,13.5
34792,SDAH - NMKA,30,108,33,0,3.6
68097,GBA ADRA LOC,15,108,13,0,7.2
13233,RGD - DNR IN,15,108,29,0,7.2
75746,JBN - KIR DE,19,108,25,0,5.684210526315789
66041,MSB-TMLP PAS,15,108,20,0,7.2
59206,PBR WSJ PASS,11,108,9,0,9.818181818181818
66042,TMLP-MSB EMU,11,108,18,0,9.818181818181818
34794,SDAH-NAMKHAN,21,108,30,0,5.142857142857143
68098,ADRA GBA PAS,15,108,14,0,7.2
40704,TMLP-MSB EMU,4,108,2,0,27.0
40702,TMLP-MSB EMU,4,108,7,0,27.0
40761,MSB-TMLP EMU,2,108,0,0,54.0
40707,MSB-TMLP EMU,8,108,10,0,13.5
40705,MSB-TMLP EMU,15,108,17,0,7.2
40751,MSB-TMLP EMU,4,108,3,0,27.0
55229,BJU-PPTA PAS,22,108,23,0,4.909090909090909
55009,BTT-CPR- PAS,17,108,20,0,6.352941176470588
40711,MSB-TMLP EMU,7,108,9,0,15.428571428571429
40708,TMLP-MSB EMU,8,108,11,0,13.5
57685,SUR-BJP PASS,10,108,9,0,10.8
40709,MSB-TMLP EMU,5,108,7,0,21.6
55115,CPR-SV PASSE,17,108,33,0,6.352941176470588
40712,TMLP-MSB EMU,12,108,22,0,9.0
40759,MSB-TMLP EMU,3,108,3,0,36.0
40706,TMLP-MSB EMU,10,108,13,0,10.8
40752,TMLP-MSB EMU,6,108,12,0,18.0
57686,BJP-SUR PASS,8,108,7,0,13.5
53230,DNR-RGD PASS,18,108,35,0,6.0
40756,TMLP-MSB EMU,8,108,14,0,13.5
40757,MSB-TMLP EMU,14,108,16,0,7.714285714285714
40755,MSB-TMLP EMU,15,108,17,0,7.2
11031,SUR-BJP EPXR,5,108,4,0,21.6
13234,DNR - RGD IN,15,108,30,0,7.2
11032,BJP-SUR EXPR,5,108,4,0,21.6
34793,NMKA-SDAH LO,30,108,32,0,3.6
40758,TMLP-MSB EMU,4,108,10,0,27.0
14795,BNW-PNP MAIL,6,108,10,0,18.0
55230,PPTA-BJU PAS,22,108,29,0,4.909090909090909
55736,JBN - KIR PA,19,108,25,0,5.684210526315789
40701,MSB-TMLP EMU,3,108,5,0,36.0
40762,TMLP-MSB EMU,4,108,13,0,27.0
14796,PNP-BNW EKTA,6,108,8,0,18.0
56361,SRR-ERS PASS,22,107,23,0,4.863636363636363
55743,KIR - JBN PA,19,107,26,0,5.631578947368421
55735,KIR - JBN PA,19,107,25,0,5.631578947368421
55755,KIR - JBN PA,19,107,26,0,5.631578947368421
56364,ERS-SRR PASS,22,107,22,0,4.863636363636363
15042,KSJ-FBD-EXP,9,107,13,0,11.88888888888889
15040,KSJ-FBD-EXP,8,107,12,0,13.375
15039,FBD-KSJ-EXP,8,107,13,0,13.375
15041,FBD-KSJ-EXP,9,107,13,0,11.88888888888889
54375,PRG- JNU PAS,18,107,35,0,5.944444444444445
55331,FBD-KSJ PASS,17,107,22,0,6.294117647058823
38709,SRC-KGP LOCA,29,107,27,0,3.689655172413793
55763,KIR - JBN PA,19,107,25,0,5.631578947368421
54376,JNU-PRG PASS,18,107,21,0,5.944444444444445
51881,GWL-AGC PASS,14,107,19,0,7.642857142857143
75745,KIR - JBN DE,19,107,25,0,5.631578947368421
55332,KSJ-FBD PASS,17,107,22,0,6.294117647058823
51882,AGC-GWL PASS,14,107,19,0,7.642857142857143
54383,GJL-NBD PASS,18,106,26,0,5.888888888888889
63501,HWH- BWN M/L,3,106,2,0,35.333333333333336
63502,BWN - HWH LO,34,106,32,0,3.1176470588235294
54614,PTK-ASR PASS,17,106,34,0,6.235294117647059
54615,ASR - PTK PA,17,106,26,0,6.235294117647059
37818,BWN-HWH LOCA,34,106,32,0,3.1176470588235294
37819,HWH-BWN LOCA,34,106,33,0,3.1176470588235294
64161,PHD-SKB MEMU,13,106,11,0,8.153846153846153
64164,SKB-PHD MEMU,13,106,11,0,8.153846153846153
54612,PTK-ASR  PAS,17,106,26,0,6.235294117647059
54613,ASR-PTKPASS,17,106,25,0,6.235294117647059
37816,BWN-HWH LOCA,34,106,32,0,3.1176470588235294
37832,BWN-HWH LOCA,34,106,33,0,3.1176470588235294
37831,HWH - BWN LO,30,106,30,0,3.533333333333333
54616,PTK-ASR PASS,17,106,27,0,6.235294117647059
37813,HWH-BWN LOCA,34,106,33,0,3.1176470588235294
37812,BWN-HWH LOCA,32,106,31,0,3.3125
37811,HWH- BWN M/L,34,106,33,0,3.1176470588235294
37814,BWN-HWH LOCA,34,106,35,0,3.1176470588235294
37815,HWH- BWN M/L,27,106,25,0,3.925925925925926
54611,ASR-PTK PASS,16,106,24,0,6.625
37846,BWN - HWH LO,33,106,31,0,3.212121212121212
37847,HWH - BWN LO,27,106,25,0,3.925925925925926
37848,BWN-HWH LOCA,34,106,33,0,3.1176470588235294
37817,HWH-BWN LOCA,34,106,32,0,3.1176470588235294
55184,CI-THE PASSE,27,106,35,0,3.925925925925926
55182,THE-CI  PASS,27,106,34,0,3.925925925925926
55183,CI-MHC PASSE,27,106,34,0,3.925925925925926
74676,PTK-ASR DMU,16,106,24,0,6.625
74671,ASR-PTK DMU,17,106,30,0,6.235294117647059
74672,PTK-ASR DMU,17,106,24,0,6.235294117647059
74675,ASR-PTK DMU,16,106,22,0,6.625
37838,BWN - HWH LO,34,106,32,0,3.1176470588235294
37849,HWH - BWN LO,11,106,9,0,9.636363636363637
37850,BWN - HWH LO,34,106,33,0,3.1176470588235294
37826,BWN-HWH LOCA,22,106,20,0,4.818181818181818
37825,HWH-BWN LOCA,34,106,33,0,3.1176470588235294
37824,BWN-HWH LOCA,28,106,26,0,3.7857142857142856
37827,HWH - BWN LO,34,106,33,0,3.1176470588235294
37830,BWN-HWH LOCA,27,106,25,0,3.925925925925926
37829,HWH - BWN LO,34,106,33,0,3.1176470588235294
37828,BWN-HWH LOCA,27,106,25,0,3.925925925925926
67257,PUSHPULL,20,106,18,0,5.3
37845,HWH - BWN LO,30,106,29,0,3.533333333333333
37844,BWN - HWH LO,22,106,20,0,4.818181818181818
37843,HWH - BWN LO,3,106,1,0,35.333333333333336
37823,HWH - BWN LO,34,106,33,0,3.1176470588235294
67256,PUSHPULL,20,106,18,0,5.3
37821,HWH - BWN LO,34,106,33,0,3.1176470588235294
37820,BWN-HWH LOCA,34,106,32,0,3.1176470588235294
37855,HWH-BWN MAIN,34,106,33,0,3.1176470588235294
37851,HWH-BWN LOCA,34,106,32,0,3.1176470588235294
37822,BWN-HWH LOCA,3,106,1,0,35.333333333333336
37835,HWH - BWN LO,21,106,19,0,5.0476190476190474
37839,HWH - BWN LO,29,106,28,0,3.6551724137931036
37842,BWN - HWH LO,34,106,33,0,3.1176470588235294
37841,HWH-BWN LOCA,22,106,21,0,4.818181818181818
37840,BWN - HWH LO,34,106,32,0,3.1176470588235294
54553,UMB - DUI PA,14,106,20,0,7.571428571428571
37833,HWH - BWN LO,33,106,31,0,3.212121212121212
37857,HWH - BWN NO,34,106,32,0,3.1176470588235294
37834,BWN - HWH LO,34,106,33,0,3.1176470588235294
55422,BLGT - MLDT,14,106,18,0,7.571428571428571
55421,MLDT - BLGT,14,106,17,0,7.571428571428571
37837,HWH-BWN LOCA,27,106,26,0,3.925925925925926
37853,HWH-BWN LOCA,30,106,28,0,3.533333333333333
37852,BWN-HWH MAIN,34,106,32,0,3.1176470588235294
37836,BWN-HWH LOCA,34,106,33,0,3.1176470588235294
37854,BWN-HWH NON,34,106,33,0,3.1176470588235294
54381,GAJRAULA NAJ,17,106,23,0,6.235294117647059
54382,NBD-GJL PASS,18,106,22,0,5.888888888888889
55181,THE-CI-PASSE,27,106,35,0,3.925925925925926
14634,RAVI EXPRESS,7,106,10,0,15.142857142857142
14633,RAVI EXPRESS,7,106,18,0,15.142857142857142
54384,NAJIBABAD GA,17,106,27,0,6.235294117647059
63520,ASN - BWN PA,14,105,14,0,7.5
63522,ASN - BWN PA,14,105,13,0,7.5
63518,ASN-BWN PGR,14,105,13,0,7.5
77672,MBNR-KCG DEM,21,105,19,0,5.0
63524,ASN - BWN PA,14,105,15,0,7.5
75209,SPJ - JYG DE,16,105,47,0,6.5625
59162,ANND BHARUCH,20,105,23,0,5.25
59161,BHARUCH ANND,20,105,23,0,5.25
55339,KSJ-MTJ  PAS,14,105,24,0,7.5
55340,MTJ-KSJ  PAS,7,105,13,0,15.0
77671,KCG-MBNR DEM,17,105,15,0,6.176470588235294
63506,ASN - BWN PA,14,105,13,0,7.5
63526,ASN - BWN PA,14,105,18,0,7.5
55513,SPJ-JYG PASS,16,105,45,0,6.5625
71089,DIVA-ROHA PA,13,105,15,0,8.076923076923077
71092,ROHA-DIVA PA,17,105,17,0,6.176470588235294
55353,KSJ-MTJ  PAS,7,105,9,0,15.0
55354,MTJ-KSJ PASS,14,105,19,0,7.5
71095,DIVA-ROHA PA,13,105,13,0,8.076923076923077
71096,ROHA-DIVA PA,13,105,13,0,8.076923076923077
79456,CTD - BRC DE,19,105,21,0,5.526315789473684
79455,BRC-CTD DEMU,19,105,21,0,5.526315789473684
59122,BDE-PRTN PAS,19,105,22,0,5.526315789473684
59121,PRTN - BDE P,19,105,21,0,5.526315789473684
59119,BRC - CTD,19,105,22,0,5.526315789473684
59118,CTD - BRC,19,105,22,0,5.526315789473684
57456,MBNR-KCG PAS,20,105,18,0,5.25
57447,MBNR PASS,15,105,13,0,7.0
75210,JYG-SPJ DEMU,16,105,45,0,6.5625
55514,JYG-SPJ PASS,23,105,52,0,4.565217391304348
55519,SPJ - JYG PA,16,105,45,0,6.5625
63508,ASN-BWN PGR,14,105,13,0,7.5
55520,JYG-SPJ PASS,16,105,45,0,6.5625
63514,ASN-BWN PGR,14,105,13,0,7.5
63516,ASN-BWN PGR,14,105,14,0,7.5
63512,ASN - BWN PA,14,105,13,0,7.5
63510,ASN - BWN PA,14,105,12,0,7.5
58845,ITR-NAB PASS,17,104,18,0,6.117647058823529
58878,NAB ITR PASS,17,104,26,0,6.117647058823529
63519,BWN-ASN PGR.,14,104,13,0,7.428571428571429
63523,BWN-ASN PGR.,14,104,12,0,7.428571428571429
37747,BDC - KWAE L,27,104,26,0,3.8518518518518516
37748,KWAE-BDC LOC,28,104,27,0,3.7142857142857144
37750,KWAE-BDC LOC,28,104,27,0,3.7142857142857144
37751,BDC - KWAE L,28,104,28,0,3.7142857142857144
63521,BWN-ASN PGR.,14,104,13,0,7.428571428571429
63505,BWN-ASN PGR.,14,104,14,0,7.428571428571429
59154,MDSA - ND PA,10,104,8,0,10.4
57401,KPD PASSENGE,13,104,13,0,8.0
57402,PASSENGER,13,104,12,0,8.0
57403,DEMU,14,104,13,0,7.428571428571429
57404,KPD-TPTY PAS,14,104,12,0,7.428571428571429
57405,PASSENGER,13,104,12,0,8.0
37746,KWAE-BDC LOC,27,104,26,0,3.8518518518518516
56889,TPTY-KPD PAS,13,104,12,0,8.0
52932,DASF - JLR,11,104,9,0,9.454545454545455
57406,PASSENGER,13,104,11,0,8.0
67269,PUSHPULL,12,104,11,0,8.666666666666666
67270,PUSHPULL,12,104,11,0,8.666666666666666
59152,MODASA - ND,10,104,8,0,10.4
59151,ND - MODASA,10,104,8,0,10.4
58848,NAB-ITR PASS,17,104,18,0,6.117647058823529
58877,ITR NAB PASS,17,104,26,0,6.117647058823529
58846,NAB-ITR PASS,17,104,26,0,6.117647058823529
58847,ITR-NAB PASS,17,104,18,0,6.117647058823529
52931,JLR - DASF,11,104,9,0,9.454545454545455
51262,WR- AMI PASS,12,104,119,1,8.666666666666666
37753,BDC - KWAE L,28,104,27,0,3.7142857142857144
51261,AMI-WR PASSE,11,104,38,1,9.454545454545455
58843,ITR-NAB PASS,17,104,18,0,6.117647058823529
58844,NAB-ITR PASS,17,104,18,0,6.117647058823529
37752,KWAE-BDC LOC,28,104,31,0,3.7142857142857144
59153,ND-MDSA PASS,10,104,8,0,10.4
37754,KWAE-BDC LOC,25,104,24,0,4.16
52462,PTK-JMKR,17,104,22,0,6.117647058823529
37756,KWAE BDC LOC,28,104,26,0,3.7142857142857144
37757,BDC-KWAE LOC,24,104,23,0,4.333333333333333
37743,BDC-KWAE LOC,24,104,23,0,4.333333333333333
52948,DASF - JLRF,11,104,9,0,9.454545454545455
52947,JLRF - DASF,11,104,9,0,9.454545454545455
37742,KWAE-BDC LOC,25,104,24,0,4.16
37741,BDC-KWAE LOC,27,104,26,0,3.8518518518518516
37758,KWAE-BDC LOC,25,104,24,0,4.16
78818,GUDM-DRZ-DUR,11,104,30,0,9.454545454545455
37744,KWAE-BDC LOC,28,104,27,0,3.7142857142857144
63509,BWN-ASN PGR.,14,104,13,0,7.428571428571429
63507,BWN-ASN PGR.,14,104,13,0,7.428571428571429
37745,BDC - KWAE L,26,104,25,0,4.0
63525,BWN-ASN PGR.,14,104,14,0,7.428571428571429
63513,BWN-ASN PGR.,14,104,13,0,7.428571428571429
63511,BWN-ASN PGR.,14,104,13,0,7.428571428571429
63515,BWN-ASN PGR.,14,104,13,0,7.428571428571429
63517,BWN-ASN PGR.,14,104,14,0,7.428571428571429
58806,G - WSA PASS,14,103,18,0,7.357142857142857
64567,BSC-TKJ PASS,20,103,31,0,5.15
55667,SCL - BHRB P,14,103,47,0,7.357142857142857
53402,MLDT-SBG PAS,19,103,21,0,5.421052631578948
53401,SBG-MLDT PAS,19,103,21,0,5.421052631578948
52178,SOE-SBL PASS,14,103,24,0,7.357142857142857
52177,SBL-SOE PASS,14,103,24,0,7.357142857142857
55037,BUW-SPC  PAS,16,103,30,0,6.4375
64568,TKJ-BSC MEMU,20,103,33,0,5.15
55668,BHRB - SCL P,14,103,46,0,7.357142857142857
67248,TUNI-RJY,18,103,17,0,5.722222222222222
66543,KPN-SBC MEMU,17,102,17,0,6.0
55909,SLGR - DBRT,13,102,23,0,7.846153846153846
55910,DBRT - SLGR,13,102,23,0,7.846153846153846
68730,DGG-R MEMU L,19,102,22,0,5.368421052631579
31815,SDAH-KNJ LOC,29,102,27,0,3.5172413793103448
31816,KNJ - SDAH L,29,102,27,0,3.5172413793103448
31818,KNJ - SDAH,25,102,23,0,4.08
31819,SDAH-KNJ LOC,21,102,19,0,4.857142857142857
31817,SDAH-KNJ LOC,30,102,28,0,3.4
68710,DGG-R MEMU L,19,102,22,0,5.368421052631579
31837,SDAH-KNJ LOC,28,102,26,0,3.642857142857143
31839,SDAH-KNJ LOC,19,102,19,0,5.368421052631579
31823,SDAH-KNJ LOC,28,102,26,0,3.642857142857143
31822,KNJ - SDAH,29,102,27,0,3.5172413793103448
31821,SDAH-KNJ LOC,29,102,27,0,3.5172413793103448
31824,KNJ - SDAH,28,102,26,0,3.642857142857143
31828,KNJ - SDAH,29,102,27,0,3.5172413793103448
31827,SDAH - KNJ L,30,102,28,0,3.4
31835,SDAH-KNJ LOC,29,102,27,0,3.5172413793103448
31811,SDAH-KNJ LOC,29,102,29,0,3.5172413793103448
66529,KPN-SBC PASS,16,102,18,0,6.375
31843,SDAH-LGL MEM,10,102,8,0,10.2
31802,KNJ-SDAH LOC,29,102,27,0,3.5172413793103448
31820,KNJ - SDAH,29,102,27,0,3.5172413793103448
31841,SDAH-KNJ LOC,9,102,7,0,11.333333333333334
31840,KNJ-SDAH LOC,16,102,19,0,6.375
31813,SDAH-KNJ LOC,30,102,28,0,3.4
31814,KNJ - SDAH,22,102,20,0,4.636363636363637
31830,KNJ - SDAH,26,102,24,0,3.923076923076923
31833,SDAH-KNJ LOC,22,102,20,0,4.636363636363637
31831,SDAH-KNJ LOC,16,102,14,0,6.375
31832,KNJ - SDAH,28,102,26,0,3.642857142857143
31829,SDAH-KNJ LOC,23,102,22,0,4.434782608695652
31801,SDAH-KNJ LOC,29,102,27,0,3.5172413793103448
31825,SDAH-KNJ LOC,30,102,28,0,3.4
31844,KNJ-SDAH LOC,10,102,8,0,10.2
30145,BBD-KNJ,34,102,32,0,3.0
66544,SBC-KPN MEMU,16,102,14,0,6.375
31838,KNJ-SDAH LOC,30,102,28,0,3.4
31842,KNJ-SDAH EMU,9,102,7,0,11.333333333333334
31826,KNJ - SDAH,20,102,18,0,5.1
31836,KNJ - SDAH L,29,102,27,0,3.5172413793103448
31834,KNJ - SDAH,26,102,25,0,3.923076923076923
31812,KNJ - SDAJ L,29,102,27,0,3.5172413793103448
93002,DRD-BVI,2,101,0,0,50.5
58134,JSG-ROU PASS,15,101,13,0,6.733333333333333
55688,SCL - DLCR P,10,101,37,0,10.1
58133,ROU-JSG PASS,15,101,13,0,6.733333333333333
64236,CNB-BBK MEMU,17,101,25,0,5.9411764705882355
64235,BBK-CNB MEMU,17,101,25,0,5.9411764705882355
93009,ADH-DRD,2,101,0,0,50.5
63530,RPH-UDL PASS,17,101,15,0,5.9411764705882355
75907,LEDO - DBRT,14,101,27,0,7.214285714285714
75902,LEDO - DBRT,14,101,25,0,7.214285714285714
75903,DBRT - LLO P,14,101,27,0,7.214285714285714
75906,DBRT - LEDO,14,101,27,0,7.214285714285714
55687,DLCR - SCL P,10,101,37,1,10.1
56383,ERS-KYJ PASS,19,100,18,0,5.2631578947368425
68739,PND-BSP MEMU,13,100,15,0,7.6923076923076925
56382,KYJ-ERS PASS,12,100,11,0,8.333333333333334
66601,ED-CBE PASSR,15,100,16,0,6.666666666666667
75727,GHY - HBN DE,8,100,12,0,12.5
75728,HBN - GHY DE,7,100,8,0,14.285714285714286
66600,CBE-ED PASSR,15,100,14,0,6.666666666666667
55572,SAHARSHA-PUR,13,100,20,0,7.6923076923076925
55564,SAHARSHA-PUR,13,100,20,0,7.6923076923076925
55563,PURNEA-SAHAR,13,100,20,0,7.6923076923076925
55571,PURNEA-SAHAR,13,100,20,0,7.6923076923076925
55583,PURNEA-SAHAR,13,100,20,0,7.6923076923076925
56381,ERS-KYJ PASS,11,100,10,0,9.090909090909092
55584,SAHARSHA-PUR,13,100,20,0,7.6923076923076925
56380,KYJ-ERS PASS,19,100,18,0,5.2631578947368425
68740,BSP-PND LOCA,13,100,14,0,7.6923076923076925
63529,UDL-RPH PASS,18,100,17,0,5.555555555555555
59117,PRTN-BDE,18,99,16,0,5.5
69114,ADI-BRC MEMU,20,99,19,0,4.95
69107,BRC - ADI ME,20,99,18,0,4.95
69102,ADI - BRC ME,20,99,18,0,4.95
69113,BRC-ADI MEMU,20,99,18,0,4.95
69108,ADI-BRC MEMU,20,99,18,0,4.95
19036,ADI BRC INTE,11,99,9,0,9.0
19035,BRC ADI INTE,10,99,9,0,9.9
69115,BRC-ADI MEMU,20,99,18,0,4.95
64113,KRJ-SSB 12CA,22,99,22,0,4.5
59549,SANKALP FAST,8,99,11,0,12.375
96116,S50,30,99,28,0,3.3
96114,S48,30,99,27,0,3.3
77241,PASS,21,99,20,0,4.714285714285714
59120,CTD - PRTN P,18,99,16,0,5.5
56100,ED-MTDM PASS,11,99,43,1,9.0
4992,JAT-PTK DEMU,14,99,12,0,7.071428571428571
56101,MTDM ED PASS,11,99,13,0,9.0
4991,PTK-JAT DEMU,14,99,18,0,7.071428571428571
59550,SANKALP FAST,8,99,9,0,12.375
69101,BRC-ADI MEMU,20,99,18,0,4.95
56604,SRR-CBE PASS,14,98,22,0,7.0
79445,WKR - RJT DE,14,98,52,1,7.0
74673,PTK-ASR DMU,16,98,25,0,6.125
63217,MKA-DNR MEMU,18,98,25,0,5.444444444444445
79454,MVI - WKR,16,98,88,1,6.125
66523,SBC-HUP PASS,16,98,14,0,6.125
66524,HUP-SBC PASS,16,98,14,0,6.125
77294,NS PASS,25,98,27,0,3.92
63218,DNR - MKA ME,18,98,20,0,5.444444444444445
74674,PTK-ASR DMU,16,98,24,0,6.125
66604,SRR CBE PASS,14,98,16,0,7.0
75010,CPJ-THE-DMU,18,98,20,0,5.444444444444445
66605,CBE-SRR PASS,14,98,16,0,7.0
54323,PASSENGER,11,98,17,0,8.909090909090908
58210,BSP-GAD PASS,15,97,25,0,6.466666666666667
68733,GAD-BSP MEMU,15,97,21,0,6.466666666666667
58212,BSP-GAD PASS,15,97,27,0,6.466666666666667
54274,SSM-ARA PASS,17,97,19,0,5.705882352941177
54273,ARA-SSM PASS,17,97,19,0,5.705882352941177
68732,BSP-GAD MEMU,15,97,21,0,6.466666666666667
68731,GAD-BSP MEMU,15,97,19,0,6.466666666666667
67296,VSKP-TUNI PA,11,97,9,0,8.818181818181818
55038,SCC-BUW  PAS,14,97,24,0,6.928571428571429
42854,SPE-VLCY LOC,19,97,27,0,5.105263157894737
63573,JSME-KIUL ME,13,97,15,0,7.461538461538462
75272,SSM-ARA DEMU,17,97,19,0,5.705882352941177
75271,ARA-SSM DEMU,17,97,18,0,5.705882352941177
42852,SPE-VLCY LOC,19,97,25,0,5.105263157894737
42851,VLCY-SPE  EM,19,97,18,0,5.105263157894737
43943,VLCY-TRT LOC,15,97,18,0,6.466666666666667
43942,TRT-VLCY LOC,18,97,24,0,5.388888888888889
43941,VLCY-TRT EMU,17,97,23,0,5.705882352941177
68734,BSP-GAD MEMU,15,97,20,0,6.466666666666667
63574,KIUL-JSME ME,13,97,18,0,7.461538461538462
54324,PASSENGER,14,97,21,0,6.928571428571429
75274,SSM-ARA DEMU,17,97,18,0,5.705882352941177
75273,ARA-SSM DEMU,17,97,18,0,5.705882352941177
31513,SDAH-STB LOC,28,96,26,0,3.4285714285714284
31514,STB - SDAH L,29,96,28,0,3.310344827586207
31515,SDAH- STB LO,29,96,27,0,3.310344827586207
31516,STB - SDAH L,29,96,27,0,3.310344827586207
58152,BXF  BRMP PA,12,96,19,0,8.0
56305,KTYM-QLN PAS,14,96,13,0,6.857142857142857
31518,STB - SDAH L,25,96,23,0,3.84
31517,SDAH- STB LO,29,96,27,0,3.310344827586207
56375,GUV-ERS PASS,18,96,18,0,5.333333333333333
56376,ERS-GUV PASS,17,96,18,0,5.647058823529412
58209,GAD-BSP PASS,12,96,21,0,8.0
31536,STB - SDAH L,26,96,24,0,3.6923076923076925
31535,SDAH- STB LO,27,96,25,0,3.5555555555555554
31531,SDAH- STB LO,23,96,21,0,4.173913043478261
31530,STB - SDAH L,29,96,27,0,3.310344827586207
31529,SDAH-STB LOC,29,96,27,0,3.310344827586207
67277,FM-JANGAON,21,96,20,0,4.571428571428571
64074,NDLS-PWL 12C,16,96,15,0,6.0
67278,JANGOAN-FM M,21,96,20,0,4.571428571428571
31528,STB - SDAH L,27,96,25,0,3.5555555555555554
31512,STB - SDAH L,28,96,26,0,3.4285714285714284
31511,SDAH-STB LOC,29,96,27,0,3.310344827586207
78102,ROU-CKP SARA,15,96,13,0,6.4
78101,CKP-ROU SARA,15,96,13,0,6.4
31534,STB - SDAH L,24,96,22,0,4.0
31533,SDAH- STB LO,27,96,25,0,3.5555555555555554
31532,STB - SDAH L,29,96,27,0,3.310344827586207
56218,SMET-TLGP PA,7,96,6,0,13.714285714285714
56217,TLGP-SMET PA,7,96,6,0,13.714285714285714
31537,SDAH- STB LO,28,96,26,0,3.4285714285714284
31539,SDAH- STB LO,28,96,26,0,3.4285714285714284
31538,STB-SDAH LOC,28,96,26,0,3.4285714285714284
58151,BRMP BXF PAS,12,96,19,0,8.0
31525,SDAH- STB LO,28,96,26,0,3.4285714285714284
31527,SDAH-STB LOC,29,96,27,0,3.310344827586207
31526,STB - SDAH L,29,96,29,0,3.310344827586207
31524,STB - SDAH L,28,96,26,0,3.4285714285714284
31523,SDAH- STB LO,27,96,27,0,3.5555555555555554
31522,STB - SDAH L,29,96,27,0,3.310344827586207
31521,SDAH- STB LO,29,96,27,0,3.310344827586207
31541,SDAH- STB LO,28,96,26,0,3.4285714285714284
31542,STB - SDAH L,27,96,24,0,3.5555555555555554
31519,SDAH- STB LO,27,96,25,0,3.5555555555555554
31520,STB - SDAH L,28,96,26,0,3.4285714285714284
56370,ERS-GUV PASS,18,96,18,0,5.333333333333333
56371,GUV-ERS PASS,17,96,18,0,5.647058823529412
31540,STB - SDAH L,27,96,25,0,3.5555555555555554
56393,KTYM-QLN PAS,14,96,14,0,6.857142857142857
21068,RBL-PBH-LTT,4,95,3,0,23.75
21067,LTT-PBH-RBL,4,95,3,0,23.75
54330,SPN-BLM PASS,16,95,23,0,5.9375
54329,BALAMAU SHAH,16,95,28,0,5.9375
54765,DUI-BTI PASS,11,95,16,0,8.636363636363637
66044,MLMR-MSB PAS,14,95,14,0,6.785714285714286
56394,QLN-KTYM PAS,14,95,14,0,6.785714285714286
54766,BTI-DUI PASS,11,95,16,0,8.636363636363637
52950,DVA - VRLF M,12,95,28,0,7.916666666666667
66043,MSB-MLMR PAS,11,95,11,0,8.636363636363637
52457,KLK-SML PASS,18,95,33,0,5.277777777777778
54555,DUI - BTI PA,13,95,22,0,7.3076923076923075
52458,SML-KLK PASS,18,95,46,0,5.277777777777778
72452,SML-KLK,3,95,9,0,31.666666666666668
72451,KLK-SML RMC,3,95,8,0,31.666666666666668
52451,KLK-SML SHIV,3,95,8,0,31.666666666666668
55861,RNY-DKGN PAS,18,95,43,0,5.277777777777778
52456,SML-KLK,10,95,38,0,9.5
52949,VRLF - DVA M,12,95,49,1,7.916666666666667
40804,CJ-MSB EMU L,14,95,17,0,6.785714285714286
40803,MSB-CJ EMU L,6,95,9,0,15.833333333333334
40801,MSB-CJ EMU L,3,95,5,0,31.666666666666668
55721,RNY - DKGN P,18,95,43,0,5.277777777777778
69191,ANND-GNC MEM,17,95,27,0,5.588235294117647
69192,GNC-ANND MEM,17,95,31,0,5.588235294117647
40802,CJ-MSB EMU L,6,95,13,0,15.833333333333334
52452,KLK-SML SHIV,3,95,6,0,31.666666666666668
52455,KLK-SML,11,95,35,0,8.636363636363637
52454,SML-KLK MAIL,14,95,19,0,6.785714285714286
52453,KLK-SML MAIL,12,95,21,0,7.916666666666667
17403,EXPRESS,8,94,6,0,11.75
76815,KIK-TJ PASSR,19,94,30,0,4.947368421052632
76812,TJ-KIK-DEMU,19,94,31,0,4.947368421052632
77264,NS PASS,19,94,21,0,4.947368421052632
64959,KSV-AGC MEMU,14,94,14,0,6.714285714285714
17404,EXP,9,94,12,0,10.444444444444445
63260,GAYA-PNBE ME,21,94,21,0,4.476190476190476
77204,PASS,21,94,23,0,4.476190476190476
77203,PASS,21,94,24,0,4.476190476190476
36838,BWN-HWH(CHOR,29,94,29,0,3.2413793103448274
36837,HWH - BWN (C,29,94,27,0,3.2413793103448274
36836,BWN-HWH(CHOR,29,94,27,0,3.2413793103448274
36835,HWH - BWN (C,8,94,6,0,11.75
36834,BWN-HWH(CHOR,28,94,26,0,3.357142857142857
36855,HWH - BWN (C,29,94,26,0,3.2413793103448274
36854,BWN-HWH(CHOR,29,94,27,0,3.2413793103448274
36853,HWH - BWN (C,30,94,27,0,3.1333333333333333
36852,BWN-HWH(CHOR,29,94,27,0,3.2413793103448274
36851,HWH - BWN (C,26,94,24,0,3.6153846153846154
36850,BWN-HWH(CHOR,29,94,27,0,3.2413793103448274
36849,HWH - BWN (C,29,94,27,0,3.2413793103448274
36848,BWN-HWH(CHOR,29,94,27,0,3.2413793103448274
36847,HWH - BWN (C,29,94,27,0,3.2413793103448274
36846,BWN-HWH(CHOR,30,94,28,0,3.1333333333333333
56704,DG-TPJ PASS,11,94,9,0,8.545454545454545
77202,PASS,15,94,18,0,6.266666666666667
53213,PNBE-GAYA PA,26,94,24,0,3.6153846153846154
36858,BWN-HWH(CHOR,29,94,27,0,3.2413793103448274
36856,BWN-HWH(CHOR,29,94,27,0,3.2413793103448274
55862,DKGN-RNY PAS,18,94,43,0,5.222222222222222
36830,BWN-HWH(CHOR,2,94,0,0,47.0
64073,KSV-NDLS 12C,16,94,15,0,5.875
36833,HWH - BWN (C,29,94,27,0,3.2413793103448274
36840,BWN-HWH(CHOR,29,94,27,0,3.2413793103448274
36819,HWH- BWN LOC,29,94,27,0,3.2413793103448274
36860,BWN-HWH(CHOR,30,94,28,0,3.1333333333333333
36829,HWH-BWN CHOR,29,94,27,0,3.2413793103448274
36832,BWN-HWH(CHOR,29,94,27,0,3.2413793103448274
36820,BWN-HWH(CHOR,29,94,27,0,3.2413793103448274
36821,HWH- BWN LOC,29,94,27,0,3.2413793103448274
36839,HWH - BWN (C,29,94,27,0,3.2413793103448274
36845,HWH - BWN (C,28,94,26,0,3.357142857142857
36814,BWN-HWH(CHOR,29,94,27,0,3.2413793103448274
36813,HWH-BWN LOCA,27,94,25,0,3.4814814814814814
36844,BWN-HWH(CHOR,30,94,28,0,3.1333333333333333
36843,HWH - BWN (C,28,94,26,0,3.357142857142857
36842,BWN-HWH(CHOR,28,94,26,0,3.357142857142857
36841,HWH - BWN (C,29,94,27,0,3.2413793103448274
36815,HWH-BWN LOCA,30,94,28,0,3.1333333333333333
36826,BWN-HWH(CHOR,29,94,27,0,3.2413793103448274
36825,HWH - BWN(CH,26,94,24,0,3.6153846153846154
36827,HWH - BWN(CH,29,94,27,0,3.2413793103448274
36816,BWN-HWH(CHOR,28,94,26,0,3.357142857142857
63241,PNBE- GAYA M,26,94,26,0,3.6153846153846154
63243,PNBE-GAYA ME,26,94,26,0,3.6153846153846154
36817,HWH-BWN LOCA,28,94,26,0,3.357142857142857
36818,BWN-HWH(CHOR,27,94,25,0,3.4814814814814814
55730,RDP - KIR PA,20,94,25,0,4.7
55728,RDP - KIR PA,20,94,26,0,4.7
36831,HWH - BWN (C,30,94,28,0,3.1333333333333333
36811,HWH-BWN LOCA,29,94,27,0,3.2413793103448274
36828,BWN-HWH(CHOR,29,94,27,0,3.2413793103448274
36812,BWN-HWH(CHOR,25,94,26,0,3.76
55722,DKGN - RNY P,18,94,33,0,5.222222222222222
36822,BWN-HWH(CHOR,29,94,27,0,3.2413793103448274
36823,HWH- BWN LOC,29,94,27,0,3.2413793103448274
36824,BWN-HWH(CHOR,28,94,26,0,3.357142857142857
34782,SDAH - KAKDW,29,94,28,0,3.2413793103448274
63244,GAYA -PNBE M,26,94,25,0,3.6153846153846154
63248,GAYA-PNBE ME,26,94,25,0,3.6153846153846154
63254,GAYA-PNBE ME,24,94,24,0,3.9166666666666665
63257,PNBE-GAYA ME,26,94,26,0,3.6153846153846154
63258,GAYA-PNBE ME,26,94,26,0,3.6153846153846154
76805,MQ-TPJ PASSR,12,93,23,0,7.75
56518,HRR-CTA PASS,12,93,15,0,7.75
76806,TPJ-MQ PASSR,12,93,18,0,7.75
56517,CTA-HRR PASS,13,93,16,0,7.153846153846154
66029,SPE-NLR PASS,12,93,11,0,7.75
66038,SPE-MMC MEMU,12,93,21,0,7.75
66037,SPE-NLR MEMU,10,93,8,0,9.3
66030,NLR-SPE PASS,12,93,10,0,7.75
54057,DELHI SMQL P,24,93,24,0,3.875
74025,DELHI-SHAMLI,24,93,25,0,3.875
54058,SMQL DLI PAS,24,93,23,0,3.875
55729,KIR - RDP PA,20,93,25,0,4.65
55727,KIR - RDP PA,20,93,24,0,4.65
57430,TPTY PASS,12,93,11,0,7.75
54060,SMQL DLI PAS,24,93,24,0,3.875
56703,TPJ-DG PASS,12,93,10,0,7.75
74026,SHAMLI-DELHI,24,93,24,0,3.875
66032,NLR-SPE PASS,12,93,11,0,7.75
66031,SPE-NLR PASS,12,93,10,0,7.75
51905,SMQL-DLI PAS,24,93,24,0,3.875
74023,DELHI-HARIDW,24,93,24,0,3.875
63279,BJU-SEE MEMU,20,93,22,0,4.65
63286,SEE-BJU MEMU,20,93,22,0,4.65
74022,HARIDWAR-DLI,24,93,24,0,3.875
52461,PTK-JMKR PAS,17,93,22,0,5.470588235294118
52175,GWO-SBL-PASS,8,92,12,0,11.5
52174,SBL-GWO-PASS,15,92,26,0,6.133333333333334
57521,PARLI-PAU PA,11,92,11,0,8.363636363636363
64111,DKDE-SSB 12C,19,92,19,0,4.842105263157895
54401,KHURJA MEERU,14,92,57,1,6.571428571428571
52173,GWO-SBL PASS,15,92,26,0,6.133333333333334
54405,KHURJA MEERU,14,92,57,1,6.571428571428571
54406,MTC -KRJ PAS,13,92,29,0,7.076923076923077
57429,GDR PASS,12,92,10,0,7.666666666666667
54404,MEERUT CITY,14,92,40,1,6.571428571428571
54403,KHURJA MEERU,14,92,28,0,6.571428571428571
54402,MTC-KRJ PASS,14,92,100,1,6.571428571428571
57522,PAU-PARLI  S,11,92,13,0,8.363636363636363
66534,BYPL-KPN PAS,13,92,12,0,7.076923076923077
52176,SBL-GWO-PASS,7,92,10,0,13.142857142857142
63247,GAYA-PNBE ME,13,91,11,0,7.0
63253,PNBE-GAYA ME,15,91,15,0,6.066666666666666
63255,PNBE-GAYA ME,13,91,13,0,7.0
63256,GAYA-PNBE ME,13,91,13,0,7.0
63259,PNBE-GAYA ME,18,91,16,0,5.055555555555555
63252,GAYA -PNBE M,17,91,16,0,5.352941176470588
63242,GAYA-PNBE  M,13,91,13,0,7.0
22487,RDP-KIR EXPR,7,91,13,0,13.0
63249,PNBE-GAYA ME,16,91,16,0,5.6875
63251,PNBE-GAYA ME,18,91,18,0,5.055555555555555
59228,BVC - BTD PA,12,91,10,0,7.583333333333333
38502,BCK HWH LOCA,29,91,27,0,3.1379310344827585
22488,KIR-RDP EXPR,7,91,13,0,13.0
51318,PUNE-KJT PAS,20,91,20,0,4.55
51317,KJT-PUNE PAS,19,91,24,0,4.7894736842105265
56646,SBHR-MAQ PAS,11,91,11,0,8.272727272727273
59227,BTD - BVC PA,12,91,10,0,7.583333333333333
63246,GAYA-PNBE  M,17,91,17,0,5.352941176470588
63245,PNBE-GAYA ME,17,91,17,0,5.352941176470588
56647,MAQ-SBHR PAS,11,90,13,0,8.181818181818182
17305,UBL-LD-NZM L,4,90,4,0,22.5
55046,SPN-SCC PASS,13,90,22,0,6.923076923076923
55045,SCC-SPN PASS,14,90,35,0,6.428571428571429
55703,MLFC - KIR P,20,90,27,0,4.5
55770,KIR - MLFC P,20,90,27,0,4.5
55702,KIR-MLDT PAS,20,90,29,0,4.5
55701,MLDT-KIR PAS,20,90,30,0,4.5
55769,MLFC - KIR P,20,90,29,0,4.5
58416,PURI-CTC PAS,21,90,42,0,4.285714285714286
58415,CTC-PURI PAS,21,90,27,0,4.285714285714286
55704,KIR - MLFC P,20,90,29,0,4.5
30361,MJT - HNB LO,31,90,29,0,2.903225806451613
54059,DLI SMQL PAS,16,90,16,0,5.625
38501,HWH BCK LOCA,29,90,27,0,3.103448275862069
51906,DLI-SMQL PAS,16,90,15,0,5.625
74857,SIKR CUR DEM,9,90,9,0,10.0
74858,CUR SIKR DEM,9,90,9,0,10.0
69144,SJN-UBR MEMU,12,89,11,0,7.416666666666667
55893,RNY - RPAN P,15,89,16,0,5.933333333333334
76839,TPJ-KKDI PAS,10,89,8,0,8.9
78803,GONDIA - KAT,16,89,21,0,5.5625
6647,KRBA-BSP PAS,8,89,16,0,11.125
6648,BSP-KRRBA PA,8,89,16,0,11.125
78805,GONDIA-KATAN,16,89,21,0,5.5625
78801,GONDIA-KATAN,16,89,21,0,5.5625
69174,DRD BVI  MEM,10,89,8,0,8.9
63221,MKA-PNBE MEM,7,89,10,0,12.714285714285714
56652,CAN-CLT PASS,20,89,18,0,4.45
74635,BAHL- BDGM D,12,89,15,0,7.416666666666667
74636,BDGM-BAHL DM,12,89,13,0,7.416666666666667
76840,KKDI-TPJ PAS,10,89,8,0,8.9
76831,TPJ-KKDI DMU,10,89,8,0,8.9
76830,KKDI-TPJ DMU,10,89,8,0,8.9
74637,BAHL- BDGM D,12,89,14,0,7.416666666666667
74640,BDGM-BAHL DM,12,89,12,0,7.416666666666667
69143,VR-SJN MEMU,12,89,10,0,7.416666666666667
78809,GONDIA- KATA,16,89,21,0,5.5625
56657,CLT-CAN PASS,20,89,20,0,4.45
56653,CLT-CAN PASS,20,89,18,0,4.45
78817,DURG-DRZ DEM,10,89,24,0,8.9
78821,GONDIA-KATAN,16,89,21,0,5.5625
78824,DURG-DRZ DEM,10,89,26,0,8.9
78827,DURG-DRZ,10,89,25,0,8.9
5863,RNY - RPAN P,15,89,16,0,5.933333333333334
63235,BXR-MGS MEMU,11,89,11,0,8.090909090909092
93013,BVI-DRD,2,89,0,0,44.5
63222,PNBE-MKA MEM,7,89,9,0,12.714285714285714
64496,NZM-KSV EMU,14,89,12,0,6.357142857142857
63240,MGS-BXR MEMU,11,89,10,0,8.090909090909092
64570,NZM-KSV PASS,13,89,12,0,6.846153846153846
64470,PNP-NDLS LAD,19,89,18,0,4.684210526315789
64464,PNP-NDLS MEM,19,89,18,0,4.684210526315789
64466,PNP-NDLS MEM,19,89,18,0,4.684210526315789
74030,JIND-SNP,14,89,14,0,6.357142857142857
74638,BDGM-BAHL DM,12,89,16,0,7.416666666666667
63271,MKA-PNBE MEM,15,89,13,0,5.933333333333334
63272,PNBE-MKA MEM,15,89,13,0,5.933333333333334
74639,BAHL- BDGM D,12,89,13,0,7.416666666666667
74611,BAHL-BDGM DM,12,89,12,0,7.416666666666667
74612,BDGM - BAHL,12,89,14,0,7.416666666666667
74633,BAHL-BDGM DM,12,89,13,0,7.416666666666667
74631,BAHL-BDGM DM,12,89,20,0,7.416666666666667
74632,BDGM-BAHL DM,12,89,14,0,7.416666666666667
74019,SNP-JIND DMU,14,89,15,0,6.357142857142857
74634,BDGM-BAHL,12,89,12,0,7.416666666666667
74020,JIND-SNP DEM,14,89,15,0,6.357142857142857
74029,SNP-JIND,14,89,15,0,6.357142857142857
93008,DRD-BVI,2,89,0,0,44.5
53214,GAYA-PNBE PA,25,88,23,0,3.52
63544,GMO-ASN PASS,17,88,19,0,5.176470588235294
64453,DLI-PNP 12CA,18,88,17,0,4.888888888888889
51256,CWA-BXY PASS,12,88,16,0,7.333333333333333
51255,BXY-CWA PASS,12,88,16,0,7.333333333333333
63541,ASN-GMO PGR.,18,88,17,0,4.888888888888889
64001,DLI-PNP MEMU,18,88,17,0,4.888888888888889
64002,PNP-DLI MEMU,18,88,16,0,4.888888888888889
55894,RPAN - RNY P,15,88,16,0,5.866666666666666
64531,DLI-PNP PASS,17,88,15,0,5.176470588235294
64533,DLI-PNP MEMU,18,88,17,0,4.888888888888889
63542,GMO-ASN PASS,18,88,17,0,4.888888888888889
63543,ASN-GMO PGR.,18,88,20,0,4.888888888888889
54825,JU-BARA  PAS,12,88,24,0,7.333333333333333
64451,DLI-PNP MEMU,18,88,17,0,4.888888888888889
64536,PNP-DLI-MEMU,18,88,18,0,4.888888888888889
58427,PSA-GNPR PAS,9,88,13,0,9.777777777777779
75109,MAU-BCY- DMU,14,88,13,0,6.285714285714286
5864,RPAN - RNY P,15,88,16,0,5.866666666666666
56717,CAPE TEN PAS,9,88,11,0,9.777777777777779
58428,GNPR-PSA PAS,8,88,12,0,11.0
54785,FZR-FKA PASS,14,88,17,0,6.285714285714286
54786,FKA-FZR PASS,14,88,17,0,6.285714285714286
74971,FKA-FZR DMU,14,88,15,0,6.285714285714286
74972,FZR-FKA DMU,14,88,17,0,6.285714285714286
74973,FZR-FKA DMU,14,88,15,0,6.285714285714286
74974,FKA-FZR DMU,14,88,15,0,6.285714285714286
74975,FZR-FKA DMU,14,88,17,0,6.285714285714286
74976,FKA-FZR DMU,14,88,15,0,6.285714285714286
74977,FKA-FZR DMU,14,88,16,0,6.285714285714286
74978,FZR-FKA DMU,14,88,16,0,6.285714285714286
75235,RXL-NKE DEMU,13,87,24,0,6.6923076923076925
78825,DRZ-DURG DMU,10,87,25,0,8.7
78826,DRZ-DURG,10,87,25,0,8.7
78806,KATANGI-GOND,16,87,21,0,5.4375
78802,KATANGI-GOND,16,87,24,0,5.4375
78804,KATANGI- GON,16,87,21,0,5.4375
53036,BHW-AZ PASSE,20,87,18,0,4.35
5715,GAREEB NAWAZ,2,87,0,0,43.5
54564,FZR -  BTI,13,87,17,0,6.6923076923076925
54562,FZR BTI  PAS,13,87,25,0,6.6923076923076925
54563,BTI - FZR PA,13,87,18,0,6.6923076923076925
78822,KATANGI-GOND,16,87,21,0,5.4375
78810,KATANGI- GON,16,87,21,0,5.4375
5716,GAREEB NAWAZ,2,87,0,0,43.5
75236,NKE-RXL DEMU,13,87,24,0,6.6923076923076925
54561,BTI - FZR  P,13,87,16,0,6.6923076923076925
54626,JUC - JJJ PA,17,87,21,0,5.117647058823529
74952,JJJ-JUC DMU,17,87,19,0,5.117647058823529
74951,JJJ-JUC DMU,17,87,21,0,5.117647058823529
53035,AZ-BHW PASSE,18,87,16,0,4.833333333333333
74953,JJJ-JUC DMU,17,87,20,0,5.117647058823529
54826,BARA-JU  PAS,12,87,15,0,7.25
30342,BNJ - MJT LO,28,87,34,0,3.107142857142857
59824,BIX-GWL PASS,14,87,24,0,6.214285714285714
59823,GWL-BIX PASS,14,87,24,0,6.214285714285714
52540,DJ - KGN - N,12,87,28,0,7.25
52541,NJP-KGN-DJ P,12,87,29,0,7.25
30344,BNJ - MJT LO,34,87,41,0,2.5588235294117645
66520,SBC-MKM PASS,11,87,12,0,7.909090909090909
59825,GWL-BIX PASS,14,87,24,0,6.214285714285714
59826,BIX-GWL PASS,14,87,24,0,6.214285714285714
53369,KWAR-KQR PAS,9,87,13,0,9.666666666666666
53366,KQR-KWAR PAS,9,87,12,0,9.666666666666666
53365,KWAR-KQR PAS,9,87,12,0,9.666666666666666
53434,BHW-AZ PASS,19,87,17,0,4.578947368421052
53433,AZ-BHW PASS,19,87,18,0,4.578947368421052
53370,KQR-KWAR PAS,9,87,12,0,9.666666666666666
55549,BJU-HJP PASS,17,87,15,0,5.117647058823529
55550,HJP-BJU PASS,18,87,17,0,4.833333333333333
54625,JJJ - JUC PA,17,87,21,0,5.117647058823529
74954,JUC-JJJ DMU,17,87,21,0,5.117647058823529
64569,KSV-NZM PASS,13,87,70,1,6.6923076923076925
30346,BNJ-BBD LOCA,34,87,37,0,2.5588235294117645
43504,TRT-MMC EMU,29,86,27,0,2.9655172413793105
43502,TRT-MMC EMU,29,86,29,0,2.9655172413793105
43516,TRT-MMC EMU,28,86,27,0,3.0714285714285716
43513,MMC-TRT EMU,28,86,30,0,3.0714285714285716
43505,MMC-TRT EMU,28,86,27,0,3.0714285714285716
66512,MKM-SBC MEMU,16,86,17,0,5.375
59357,BXN-JAB PASS,16,86,23,0,5.375
51756,APR-CHRM PAS,11,86,39,0,7.818181818181818
59358,JAB-BXN PASS,16,86,22,0,5.375
43515,MMC-TRT EMU,29,86,32,0,2.9655172413793105
43503,MMC-TRT EMU,29,86,28,0,2.9655172413793105
66519,MKM-SBC PASS,11,86,12,0,7.818181818181818
43512,TRT-MMC EMU,28,86,30,0,3.0714285714285716
43501,MAS-TRT EMU,28,86,30,0,3.0714285714285716
64155,ETW-TDL MEMU,11,86,9,0,7.818181818181818
54328,SPN SCC PASS,11,86,12,0,7.818181818181818
54327,SPC SPN PASS,11,86,16,0,7.818181818181818
64158,TDL-ETW MEMU,11,86,9,0,7.818181818181818
51755,CHRM-APR PAS,11,86,34,0,7.818181818181818
64260,PNK-LJN MEMU,15,86,23,0,5.733333333333333
43511,MMC-TRT EMU,29,86,31,0,2.9655172413793105
43514,TRT-MMC EMU,28,86,27,0,3.0714285714285716
71082,DCTL-BOR PAS,13,86,27,0,6.615384615384615
43510,TRT-MMC EMU,28,86,30,0,3.0714285714285716
43507,MMC-TRT EMU,28,86,30,0,3.0714285714285716
43506,TRT-MMC EMU,28,86,26,0,3.0714285714285716
43508,TRT-MMC EMU,28,86,30,0,3.0714285714285716
43509,MMC-TRT EMU,29,86,28,0,2.9655172413793105
56508,SBC-MKMSWARN,17,85,22,0,5.0
64216,KAP-LKO MEMU,16,85,19,0,5.3125
56301,ALLP - QLN P,14,85,13,0,6.071428571428571
56108,KRR-SA PASSR,7,85,7,0,12.142857142857142
56107,SA-KRR PASSR,7,85,8,0,12.142857142857142
56106,KRR-SA PASSR,7,85,7,0,12.142857142857142
63292,DOS-GAYA MEM,14,85,12,0,6.071428571428571
56601,SRR-CLT PASS,16,85,16,0,5.3125
56600,CLT -SRR PAS,16,85,15,0,5.3125
64214,KAP-LKO MEMU,16,85,16,0,5.3125
63250,GAYA-PNBE ME,14,85,13,0,6.071428571428571
63289,GAYA-DOS MEM,14,85,12,0,6.071428571428571
55306,RMR-MB  PASS,12,85,17,0,7.083333333333333
55321,MB-RMR  PASS,12,85,18,0,7.083333333333333
63291,GAYA-DOS MEM,14,85,15,0,6.071428571428571
30321,MJT - HNB LO,35,85,38,0,2.4285714285714284
63290,DOS-GAYA MEM,14,85,12,0,6.071428571428571
63220,RPR-PNBE MEM,17,85,20,0,5.0
66532,SBC-BWT PASS,17,85,19,0,5.0
56510,SBC-MKM PASS,17,85,24,0,5.0
5614,KOTA-JLWC SP,9,85,11,0,9.444444444444445
53363,GAYA-DOS PAS,14,85,12,0,6.071428571428571
5613,JLWC-KOTA SP,11,85,13,0,7.7272727272727275
59838,KOTA-JLWC,11,85,17,0,7.7272727272727275
55309,MB-RMR  PASS,12,85,22,0,7.083333333333333
66511,SBC-MKM MEMU,17,85,39,0,5.0
59840,KOTA-JLWC PA,11,85,17,0,7.7272727272727275
53364,DOS-GAYA PAS,14,85,12,0,6.071428571428571
55308,RMR-MB  PASS,12,85,17,0,7.083333333333333
59837,JLWC-KOTA PA,11,85,20,0,7.7272727272727275
59839,JLWC-KOTA PA,11,85,13,0,7.7272727272727275
56105,SA-KRR PASSR,9,84,7,0,9.333333333333334
43932,AJJ-VLCY EMU,17,84,15,0,4.9411764705882355
43936,AJJ-VLCY LOC,11,84,9,0,7.636363636363637
52231,PBE-SZP  PAS,15,84,17,0,5.6
64253,LJN-KAP MEMU,16,84,18,0,5.25
52297,PBE-SZP PASS,6,84,8,0,14.0
43934,AJJ-VLCY LOC,16,84,18,0,5.25
52298,SZP-PBE- PAS,6,84,8,0,14.0
68082,ADRA VSU LOC,13,84,12,0,6.461538461538462
64255,LJN-KAP MEMU,16,84,19,0,5.25
43938,AJJ-VLCY LOC,17,84,16,0,4.9411764705882355
52229,SZP-PBE  PAS,15,84,17,0,5.6
52236,SZP-PBE  PAS,13,84,15,0,6.461538461538462
52232,SZP-PBE PASS,15,84,17,0,5.6
56509,MKM-SBC PASS,17,84,19,0,4.9411764705882355
52230,TPU-SZP  PAS,16,84,18,0,5.25
52234,SZP- PBE  PA,16,84,18,0,5.25
56300,QLN ALLP PAS,14,84,12,0,6.0
30135,MJT-RHA LOCA,34,84,39,0,2.4705882352941178
56507,MKM-SBC SWAR,17,84,26,0,4.9411764705882355
64162,PHD-CNB MEMU,12,83,10,0,6.916666666666667
57412,TPTY PASS,7,83,5,0,11.857142857142858
77257,PASS,5,83,3,0,16.6
57411,TPTY-GDR PAS,7,83,5,0,11.857142857142858
56661,CHV-MAQ PASS,13,83,14,0,6.384615384615385
108,VLNK-MAO-SWV,4,83,4,0,20.75
52235,PBE-SZP  PAS,14,83,16,0,5.928571428571429
77258,PASS,5,83,3,0,16.6
52233,PBE-SZP  PAS,15,83,17,0,5.533333333333333
64159,CNB-PHD MEMU,10,83,8,0,8.3
64951,BXN-AGC,15,83,62,1,5.533333333333333
64952,AGC-BXN,15,83,42,1,5.533333333333333
50108,MAO-SWV PASS,9,83,7,0,9.222222222222221
54788,RE-BNW PASSE,10,82,13,0,8.2
42407,MMC-SPE EMU,21,82,20,0,3.9047619047619047
42406,SPE-MMC EMU,21,82,19,0,3.9047619047619047
58014,BKSC HWH PAS,12,82,14,0,6.833333333333333
42408,SPE-MMC EMU,21,82,20,0,3.9047619047619047
42412,SPE-MMC EMU,21,82,20,0,3.9047619047619047
42411,MMC-SPE EMU,21,82,19,0,3.9047619047619047
42409,MMC-SPE EMU,21,82,20,0,3.9047619047619047
58536,PRDP-CTC,14,82,12,0,5.857142857142857
43820,TRT-MSB EMU,14,82,12,0,5.857142857142857
43823,MSB-TRT FAST,13,82,12,0,6.3076923076923075
43821,MSB-TRT EMU,16,82,15,0,5.125
54086,RE-DLI PASSE,18,82,17,0,4.555555555555555
58402,PRDP-CTC,14,82,12,0,5.857142857142857
58535,CTC-PRDP,14,82,12,0,5.857142857142857
54787,BNW-RE PASSE,13,82,14,0,6.3076923076923075
42801,MSB-SPE EMU,22,82,20,0,3.727272727272727
53137,RPH BHW PASS,13,82,11,0,6.3076923076923075
58401,CTC-PRDP,14,82,12,0,5.857142857142857
58013,HWH BKSC PAS,12,82,13,0,6.833333333333333
54421,DLI-RE PASSE,18,82,18,0,4.555555555555555
53075,RPH-BHW PASS,13,82,12,0,6.3076923076923075
53076,BHW-RPH PASS,13,82,12,0,6.3076923076923075
42403,MMC-SPE EMU,21,82,19,0,3.9047619047619047
58405,CTC-PRDP,11,82,9,0,7.454545454545454
58406,PRDP-CTC,11,82,9,0,7.454545454545454
54085,DLI-RE PASSA,18,82,18,0,4.555555555555555
54416,RE-DLI PASSE,18,82,19,0,4.555555555555555
54417,DLI-RE PASSE,18,82,18,0,4.555555555555555
54420,RE-DLI PASSE,18,82,18,0,4.555555555555555
34056,KLYM - BGB L,32,82,30,0,2.5625
42404,SPE-MMC EMU,16,82,14,0,5.125
54414,RE-DLI PASSE,18,82,18,0,4.555555555555555
42401,MMC-SPE EMU,21,82,19,0,3.9047619047619047
66026,SPE-MMC PASS,21,82,19,0,3.9047619047619047
42414,SPE-MMC EMU,21,82,20,0,3.9047619047619047
66036,NLR-SPE MEMU,21,82,20,0,3.9047619047619047
66025,MMC-SPE PASS,16,82,14,0,5.125
42417,MMC-SPE EMU,21,82,21,0,3.9047619047619047
42416,SPE-MMC EMU,21,82,20,0,3.9047619047619047
42420,SPE-MMC EMU,21,82,19,0,3.9047619047619047
42419,MMC-SPE EMU,21,82,20,0,3.9047619047619047
74004,RE-DLI DMU,18,82,18,0,4.555555555555555
42421,MMC-SPE EMU,20,82,19,0,4.1
75234,SMI-RXL DEMU,9,82,14,0,9.11111111111111
66027,MMC-SPE PASS,16,82,15,0,5.125
66035,MMC-SPE PASS,16,82,23,0,5.125
66028,SPE-MMCC PAS,21,82,23,0,3.9047619047619047
75233,RXL-SMI DEMU,9,82,14,0,9.11111111111111
42413,MMC-SPE EMU,21,82,20,0,3.9047619047619047
42423,MMC-SPE EMU,21,82,20,0,3.9047619047619047
74002,RE-DLI DMU,18,82,18,0,4.555555555555555
74001,DLI-RE DMU,18,82,17,0,4.555555555555555
53138,BHW-RPH PASS,13,82,12,0,6.3076923076923075
74003,DLI-RE DMU,18,82,16,0,4.555555555555555
42422,SPE-MMC EMU,21,82,20,0,3.9047619047619047
42402,SPE-MMC EMU,21,82,20,0,3.9047619047619047
64108,DLI-DKDE 12C,15,82,14,0,5.466666666666667
54310,RE-DLI PASSE,18,82,18,0,4.555555555555555
54309,DLI-RE PASSE,18,82,16,0,4.555555555555555
42804,SPE-MSB EMU,22,82,20,0,3.727272727272727
42802,SPE-MSB EMU,22,82,24,0,3.727272727272727
64106,DLI-KRJ 12CA,15,82,14,0,5.466666666666667
54413,DLI-RE PASSE,18,82,17,0,4.555555555555555
15019,GKP-NTV-EXP,5,81,9,0,16.2
15020,NTV-GKP-EXP,5,81,6,0,16.2
23345,BSB-SKTN LIN,6,81,8,0,13.5
77215,PASS,18,81,16,0,4.5
76505,BNC-KQZ PASS,12,81,11,0,6.75
76506,KQZ-BNC PASS,10,81,19,0,8.1
77269,PASS,18,81,16,0,4.5
77261,BZA-MTM PASS,18,81,17,0,4.5
77270,PASS,18,81,25,0,4.5
77207,PASS,14,81,13,0,5.785714285714286
77212,PASS,18,81,16,0,4.5
77218,PASS,18,81,17,0,4.5
55052,NTV-GKP  PAS,19,81,27,0,4.2631578947368425
37364,ARAMBAGH-HWH,23,81,21,0,3.5217391304347827
37365,HWH-ARAMBAGH,23,81,21,0,3.5217391304347827
37366,AMBG-HWH LOC,23,81,21,0,3.5217391304347827
23346,SKTN-BSB LIN,6,81,8,0,13.5
37654,MYM-HWH LOCA,28,81,26,0,2.892857142857143
37361,HWH-ARAMBAGH,23,81,26,0,3.5217391304347827
37379,HWH-GOGT LOC,23,81,22,0,3.5217391304347827
74017,RE-ROK DEMU,8,81,8,0,10.125
37374,GOGT-HWH LOC,23,81,23,0,3.5217391304347827
43520,TRT-MMC EMU,15,81,13,0,5.4
43518,TRT-MMC EMU,14,81,13,0,5.785714285714286
37376,GOGT-HWH LOC,23,81,23,0,3.5217391304347827
37375,HWH-GOGT LOC,23,81,23,0,3.5217391304347827
74018,ROK-RE DMU,8,81,10,0,10.125
37362,ARAMBAGH-HWH,23,81,21,0,3.5217391304347827
37363,HWH-ARAMBAGH,23,81,21,0,3.5217391304347827
37657,HWH-MYM LOCA,28,81,26,0,2.892857142857143
37656,MYM-HWH LOCA,28,81,27,0,2.892857142857143
37655,HWH - MYM LO,28,81,27,0,2.892857142857143
55043,GKP-NTV PASS,19,81,23,0,4.2631578947368425
55044,NTV-GKP PASS,19,81,27,0,4.2631578947368425
37651,HWH-MYM LOCA,18,81,16,0,4.5
37653,HWH - MYM LO,28,81,27,0,2.892857142857143
37652,MYM-HWH LOCA,18,81,17,0,4.5
37658,MYM-HWH LOCA,28,81,26,0,2.892857142857143
55051,GKP- NTV PAS,19,81,25,0,4.2631578947368425
55141,GKP-NTV PASS,19,81,28,0,4.2631578947368425
37367,HWH-AMBG LOC,23,81,22,0,3.5217391304347827
37368,AMBG-HWH LOC,23,81,22,0,3.5217391304347827
37371,HWH-GOGT LOC,23,81,23,0,3.5217391304347827
37372,GOGHAT-HWH L,22,81,24,0,3.6818181818181817
37373,GOGHAT-HW  L,23,81,23,0,3.5217391304347827
75015,GKP-NTV PASS,19,81,24,0,4.2631578947368425
75014,NTV-GKP -DMU,19,81,25,0,4.2631578947368425
75016,NTV-GKP PASS,19,81,23,0,4.2631578947368425
75013,GKP-NTV -DMU,19,81,21,0,4.2631578947368425
55350,LKU-BC PASSE,10,81,14,0,8.1
54019,RE-ROK PASS,8,81,11,0,10.125
55352,LKU-BC PASSE,10,81,14,0,8.1
55351,BC-LKU PASSE,10,81,14,0,8.1
5310,LKU-BC EXP,6,81,8,0,13.5
5522,SHC-JMP SPEC,12,81,26,0,6.75
5521,JMP-SHC SPEC,12,81,26,0,6.75
77262,PASS,18,81,16,0,4.5
55335,BC-LKU PASSE,10,81,14,0,8.1
55349,BC-LKU PASSE,10,81,14,0,8.1
55347,BC-LKU PASSE,10,81,14,0,8.1
55336,LKU-BC PASSE,10,81,14,0,8.1
64501,UMB-SRE PASS,13,81,13,0,6.230769230769231
51678,SKTN-CPU PAS,11,81,18,0,7.363636363636363
4921,SRE-UMB MEMU,13,81,13,0,6.230769230769231
4922,UMB-SRE MEMU,13,81,25,0,6.230769230769231
5309,BC-LKU SPL,6,81,8,0,13.5
55348,LKU-BC PASSE,10,81,14,0,8.1
64504,UMB-SRE PASS,13,81,11,0,6.230769230769231
64502,UMB-SRE PASS,13,81,22,0,6.230769230769231
37378,AMBG-HWH LOC,23,81,25,0,3.5217391304347827
55142,NTV-GKP PASS,19,81,23,0,4.2631578947368425
74983,KKP-FKA DMU,13,80,14,0,6.153846153846154
77208,PASS,12,80,11,0,6.666666666666667
74984,FKA-KKP DMU,13,80,13,0,6.153846153846154
63594,ASN-PRR MEMU,15,80,22,0,5.333333333333333
63593,PRR-ASN MEMU,15,80,42,1,5.333333333333333
43517,MMC-TRT EMU,13,80,22,0,6.153846153846154
74982,FKA-KKP DMU,13,80,14,0,6.153846153846154
30324,HNB-PPGT LOC,36,80,62,1,2.2222222222222223
74981,KKP-FKA DMU,13,80,13,0,6.153846153846154
33826,BNJ - SDAH L,24,79,22,0,3.2916666666666665
33833,SDAH - BNJ L,23,79,21,0,3.4347826086956523
64055,PWL-GZB 12CA,18,79,35,0,4.388888888888889
33835,SDAH-BNJ LOC,24,79,22,0,3.2916666666666665
33829,SDAH - BNJ L,24,79,22,0,3.2916666666666665
64053,PWL-GZB 12CA,17,79,26,0,4.647058823529412
33849,SDAH - BNJ L,24,79,22,0,3.2916666666666665
33827,SDAH - BNJ L,24,79,22,0,3.2916666666666665
33836,BNJ - SDAH L,23,79,21,0,3.4347826086956523
33828,BNJ - SDAH L,24,79,22,0,3.2916666666666665
33824,BNJ - SDAH L,24,79,22,0,3.2916666666666665
33863,SDAH - BNJ,24,79,22,0,3.2916666666666665
33834,BNJ - SDAH L,24,79,22,0,3.2916666666666665
33802,BNJ - SDAH L,24,79,22,0,3.2916666666666665
33812,BNJ-SDAH LOC,23,79,22,0,3.4347826086956523
33852,BNJ - SDAH L,23,79,21,0,3.4347826086956523
33853,SDAH - BNJ L,24,79,22,0,3.2916666666666665
33855,SDAH - BNJ L,23,79,21,0,3.4347826086956523
33856,BNJ - SDAH L,17,79,15,0,4.647058823529412
33857,SDAH - BNJ L,23,79,20,0,3.4347826086956523
33858,BNJ-SDAH LOC,23,79,20,0,3.4347826086956523
33840,BNJ - SDAH L,24,79,22,0,3.2916666666666665
33861,SDAH - BNJ L,23,79,21,0,3.4347826086956523
33860,BNJ - SDAH L,24,79,22,0,3.2916666666666665
33832,BNJ - SDAH L,23,79,36,0,3.4347826086956523
33831,SDAH - BNJ L,24,79,22,0,3.2916666666666665
67295,RJY-RVD PASS,15,79,13,0,5.266666666666667
33830,BNJ - SDAH L,24,79,22,0,3.2916666666666665
33825,SDAH - BNJ L,23,79,22,0,3.4347826086956523
33843,SDAH - BNJ L,24,79,22,0,3.2916666666666665
33842,BNJ - SDAH L,24,79,22,0,3.2916666666666665
33841,SDAH - BNJ L,24,79,22,0,3.2916666666666665
33844,BNJ - SDAH L,23,79,21,0,3.4347826086956523
33851,SDAH - BNJ L,24,79,22,0,3.2916666666666665
33850,BNJ - SDAH L,24,79,22,0,3.2916666666666665
33845,SDAH - BNJ L,24,79,22,0,3.2916666666666665
33837,SDAH-BNJ LOC,24,79,22,0,3.2916666666666665
33854,BNJ - SDAH L,22,79,20,0,3.590909090909091
33839,SDAH-BNJ LOC,24,79,22,0,3.2916666666666665
33801,SDAH - BNJ L,24,79,22,0,3.2916666666666665
33811,SDAH-BNJ LOC,17,79,15,0,4.647058823529412
33838,BNJ - SDAH L,24,79,22,0,3.2916666666666665
33823,SDAH - BNJ L,24,79,22,0,3.2916666666666665
33821,SDAH - BNJ L,24,79,22,0,3.2916666666666665
33822,BNJ - SDAH L,24,79,22,0,3.2916666666666665
33813,SDAH-BNJ LOC,23,79,21,0,3.4347826086956523
33816,BNJ - SDAH L,22,79,20,0,3.590909090909091
33815,SDAH-BNJ LOC,24,79,22,0,3.2916666666666665
33814,BNJ-SDAH LOC,21,79,19,0,3.761904761904762
33859,SDAH - BNJ L,22,79,20,0,3.590909090909091
33817,SDAH - BNJ L,21,79,19,0,3.761904761904762
33820,BNJ - SDAH L,22,79,20,0,3.590909090909091
33819,SDAH - BNJ L,23,79,25,0,3.4347826086956523
33818,BNJ - SDAH L,24,79,22,0,3.2916666666666665
33846,BNJ - SDAH L,24,79,22,0,3.2916666666666665
33847,SDAH - BNJ L,23,79,21,0,3.4347826086956523
33848,BNJ - SDAH L,23,79,21,0,3.4347826086956523
57606,VKB-KCG PASS,12,79,14,0,6.583333333333333
59232,BTD - SUNR P,10,78,8,0,7.8
69124,GDA-ANND MEM,13,78,11,0,6.0
59231,SUNR - BTD P,10,78,8,0,7.8
54356,BE - RAC PAS,13,78,19,0,6.0
56317,KCVL-NCJ PAS,16,78,18,0,4.875
69126,GDA-ANND MEM,13,78,11,0,6.0
52240,STP-MLN-  PA,6,78,8,0,13.0
50107,SWV-MAO PASS,9,78,7,0,8.666666666666666
51260,NGP -WR PASS,11,78,9,0,7.090909090909091
64154,ALJN-TDL MEM,11,78,9,0,7.090909090909091
51259,WR-NGP PASSE,12,78,10,0,6.5
64165,TDL-ALJN MEM,11,78,9,0,7.090909090909091
74644,ASR-JUC DMU,11,78,18,0,7.090909090909091
74643,JUC-ASR DMU,12,78,19,0,6.5
52239,MLN-STP PASS,6,78,8,0,13.0
74642,JUC-ASR,12,78,19,0,6.5
107,SWV-MAO-VLNK,4,78,4,0,19.5
13129,KOAA KHULNA,2,78,0,0,39.0
13130,KHULNA KOLKA,2,78,0,0,39.0
54355,ROZA BARELLY,13,78,18,0,6.0
69125,ANND-GDA MEM,13,78,11,0,6.0
64589,CNB-PHD MEMU,12,78,10,0,6.5
66039,AJJ-TPTY MEM,12,78,16,0,6.5
56798,AYVN-TEN PAS,18,78,20,0,4.333333333333333
69146,GODHRA ANND,13,78,11,0,6.0
69145,ANAND GDA ME,13,78,11,0,6.0
66049,AJJ-TPTY MEM,12,78,19,0,6.5
69147,ANND GODHRA,13,78,12,0,6.0
64590,PHD-CNB MEMU,12,78,10,0,6.5
59306,UJN INDB PAS,10,78,11,0,7.8
69123,ANND-GDA MEM,13,78,11,0,6.0
59307,INDB UJN PAS,10,78,10,0,7.8
56797,TEN-AYVN PAS,18,78,16,0,4.333333333333333
74969,LDH-LNK DMU,15,77,18,0,5.133333333333334
74970,LNK-LDH DMU,15,77,17,0,5.133333333333334
54152,CNB-FTP-PASS,13,77,11,0,5.923076923076923
71407,PUNE-DD DMU,11,77,9,0,7.0
71403,PUNE-DD DEMU,11,77,9,0,7.0
71408,DD-PUNE DMU,11,77,9,0,7.0
30322,HNB-BBDB LOC,34,77,32,0,2.264705882352941
71410,DD-PUNE DEMU,11,77,9,0,7.0
71409,PUNE-DD DMU,11,77,9,0,7.0
74648,JUC-NRO-LDH,10,77,14,0,7.7
74687,ASR-KEMK DMU,5,77,6,0,15.4
74684,ASR-KEMK DMU,5,77,8,0,15.4
74682,ASR-KEMK DMU,5,77,6,0,15.4
74681,ASR-KEMK DMU,5,77,6,0,15.4
33526,HNB-SDAH LOC,29,77,27,0,2.6551724137931036
33523,SDAH - HNB L,29,77,27,0,2.6551724137931036
33524,HNB-SDAH LOC,24,77,26,0,3.2083333333333335
74968,LDH-LNK DMU,15,77,16,0,5.133333333333334
33512,HNB-SDAH LOC,29,77,30,0,2.6551724137931036
33513,SDAH - HNB L,29,77,28,0,2.6551724137931036
51350,DD-PUNE PASS,11,77,9,0,7.0
33525,SDAH - HNB L,29,77,29,0,2.6551724137931036
33511,SDAH-HNB LOC,29,77,30,0,2.6551724137931036
64057,PWL-GZB 12CA,17,77,17,0,4.529411764705882
64051,PWL-GZB 12CA,16,77,16,0,4.8125
74965,LDH-LNK DMU,15,77,17,0,5.133333333333334
33522,HNB-SDAH LOC,29,77,27,0,2.6551724137931036
74966,LDH-LNK DMU,15,77,16,0,5.133333333333334
33521,SDAH - HNB L,29,77,27,0,2.6551724137931036
33520,HNB-SDAH LOC,29,77,32,0,2.6551724137931036
33518,HNB-SDAH LOC,26,77,27,0,2.9615384615384617
33519,SDAH - HNB L,29,77,27,0,2.6551724137931036
33517,SDAH - HNB L,29,77,27,0,2.6551724137931036
33514,HNB-SDAH LOC,29,77,27,0,2.6551724137931036
74967,LDH-LNK DMU,15,77,17,0,5.133333333333334
64052,GZB-PWL 12CA,17,77,17,0,4.529411764705882
51763,STA-MKP PASS,10,77,8,0,7.7
54576,LNK - LDH PA,15,77,24,0,5.133333333333334
66050,TPTY-AJJ MEM,12,77,18,0,6.416666666666667
33533,SDAH-HB LOCA,29,77,28,0,2.6551724137931036
33532,HNB-SDAH LOC,29,77,29,0,2.6551724137931036
33531,SDAH-HNB LOC,25,77,24,0,3.08
33530,HNB-SDAH LOC,29,77,28,0,2.6551724137931036
33529,SDAH-HNB LOC,25,77,24,0,3.08
33528,HNB-SDAH LOC,24,77,24,0,3.2083333333333335
51764,MKP-STA PASS,10,77,8,0,7.7
51765,STA-MKP PASS,10,77,14,0,7.7
51766,MKP-STA PASS,10,77,9,0,7.7
57486,MZL-KCG PASS,27,77,25,0,2.8518518518518516
64906,GZB-PWL 12CA,17,77,25,0,4.529411764705882
71411,PUNE-DD DEMU,11,77,9,0,7.0
64593,FTP-CNB MEMU,13,77,11,0,5.923076923076923
64594,CNB-FTP MEMU,13,77,11,0,5.923076923076923
33527,SDAH-HNB  LO,25,77,24,0,3.08
66014,TPTY-AJJ MEM,11,77,27,0,7.0
33516,HNB-SDAH LOC,25,77,23,0,3.08
33536,HNB-SDAH LOC,29,77,30,0,2.6551724137931036
6512,MKM-BAND ONE,14,77,14,0,5.5
33534,HB-SDAH LOCA,25,77,23,0,3.08
59707,APH-SOG  PAS,10,77,16,0,7.7
59710,SOG-APH PASS,11,77,14,0,7.0
54575,LDH - LNK PA,15,77,25,0,5.133333333333334
33515,SDAH - HNB L,29,77,32,0,2.6551724137931036
33538,HNB-SDAH LOC,24,77,25,0,3.2083333333333335
56318,NCJ-KCVL PAS,16,77,18,0,4.8125
17242,EXP,8,77,8,0,9.625
77265,NDD PASS,11,76,18,0,6.909090909090909
31611,SDAH-RHA  LO,23,76,22,0,3.3043478260869565
31602,RHA - SDAH L,24,76,22,0,3.1666666666666665
31622,RHA - SDAH L,24,76,22,0,3.1666666666666665
31612,RHA - SDAH L,24,76,22,0,3.1666666666666665
25014,CORBETT PARK,3,76,5,0,25.333333333333332
25035,RAMNAGAR-DLI,3,76,3,0,25.333333333333332
25013,CORBETT PARK,3,76,16,0,25.333333333333332
25036,RAMNAGAR-DLI,3,76,8,0,25.333333333333332
31629,SDAH-RHA LOC,24,76,22,0,3.1666666666666665
31630,RHA - SDAH L,23,76,21,0,3.3043478260869565
31631,SDAH-RHA LOC,24,76,22,0,3.1666666666666665
31634,RHA-SDAH LOC,24,76,22,0,3.1666666666666665
31616,RHA -SDAH LO,24,76,22,0,3.1666666666666665
31617,SDAH-RHA LOC,24,76,22,0,3.1666666666666665
31618,RHA -SDAH LO,11,76,9,0,6.909090909090909
31619,SDAH-RHA LOC,12,76,10,0,6.333333333333333
31621,SDAH-RHA LOC,24,76,22,0,3.1666666666666665
31620,RHA - SDAH L,20,76,18,0,3.8
56034,MQ- MV PASSR,11,76,11,0,6.909090909090909
31632,RHA-SDAH LOC,24,76,22,0,3.1666666666666665
56033,MV-MQ PASSR,11,76,11,0,6.909090909090909
31633,SDAH-RHA LOC,24,76,22,0,3.1666666666666665
63548,GAYA-KQR MEM,14,76,13,0,5.428571428571429
55322,RMR-MB  PASS,7,76,11,0,10.857142857142858
55310,RMR-MB  PASS,8,76,13,0,9.5
55305,MB-RMR PASSE,7,76,17,0,10.857142857142858
55307,MB-RMR  PASS,8,76,18,0,9.5
55323,MB-RMR  PASS,6,76,10,0,12.666666666666666
55324,RMR-MB  PASS,6,76,10,0,12.666666666666666
31601,SDAH-RHA LOC,24,76,22,0,3.1666666666666665
31628,RHA - SDAH L,21,76,19,0,3.619047619047619
31627,SDAH-RHA LOC,24,76,22,0,3.1666666666666665
31626,RHA - SDAH L,10,76,8,0,7.6
31625,SDAH-RHA LOC,16,76,14,0,4.75
31624,RHA - SDAH L,24,76,22,0,3.1666666666666665
31623,SDAH - RHA L,23,76,21,0,3.3043478260869565
31613,SDAH-RHA  LO,24,76,22,0,3.1666666666666665
31636,RHA-SDAH LOC,23,76,21,0,3.3043478260869565
17241,VSKP LINK EX,8,76,10,0,9.5
31615,SDAH-RHA LOC,24,76,22,0,3.1666666666666665
31614,RHA -SDAH LO,24,76,23,0,3.1666666666666665
76834,KRR TPJ PASS,15,75,14,0,5.0
63219,DNR-RPR MEMU,14,75,13,0,5.357142857142857
76836,KRR TPJ PASS,18,75,17,0,4.166666666666667
76835,TPJ KRR DMU,18,75,17,0,4.166666666666667
54261,MGS-BSB-JNU,14,75,21,0,5.357142857142857
76833,TPJ KRR PASS,15,75,14,0,5.0
59360,MTJ-BXN PASS,9,75,11,0,8.333333333333334
43852,TRL-PON EMU,29,75,27,0,2.586206896551724
43802,AJJ-MSB EMU,28,75,26,0,2.6785714285714284
59359,BXN-MTJ PASS,9,75,7,0,8.333333333333334
55218,PPTA-MFP PAS,14,74,18,0,5.285714285714286
55215,MFP-PPTA PAS,15,74,22,0,4.933333333333334
59379,IND MKC PASS,7,74,6,0,10.571428571428571
43803,MSB-AJJ EMU,28,74,26,0,2.642857142857143
59380,MKC - IND PA,7,74,6,0,10.571428571428571
63547,DHN-HZD MEMU,15,74,15,0,4.933333333333334
43805,MSB-AJJ EMU,28,74,26,0,2.642857142857143
43801,MSB-AJJ EMU,28,74,26,0,2.642857142857143
66515,BYPL-MKM MEM,14,74,13,0,5.285714285714286
53037,SBG-BGP PASS,14,74,12,0,5.285714285714286
53038,BGP-SBG PASS,14,74,12,0,5.285714285714286
55216,PPTA-MFP PAS,15,74,22,0,4.933333333333334
55217,MFP-PPTA PAS,14,74,21,0,5.285714285714286
66514,MKM-BYPL MEM,15,73,18,0,4.866666666666666
68723,DGG- G MEMU,9,73,9,0,8.11111111111111
68711,DGG-G MEMU L,9,73,9,0,8.11111111111111
68712,G-DGG MEMU L,9,73,9,0,8.11111111111111
43422,AJJ-MMC EMU,27,73,25,0,2.7037037037037037
43436,AJJ-MMC EMU,27,73,25,0,2.7037037037037037
43438,MMC-AJJ EMU,27,73,25,0,2.7037037037037037
64252,CNB-LJN MEMU,13,73,12,0,5.615384615384615
43403,MMC-AJJ EMU,27,73,25,0,2.7037037037037037
43404,AJJ-MMC EMU,27,73,25,0,2.7037037037037037
43402,AJJ-MMC EMU,27,73,25,0,2.7037037037037037
64206,CNB-LKO MEMU,13,73,12,0,5.615384615384615
43420,AJJ-MMC EMU,27,73,25,0,2.7037037037037037
43419,MMC-AJJ EMU,27,73,25,0,2.7037037037037037
64208,CNB-LKO MEMU,13,73,12,0,5.615384615384615
64207,LKO-CNB MEMU,13,73,13,0,5.615384615384615
64203,LKO-CNB MEMU,13,73,12,0,5.615384615384615
64202,CNB-LKO MEMU,13,73,12,0,5.615384615384615
64205,LKO-CNB MEMU,13,73,12,0,5.615384615384615
66533,BWT-BYPL PAS,14,73,17,0,5.214285714285714
78505,BAM-PSA PASS,10,73,8,0,7.3
43411,MMC-AJJ EMU,27,73,25,0,2.7037037037037037
43414,AJJ-MMC EMU,27,73,25,0,2.7037037037037037
43413,MMC-AJJ EMU,27,73,25,0,2.7037037037037037
54467,TDL-ETH PASS,10,73,9,0,7.3
43412,AJJ-MMC EMU,27,73,25,0,2.7037037037037037
53444,BGP - MDLE P,18,73,24,0,4.055555555555555
64254,CNB-LJN MEMU,13,73,12,0,5.615384615384615
64209,LKO-CNB MEMU,14,73,13,0,5.214285714285714
64210,CNB-LKO MEMU,13,73,12,0,5.615384615384615
64211,LKO-CNB MEMU,13,73,12,0,5.615384615384615
64212,CNB-LKO MEMU,13,73,11,0,5.615384615384615
64257,LJN-CNB MEMU,13,73,12,0,5.615384615384615
56718,TEN NCJ PASS,8,73,6,0,9.125
43427,MMC-AJJ EMU,27,73,25,0,2.7037037037037037
43425,MMC-AJJ EMU,27,73,25,0,2.7037037037037037
63532,SNT-UDL PGR.,14,73,12,0,5.214285714285714
54002,ROHTAK TILAK,20,73,21,0,3.65
43418,AJJ-MMC EMU,27,73,25,0,2.7037037037037037
43421,MMC-AJJ EMU,27,73,25,0,2.7037037037037037
54001,TILAK BRIDGE,20,73,20,0,3.65
63538,SNT-UDL PGR,14,73,12,0,5.214285714285714
64201,LKO-CNB MEMU,13,73,12,0,5.615384615384615
54470,ETH-TDL PASS,10,73,9,0,7.3
43415,MMC-AJJ EMU,27,73,25,0,2.7037037037037037
54469,TDL-ETH PASS,10,73,9,0,7.3
54468,ETH-TDL,10,73,10,0,7.3
63536,SNT-UDL PGR,14,73,12,0,5.214285714285714
43406,AJJ-MMC EMU,27,73,25,0,2.7037037037037037
63534,SNT-UDL PGR,14,73,12,0,5.214285714285714
64251,LJN-CNB MEMU,13,73,12,0,5.615384615384615
64204,CNB-LKO MEMU,13,73,13,0,5.615384615384615
64213,LKO-CNB MEMU,13,73,11,0,5.615384615384615
43409,MMC-AJJ EMU,27,73,25,0,2.7037037037037037
43407,MMC-AJJ EMU,27,73,25,0,2.7037037037037037
43434,AJJ-MMC EMU,24,73,25,0,3.0416666666666665
43430,AJJ-MMC EMU,27,73,25,0,2.7037037037037037
43428,AJJ-MMC EMU,27,73,25,0,2.7037037037037037
43405,MMC-AJJ EMU,27,73,25,0,2.7037037037037037
36087,HWH-MSAELOCA,24,72,22,0,3.0
36086,MSAE-HWH LOC,24,72,22,0,3.0
36085,HWH-MSAE LOC,24,72,22,0,3.0
36084,MSAE-HWH LOC,24,72,22,0,3.0
36083,HWH-MSAE LOC,24,72,22,0,3.0
56315,TVC-NCJ PASS,14,72,12,0,5.142857142857143
56311,TVC-NCJ PASS,14,72,12,0,5.142857142857143
56313,TVC-NCJ PASS,14,72,12,0,5.142857142857143
53442,BGP - HSDAPG,16,72,14,0,4.5
36088,MSAE-HWH LOC,22,72,20,0,3.272727272727273
56796,SCT-TEN PASS,17,72,15,0,4.235294117647059
55465,APDJ - BXT P,14,72,16,0,5.142857142857143
36082,MSAE-HWH LOC,24,72,22,0,3.0
36081,HWH-MSAE LOC,22,72,30,0,3.272727272727273
55466,BXT - APDJ P,14,72,16,0,5.142857142857143
53446,BGP - HSDA P,16,72,15,0,4.5
57605,SC-VKB PASSE,11,72,9,0,6.545454545454546
56799,TEN-SCT PASS,17,72,16,0,4.235294117647059
63531,UDL-SNT PGR.,14,72,13,0,5.142857142857143
56802,SCT-TEN PASS,17,72,15,0,4.235294117647059
56803,TEN-SCT PASS,17,72,16,0,4.235294117647059
56801,TEN-SCT PASS,17,72,15,0,4.235294117647059
56800,SCT-TEN PASS,17,72,16,0,4.235294117647059
69121,BRC - GDA ME,11,72,10,0,6.545454545454546
69122,GDA - BRC ME,11,72,9,0,6.545454545454546
63537,UDL-SNT PGR.,14,72,12,0,5.142857142857143
53017,KWAE - AZ  P,17,72,19,0,4.235294117647059
63533,UDL-SNT PGR.,14,72,12,0,5.142857142857143
63535,UDL-SNT PASS,13,72,11,0,5.538461538461538
53016,AZ - KWAE PA,16,72,14,0,4.5
53012,AZ- KWAE  PA,20,72,18,0,3.6
53013,KWAE-AZ PASS,17,72,15,0,4.235294117647059
53014,AZ - KWAE  P,17,72,15,0,4.235294117647059
74683,ASR-KEMK DMU,4,72,4,0,18.0
74685,ASR-KEMK DMU,4,72,4,0,18.0
74686,ASR-KEMK DMU,4,72,4,0,18.0
74688,ASR-KEMK DMU,4,72,4,0,18.0
78012,VZR-ROP-BLS,11,72,10,0,6.545454545454546
53006,AZ-KWAE PASS,16,72,14,0,4.5
53010,AZ-KWAE  PAS,19,72,17,0,3.789473684210526
53018,AZ - KWAE  P,20,72,18,0,3.6
56316,NCJ-TVC PASS,14,71,12,0,5.071428571428571
14323,ROK INTERCIT,6,71,8,0,11.833333333333334
14324,NDLS INTERCI,6,71,8,0,11.833333333333334
38423,HWH PKU LOCA,24,71,22,0,2.9583333333333335
38425,HWH PKU LOCA,24,71,22,0,2.9583333333333335
38427,HWH PKU LOCA,23,71,21,0,3.0869565217391304
38421,HWH PKU LOCA,24,71,22,0,2.9583333333333335
53441,HSDA - BGP P,16,71,18,0,4.4375
53443,MDLE - BGP P,16,71,15,0,4.4375
53210,FUT-RGD PASS,8,71,16,0,8.875
53209,RGD-FUT PASS,8,71,13,0,8.875
38411,HWH-PKU LOCA,24,71,22,0,2.9583333333333335
38413,HWH PKU LOCA,25,71,23,0,2.84
55690,BPB - DLCR P,15,71,43,1,4.733333333333333
55689,DLCR - BPB P,15,71,38,0,4.733333333333333
54026,PNP-ROK PASS,6,71,4,0,11.833333333333334
38405,HWH PKU LOCA,25,71,23,0,2.84
38401,HWH PKU LOCA,25,71,23,0,2.84
56310,NCJ-TVC PASS,14,71,12,0,5.071428571428571
38433,HWH PKU LOCA,23,71,21,0,3.0869565217391304
38451,HWH PKU LOCA,24,71,22,0,2.9583333333333335
38409,HWH PKU LOCA,25,71,23,0,2.84
38453,HWH PKU LOCA,24,71,22,0,2.9583333333333335
38449,HWH PKU LOCA,24,71,22,0,2.9583333333333335
38431,HWH PKU LOCA,24,71,22,0,2.9583333333333335
38437,HWH PKU LOCA,24,71,22,0,2.9583333333333335
38447,HWH PKU LOCA,24,71,22,0,2.9583333333333335
64912,ROK-NDLS MEM,17,71,15,0,4.176470588235294
64911,NDLS-ROK MEM,17,71,16,0,4.176470588235294
38419,HWH-PKU LOCA,25,71,23,0,2.84
38455,HWH-PKU LOCA,24,71,22,0,2.9583333333333335
38403,HWH PKU LOCA,25,71,23,0,2.84
53445,HSDA - BGP P,16,71,14,0,4.4375
64109,DKDE-SSB 12C,18,71,18,0,3.9444444444444446
68053,ADRA PRR LOC,11,71,10,0,6.454545454545454
56115,MV - TJ PASS,17,70,19,0,4.117647058823529
56116,TJ - MV PASS,17,70,21,0,4.117647058823529
53551,JSME-DUMKA P,9,70,7,0,7.777777777777778
56014,VLR-AJJ PASS,14,70,37,1,5.0
56010,KPD-AJJ PASS,13,70,21,0,5.384615384615385
56013,AJJ-VLR PASS,14,70,24,0,5.0
56009,AJJ-KPD PASS,13,70,17,0,5.384615384615385
16522,SBC-BWT EXP,8,70,8,0,8.75
53553,JSME DUMKA P,9,70,7,0,7.777777777777778
77237,PASS,18,70,17,0,3.888888888888889
53552,DUMKA- JSME,9,70,7,0,7.777777777777778
76826,TJ-MV PASS,16,70,15,0,4.375
51908,SRE-SMQL PAS,13,70,12,0,5.384615384615385
52180,SRMT-DHO-PAS,9,70,7,0,7.777777777777778
51907,SMQL-SRE PAS,13,70,12,0,5.384615384615385
68071,ADRA KNF LOC,16,70,17,0,4.375
38402,PKU HWH LOCA,24,70,22,0,2.9166666666666665
38414,PKU HWH LOCA,24,70,22,0,2.9166666666666665
66016,AJJ-MSB PASS,12,70,10,0,5.833333333333333
38456,PKU-HWH LOCA,24,70,22,0,2.9166666666666665
38406,PKU HWH LOCA,24,70,22,0,2.9166666666666665
38404,PKU HWH LOCA,24,70,22,0,2.9166666666666665
77293,RJY PASS,17,70,16,0,4.117647058823529
38416,PKU HWH LOCA,24,70,22,0,2.9166666666666665
53555,JSME DMKA PA,9,70,7,0,7.777777777777778
53556,DMKA JSME PA,9,70,7,0,7.777777777777778
52184,SRMT-DHO-PAS,9,70,7,0,7.777777777777778
68054,PRR ADRA LOC,11,70,10,0,6.363636363636363
53554,DUMKA  JSME,9,70,7,0,7.777777777777778
38408,PKU HWH LOCA,24,70,22,0,2.9166666666666665
52953,KODR - VRLF,7,70,34,1,10.0
52954,VRLF - KODR,7,70,28,0,10.0
38454,PKU HWH LOCA,24,70,22,0,2.9166666666666665
38452,PKU HWH LOCA,24,70,22,0,2.9166666666666665
43806,AJJ-MSB  EMU,15,70,13,0,4.666666666666667
43851,PON-TRL EMU,17,70,15,0,4.117647058823529
43804,AJJ-MSB EMU,9,70,7,0,7.777777777777778
38410,PKU HWH LOCA,24,70,22,0,2.9166666666666665
38412,PKU HWH LOCA,24,70,22,0,2.9166666666666665
52179,DHO-SRMT,9,70,7,0,7.777777777777778
16521,BWT-SBC EXP,8,70,7,0,8.75
76825,MV-TJ,16,70,15,0,4.375
58031,CKU - TATA P,9,69,7,0,7.666666666666667
58032,TATA - CKU P,9,69,7,0,7.666666666666667
56226,TK-SBC PASS,14,69,15,0,4.928571428571429
78013,BLS-ROP-BPO,10,69,8,0,6.9
78017,BLS-ROP-BPO,10,69,8,0,6.9
78016,BPO-BLS DEMU,10,69,9,0,6.9
56225,SBC-TK PASS,14,69,13,0,4.928571428571429
56222,TK-SBC PASS,14,69,13,0,4.928571428571429
64932,ROK-DLI MEMU,17,69,17,0,4.0588235294117645
64931,DLI-ROK MEMU,17,69,15,0,4.0588235294117645
64914,ROK-DLI MEMU,17,69,17,0,4.0588235294117645
64913,DLI-ROK MEMU,17,69,16,0,4.0588235294117645
64916,ROK-DLI MEMU,17,69,16,0,4.0588235294117645
56221,SBC-TK PASS,14,69,15,0,4.928571428571429
56926,TK-SBC FAST,6,69,5,0,11.5
54531,UMB KLK PASS,8,69,12,0,8.625
22926,KLK - UMB LI,3,69,15,0,23.0
54532,KLK UMB PASS,8,69,6,0,8.625
56925,SBC-TK FAST,7,69,5,0,9.857142857142858
22925,UMB - KLK LI,3,69,15,0,23.0
74012,ROK-DLI DMU,17,69,26,0,4.0588235294117645
74011,DLI-ROK DMU,17,69,16,0,4.0588235294117645
64915,DLI-ROK MEMU,17,69,16,0,4.0588235294117645
43401,MMC-AJJ EMU,11,68,9,0,6.181818181818182
54331,LUCKNOW BALA,11,68,13,0,6.181818181818182
54332,PASSENGER,10,68,9,0,6.8
79431,ADI-MSH DMU,10,68,12,0,6.8
43408,AJJ-MMC EMU,7,68,5,0,9.714285714285714
43410,AJJ-MMC EMU,10,68,8,0,6.8
69152,ST  - BL MEM,13,68,11,0,5.230769230769231
55517,DBG-JYG PASS,9,68,20,0,7.555555555555555
59048,SURAT BL PAS,13,68,18,0,5.230769230769231
55518,JYG-DBG PASS,9,68,20,0,7.555555555555555
74641,1JA JUC-ASR,10,68,8,0,6.8
56002,AJJ-MAS PASS,5,68,4,0,13.6
43435,MMC-AJJ EMU,10,68,8,0,6.8
43437,MMC-AJJ EMU,12,68,10,0,5.666666666666667
43424,AJJ-MMC EMU,14,68,12,0,4.857142857142857
43433,MMC-AJJ EMU,12,68,10,0,5.666666666666667
43426,AJJ-MMC EMU,12,68,10,0,5.666666666666667
43429,MMC-AJJ EMU,12,68,10,0,5.666666666666667
43431,MMC-AJJ EMU,10,68,8,0,6.8
69151,BL - ST MEMU,13,68,12,0,5.230769230769231
79432,MSH-ADI DMU,10,68,12,0,6.8
43439,MMCC-AJJ,14,68,12,0,4.857142857142857
56001,MAS-AJJ PASS,6,68,5,0,11.333333333333334
43423,MMCC-AJJ,14,68,12,0,4.857142857142857
76508,BWT-BNC DEMU,11,68,18,0,6.181818181818182
66015,MMC-AJJ MEMU,14,68,16,0,4.857142857142857
66011,MMC-AJJ PASS,14,68,12,0,4.857142857142857
66040,AJJ-MMC MEMU,14,68,13,0,4.857142857142857
66008,AJJ-MMC PASS,14,68,12,0,4.857142857142857
66009,MMC-AJJ PASS,14,68,11,0,4.857142857142857
66010,AJJ-MMC PASS,14,68,12,0,4.857142857142857
66530,SBC-BWT PASS,12,68,10,0,5.666666666666667
66531,BWT-SBC PASS,12,68,11,0,5.666666666666667
66013,MMC-AJJ EMU,9,68,7,0,7.555555555555555
66021,MMC-AJJ MEMU,6,68,4,0,11.333333333333334
38055,PKU HLZ LOCA,14,68,12,0,4.857142857142857
77238,PASS,18,68,17,0,3.7777777777777777
77242,PASS,15,68,17,0,4.533333333333333
38054,HLZ PKU LOCA,14,68,12,0,4.857142857142857
33282,HNB-DDJ LOCA,27,67,25,0,2.4814814814814814
37785,BDC-BWN  LOC,18,67,16,0,3.7222222222222223
37782,BWN-BDC LOCA,18,67,16,0,3.7222222222222223
66045,MLMR-VM PASS,5,67,3,0,13.4
52224,LMP-PBE PASS,13,67,19,0,5.153846153846154
52225,PBE-MLN PASS,8,67,14,0,8.375
52226,MLN-PBE PASS,13,67,19,0,5.153846153846154
52223,PBE-MLN PASS,13,67,19,0,5.153846153846154
52222,MLN-PBE  PAS,13,67,19,0,5.153846153846154
52221,PBE-MLN PASS,13,67,19,0,5.153846153846154
52206,PBE-BRY PASS,8,67,14,0,8.375
37783,BDC-BWN LOCA,18,67,16,0,3.7222222222222223
66046,VM-MLMR PASS,5,67,3,0,13.4
52205,PBE-MLN PASS,13,67,19,0,5.153846153846154
37784,BWN-BDC LOCA,18,67,16,0,3.7222222222222223
58658,LAD-RNC PASS,7,67,5,0,9.571428571428571
55665,SCL - JRBM P,10,67,38,1,6.7
58652,LAD RNC PASS,10,67,8,0,6.7
58656,LAD RNC PASS,10,67,8,0,6.7
37781,BDC-BWN LOCA,18,67,16,0,3.7222222222222223
37786,BWN-BDC LOCA,18,67,16,0,3.7222222222222223
95413,N19,12,67,10,0,5.583333333333333
95412,N16,10,67,8,0,6.7
95405,N11,12,67,10,0,5.583333333333333
95404,N8,10,67,8,0,6.7
95406,N10,10,67,8,0,6.7
95415,N21,12,67,10,0,5.583333333333333
95416,N20,10,67,8,0,6.7
4770,SGNR HMH PAS,10,67,9,0,6.7
30711,LKPR - MJT L,26,67,37,0,2.576923076923077
4769,HMH SGNR PAS,10,67,11,0,6.7
4768,SGNR-HMH SPL,10,67,10,0,6.7
4767,HMH-SGNR SPL,10,67,16,0,6.7
52207,PBE-MLN  PAS,13,67,19,0,5.153846153846154
52208,PBE-KSJ PASS,13,67,19,0,5.153846153846154
95411,N17,12,67,10,0,5.583333333333333
95424,N28,10,67,8,0,6.7
95426,N30,10,67,8,0,6.7
95425,N33,12,67,10,0,5.583333333333333
95428,N32,10,67,8,0,6.7
95407,N13,12,67,10,0,5.583333333333333
95403,N9,12,67,10,0,5.583333333333333
95402,N6,10,67,8,0,6.7
95408,N12,10,67,8,0,6.7
95417,N23,12,67,10,0,5.583333333333333
95418,N22,10,67,8,0,6.7
30712,MJT - LKPR,26,67,36,0,2.576923076923077
31051,BGB-BP LOCAL,26,67,24,0,2.576923076923077
95430,N34,10,67,8,0,6.7
95409,N15,12,67,10,0,5.583333333333333
95410,N14,10,67,8,0,6.7
96405,N5,12,67,10,0,5.583333333333333
96401,N1,12,67,10,0,5.583333333333333
16349,SRR-NIL EXP,9,67,8,0,7.444444444444445
96409,N31,12,67,9,0,5.583333333333333
96403,N3,12,67,10,0,5.583333333333333
96402,N2,10,67,8,0,6.7
96404,N4,10,67,8,0,6.7
34054,NH - BGB LOC,26,67,24,0,2.576923076923077
96407,TN1,12,67,10,0,5.583333333333333
96406,N36,10,67,8,0,6.7
96236,BL60,26,67,24,0,2.576923076923077
95419,N25,12,67,10,0,5.583333333333333
95420,N24,10,67,8,0,6.7
95421,N27,12,67,10,0,5.583333333333333
95422,N26,10,67,8,0,6.7
95423,N29,12,67,10,0,5.583333333333333
34052,NH - BGB LOC,26,67,24,0,2.576923076923077
95414,N18,10,67,8,0,6.7
31055,BGB-NH LOCAL,26,67,26,0,2.576923076923077
95401,N7,12,67,10,0,5.583333333333333
31053,BGB-NH LOCAL,26,67,24,0,2.576923076923077
56616,NIL-SRR PASS,12,66,10,0,5.5
59734,SOG-APH HOLI,9,66,11,0,7.333333333333333
56621,SRR-NIL PASS,12,66,10,0,5.5
16350,NIL-SRR EXP,9,66,7,0,7.333333333333333
56614,NIL-SRR PASS,12,66,10,0,5.5
56613,SRR-NIL PASS,12,66,10,0,5.5
56612,NIL-SRR PASS,12,66,10,0,5.5
30128,KLYM - MJT L,32,66,40,0,2.0625
56619,SRR-NIL PASS,12,66,10,0,5.5
56617,SRR-NIL PASS,12,66,10,0,5.5
56620,NIL-SRR PASS,12,66,10,0,5.5
59732,SOG-APH HOLI,10,66,11,0,6.6
59731,APH-SOG HOLI,10,66,10,0,6.6
33061,CG - BT LOCA,26,66,24,0,2.5384615384615383
58657,RNC-LAD PASS,10,66,8,0,6.6
59708,SOG - APH PA,9,66,9,0,7.333333333333333
59709,APH-SOG  PAS,10,66,12,0,6.6
58651,RNC LAD PASS,10,66,8,0,6.6
58655,RNC-LAD PASS,10,66,8,0,6.6
59733,APH-SOG PASS,9,66,9,0,7.333333333333333
58430,NYGT-KUR PAS,7,65,5,0,9.285714285714286
73032,AZ-KWAE DEMU,13,65,11,0,5.0
58429,KUR-NYGT PAS,7,65,5,0,9.285714285714286
64017,PWL-SSB 12CA,16,65,15,0,4.0625
64016,SSB-PWL EMU,16,65,15,0,4.0625
64019,PWL-SSB EMU,15,65,43,1,4.333333333333333
77232,PASS,14,65,12,0,4.642857142857143
53019,KWAE-AZ PASS,13,65,11,0,5.0
53005,KWAE-AZ PASS,17,65,15,0,3.823529411764706
53009,KWAE - AZ PA,18,65,16,0,3.611111111111111
69165,PNVL - BSR M,11,65,9,0,5.909090909090909
73031,KWAE-AZ DEMU,13,65,11,0,5.0
53015,KWAE - AZ  P,16,65,14,0,4.0625
53020,AZ - KWAE PA,15,65,13,0,4.333333333333333
53011,KWAE - AZ  P,15,65,13,0,4.333333333333333
33896,TKNR - SDAH,15,65,13,0,4.333333333333333
69167,PNVL - BSR M,9,65,7,0,7.222222222222222
58432,NYGT-KUR PAS,7,65,5,0,9.285714285714286
77267,GDV PASS,13,65,11,0,5.0
43847,AVD-TRT EMU,18,65,20,0,3.611111111111111
33895,SDAH-TKNR LO,15,65,13,0,4.333333333333333
69166,BSR - PNVL M,11,65,9,0,5.909090909090909
69168,BSR - PNVL M,11,65,9,0,5.909090909090909
64015,PWL-SSB 12CA,16,65,15,0,4.0625
58431,KUR-NYGT PAS,7,65,5,0,9.285714285714286
53435,KWAE-AZ PASS,19,65,17,0,3.4210526315789473
53436,AZ-KWAE PASS,18,65,16,0,3.611111111111111
64012,SSB-PWL 12CA,16,65,15,0,4.0625
64013,PWL-SSB 12CA,16,65,15,0,4.0625
64011,PWL-SSB 10 C,16,65,15,0,4.0625
64014,SSB-PWL 10 C,16,65,15,0,4.0625
59509,MSH - VG PAS,8,64,12,0,8.0
73264,PNBE-IPR DEM,12,64,20,0,5.333333333333333
54322,PASSENGER,13,64,22,0,4.923076923076923
54321,PASSENGER,13,64,127,1,4.923076923076923
56307,QLN TVC PASS,18,64,16,0,3.5555555555555554
53081,RPH-DUMKAI P,8,64,6,0,8.0
73263,IPR-PNBE DEM,12,64,21,0,5.333333333333333
73262,PNBE-IPR DEM,12,64,19,0,5.333333333333333
59510,VG-MSH PASSE,8,64,14,0,8.0
59512,VG-MSH PASSE,8,64,12,0,8.0
5105,GKP-BST SPL,4,64,4,0,16.0
5106,BST-GKP SPL,4,64,4,0,16.0
76507,BNC-BWT DEMU,10,64,8,0,6.4
75722,HDB-SGUJ PAS,12,64,31,0,5.333333333333333
64112,SSB-DKDE 12C,14,64,14,0,4.571428571428571
18696,PATNA-ISLAMP,8,64,12,0,8.0
56308,TVC  QLN  PA,18,64,16,0,3.5555555555555554
18695,ISLAMPUR-PAT,8,64,12,0,8.0
96657,TL71,27,64,25,0,2.3703703703703702
56309,QLN-TVC PASS,18,64,16,0,3.5555555555555554
58227,APR - MDGR P,9,64,22,0,7.111111111111111
59511,MSH - VG PAS,8,64,12,0,8.0
73261,IPR - PNBE D,12,64,18,0,5.333333333333333
99817,LNL-PUNE EMU,17,63,15,0,3.7058823529411766
99808,PUNE-LNL EMU,17,63,15,0,3.7058823529411766
21108,KURJ-BSB LIN,2,63,0,0,31.5
99831,LNL-PUNE EMU,17,63,15,0,3.7058823529411766
99833,LNL-PUNE EMU,17,63,16,0,3.7058823529411766
99809,LNL-PUNE EMU,17,63,15,0,3.7058823529411766
99834,PUNE-LNL EMU,17,63,17,0,3.7058823529411766
99810,PUNE-LNL EMU,17,63,15,0,3.7058823529411766
99811,LNL-PUNE EMU,17,63,15,0,3.7058823529411766
99816,PUNE-LNL EMU,17,63,15,0,3.7058823529411766
99812,PUNE-LNL EMU,17,63,15,0,3.7058823529411766
99813,LNL-PUNE EMU,17,63,15,0,3.7058823529411766
38407,SRC PKU LOCA,21,63,19,0,3.0
99806,PUNE-LNL EMU,17,63,15,0,3.7058823529411766
99807,LNL-PUNE EMU,17,63,15,0,3.7058823529411766
99805,LNL-PUNE EMU,17,63,15,0,3.7058823529411766
99818,PUNE-LNL,17,63,15,0,3.7058823529411766
69127,ANND-ADI MEM,13,63,11,0,4.846153846153846
43952,KBT-VLCY LOC,15,63,22,0,4.2
69116,ADI - ANND M,7,63,5,0,9.0
69106,ADI-ANND MEM,13,63,11,0,4.846153846153846
69105,ANND-ADI MEM,13,63,11,0,4.846153846153846
69130,ADI-ANND MEM,13,63,11,0,4.846153846153846
69129,ANND-ADI MEM,13,63,11,0,4.846153846153846
75721,SGUJ-HDB PAS,12,63,21,0,5.25
51822,KURJ-JHS PAS,6,63,6,0,10.5
51821,JHS-KURJ PAS,6,63,4,0,10.5
69128,ADI-ANND MEM,13,63,11,0,4.846153846153846
99815,LNL-PUNE EMU,17,63,15,0,3.7058823529411766
99820,PUNE-LNL EMU,17,63,26,0,3.7058823529411766
99819,LNL-PUNE EMU,17,63,15,0,3.7058823529411766
93018,DRD-CCG,2,63,0,0,31.5
93024,DRD-VR,2,63,0,0,31.5
93003,VR-DRD,2,63,0,0,31.5
93004,DRD-CCG,2,63,0,0,31.5
79430,ADI-ANND DMU,5,63,4,0,12.6
93001,VR-DRD,2,63,0,0,31.5
93023,VR DRD EMU,2,63,0,0,31.5
93021,VR DRD LOCAL,2,63,0,0,31.5
93019,VR-DRD EMU,2,63,0,0,31.5
93105,VR-DRD,9,63,7,0,7.0
93109,VR-DRD,9,63,7,0,7.0
93017,VR-DRD,2,63,0,0,31.5
93012,DRD-VR,2,63,0,0,31.5
93014,DRD-DDR,2,63,0,0,31.5
93011,VR-DRD,2,63,0,0,31.5
93010,DRD-CCG,2,63,0,0,31.5
79429,ANND-ADI DMU,5,63,3,0,12.6
69173,VR DRD,8,63,6,0,7.875
52987,DADN SWD MG,8,63,12,0,7.875
93104,DRD-VR,9,63,8,0,7.0
93032,DRD  VR EMU,2,63,0,0,31.5
93031,VR - DRD,8,63,6,0,7.875
93102,DRD-VR MEMU,9,63,7,0,7.0
93034,DRD- VR  EMU,9,63,7,0,7.0
93101,VR-DRD EMU,9,63,9,0,7.0
52973,DADN SWD MG,8,63,12,0,7.875
99829,LNL-PUNE EMU,17,63,15,0,3.7058823529411766
99830,PUNE-LNL EMU,17,63,15,0,3.7058823529411766
52964,SWD DADN MG,8,63,12,0,7.875
52963,DADN SWD MG,8,63,11,0,7.875
52975,DADN SWD MG,8,63,12,0,7.875
52976,SWD-DADN MG,8,63,12,0,7.875
52974,SWD-DADN MG,8,63,20,0,7.875
99824,PUNE-LNL EMU,17,63,15,0,3.7058823529411766
52988,SWD -DADN MG,8,63,12,0,7.875
99826,PUNE-LNL EMU,17,63,15,0,3.7058823529411766
99827,LNL-PUNE EMU,17,63,15,0,3.7058823529411766
99828,PUNE-LNL EMU,17,63,15,0,3.7058823529411766
99825,LNL-PUNE EMU,17,63,15,0,3.7058823529411766
22447,NZM-KURJ-S.K,2,63,0,0,31.5
99801,LNL-PUNE EMU,17,63,15,0,3.7058823529411766
22448,NZM-KURJ-S.,2,63,0,0,31.5
21107,KURJ-BSB LIN,2,63,0,0,31.5
99802,PUNE-LNL EMU,17,63,15,0,3.7058823529411766
99836,PUNE-TGN EMU,17,63,15,0,3.7058823529411766
99835,LNL-PUNE EMU,17,63,15,0,3.7058823529411766
99822,PUNE-LNL EMU,17,63,15,0,3.7058823529411766
99821,LNL-SVJR EMU,17,63,15,0,3.7058823529411766
99803,LNL-PUNE EMU,17,63,15,0,3.7058823529411766
99804,PUNE-LNL,17,63,15,0,3.7058823529411766
56918,SMET-RRB PAS,5,62,3,0,12.4
42653,VLCY-GPD LOC,15,62,17,0,4.133333333333334
42652,GPD-VLCY LOC,15,62,27,0,4.133333333333334
42651,VLCY-GDP LOC,15,62,17,0,4.133333333333334
42655,VLCY-GPD LOC,15,62,17,0,4.133333333333334
42654,GPD-VLCY LOC,15,62,13,0,4.133333333333334
76523,YPR-HSRA DEM,9,62,8,0,6.888888888888889
42657,VLCY-GPD LOC,15,62,13,0,4.133333333333334
42656,GDP-VLCY LOC,15,62,27,0,4.133333333333334
2651,PLNI-POY EXP,3,62,2,0,20.666666666666668
2652,POY-PLNI EXP,3,62,2,0,20.666666666666668
56005,AJJ-CGL PASS,6,62,4,0,10.333333333333334
6591,YPR-HSRA PAS,9,62,10,0,6.888888888888889
58030,BHC BLS PASS,10,62,8,0,6.2
58029,BLS BHC PASS,10,62,8,0,6.2
56707,DG - MDU PAS,8,62,6,0,7.75
56708,MDU-DG PASS,8,62,6,0,7.75
59167,AKV-RAJ-AKV,14,62,13,0,4.428571428571429
59104,KATHANA BRC,11,62,10,0,5.636363636363637
59168,AKV-RAJ-AKV,14,62,13,0,4.428571428571429
59103,BRC KATHANA,11,62,9,0,5.636363636363637
56917,RRB-SMET PAS,5,62,5,0,12.4
59101,BRC KATHANA,11,62,10,0,5.636363636363637
59102,KATHANA BRC,11,62,9,0,5.636363636363637
56004,CGL-AJJ PASS,3,62,2,0,20.666666666666668
56003,AJJ-CGL PASS,6,62,5,0,10.333333333333334
66022,AJJ-MMCC MEM,13,62,11,0,4.769230769230769
68009,TATA CKP PAS,9,62,7,0,6.888888888888889
56006,CGL-AJJ PASS,6,62,5,0,10.333333333333334
68010,CKP TATA PAS,9,62,7,0,6.888888888888889
34743,LKPR - SDAH,23,61,22,0,2.652173913043478
34741,LKPR - SDAH,23,61,21,0,2.652173913043478
34742,SDAH-LKPR LO,23,61,21,0,2.652173913043478
34732,SDAH-LKPR LO,23,61,21,0,2.652173913043478
34725,LKPR - SDAH,22,61,20,0,2.772727272727273
34727,LKPR - SDAH,23,61,21,0,2.652173913043478
34724,SDAH-LKPR LO,23,61,21,0,2.652173913043478
34721,LKPR - SDAH,23,61,21,0,2.652173913043478
34722,SDAH-LKPR LO,23,61,21,0,2.652173913043478
34720,SDAH-LKPR LO,23,61,21,0,2.652173913043478
34723,LKPR - SDAH,23,61,21,0,2.652173913043478
34715,LKPR - SDAH,23,61,21,0,2.652173913043478
34714,SDAH-LKPR LO,20,61,18,0,3.05
34713,LKPR - SDAH,21,61,20,0,2.9047619047619047
34748,SDAH-LKPR LO,21,61,19,0,2.9047619047619047
34747,LKPR - SDAH,21,61,19,0,2.9047619047619047
99823,LNL-PUNE EMU,12,61,10,0,5.083333333333333
34717,LKPR - SDAH,21,61,19,0,2.9047619047619047
56961,QLM-VSG,11,61,11,0,5.545454545454546
34736,SDAH-LKPR LO,23,61,21,0,2.652173913043478
34737,LKPR - SDAH,23,61,21,0,2.652173913043478
34738,SDAH-LKPR LO,23,61,21,0,2.652173913043478
34739,LKPR - SDAH,21,61,19,0,2.9047619047619047
34740,SDAH-LKPR LO,23,61,21,0,2.652173913043478
34735,LKPR - SDAH,21,61,19,0,2.9047619047619047
34734,SDAH-LKPR LO,23,61,21,0,2.652173913043478
34733,LKPR - SDAH,22,61,23,0,2.772727272727273
34728,SDAH-LKPR LO,21,61,19,0,2.9047619047619047
34757,LKPR - SDAH,21,61,19,0,2.9047619047619047
34730,SDAH-LKPR LO,23,61,21,0,2.652173913043478
34729,LKPR - SDAH,23,61,21,0,2.652173913043478
34726,SDAH-LKPR LO,23,61,21,0,2.652173913043478
34746,SDAH-LKPR LO,23,61,21,0,2.652173913043478
34745,LKPR - SDAH,23,61,21,0,2.652173913043478
34744,SDAH-LKPR LO,23,61,21,0,2.652173913043478
56965,QLM-VSG,12,61,13,0,5.083333333333333
34718,SDAH-LKPR LO,21,61,19,0,2.9047619047619047
56766,TCN-TEN PASS,12,61,10,0,5.083333333333333
75749,KIR - TETA D,15,61,17,0,4.066666666666666
73581,JSME BANKA P,9,61,7,0,6.777777777777778
76524,HSRA-YPR DEM,9,61,7,0,6.777777777777778
73582,BANKA JSME P,9,61,7,0,6.777777777777778
75750,TETA - KIR D,15,61,17,0,4.066666666666666
34753,LKPR - SDAH,21,61,19,0,2.9047619047619047
34750,SDAH-LKPR LO,21,61,19,0,2.9047619047619047
34751,LKPR - SDAH,21,61,20,0,2.9047619047619047
34752,SDAH-LKPR LO,21,61,19,0,2.9047619047619047
34755,LKPR - SDAH,21,61,19,0,2.9047619047619047
34754,SDAH-LKPR LO,21,61,18,0,2.9047619047619047
34731,LKPR - SDAH,23,61,22,0,2.652173913043478
34749,LKPR - SDAH,23,61,21,0,2.652173913043478
34716,SDAH-LKPR LO,21,61,19,0,2.9047619047619047
69195,BH-DGFJ-BH M,6,61,4,0,10.166666666666666
69196,BH-DGFJ-BH M,6,61,4,0,10.166666666666666
34711,LKPR - SDAH,19,61,22,0,3.210526315789474
34712,SDAH-LKPR LO,19,61,17,0,3.210526315789474
56763,TEN-TCN,12,61,10,0,5.083333333333333
56963,QLM-VSG PASS,12,61,14,0,5.083333333333333
56761,TEN-TCN PASS,12,61,10,0,5.083333333333333
56762,TCN-TEN PASS,12,61,10,0,5.083333333333333
56035,TCN-TEN PASS,12,61,10,0,5.083333333333333
56036,TEN-TCN PASS,12,61,10,0,5.083333333333333
55771,MLFC - BNDP,9,61,11,0,6.777777777777778
99832,PUNE-LNL EMU,16,61,14,0,3.8125
56764,TCN-TEN PASS,12,61,10,0,5.083333333333333
99814,PUNE-LNL EMU,16,61,14,0,3.8125
6592,HSRA-YPR PAS,9,61,7,0,6.777777777777778
34719,LKPR - SDAH,22,61,20,0,2.772727272727273
56765,TEN-TCN PASS,12,61,10,0,5.083333333333333
54025,ROK-PNP PASS,6,60,6,0,10.0
33682,GBG - SDAH L,20,60,18,0,3.0
33686,GBG - SDAH L,20,60,18,0,3.0
56204,MYS-CMNR PAS,13,60,12,0,4.615384615384615
56207,CMNR-MYS,13,60,12,0,4.615384615384615
56007,AJJ-KPD PASS,8,60,7,0,7.5
56203,CMNR-MYS PAS,13,60,11,0,4.615384615384615
55685,MSSN - SCL P,12,60,25,0,5.0
55686,SCL - MSSN P,12,60,25,0,5.0
67293,VZM-VSKP MEM,10,60,9,0,6.0
67291,VZM-VSKP MEM,10,60,9,0,6.0
67292,VSKP-VZM MEM,10,60,9,0,6.0
55772,BNDP - MLFC,9,60,11,0,6.666666666666667
37614,PDA-HWH LOCA,20,60,19,0,3.0
55661,MSSN - SCL P,12,60,25,0,5.0
78807,GONDIA- WARA,12,60,16,0,5.0
33688,GBG - SDAH L,20,60,18,0,3.0
78531,VZM-VSKP PAS,10,60,9,0,6.0
37612,PDA-HWH LOCA,15,60,13,0,4.0
90540,VR-CCG,2,60,0,0,30.0
37611,HWH-PDA LOCA,20,60,19,0,3.0
56008,KPD-AJJ PASS,10,60,9,0,6.0
55662,SCL - MSSN P,12,60,20,0,5.0
56210,MYS-CMNR PAS,13,60,12,0,4.615384615384615
30122,NH - MJT LOC,29,60,39,0,2.0689655172413794
56202,MYS-CMNR PAS,13,60,13,0,4.615384615384615
56209,CMNR-MYS PAS,13,60,12,0,4.615384615384615
56208,MYS-CMNR PAS,13,60,12,0,4.615384615384615
56201,CMNR-MYS PAS,13,60,12,0,4.615384615384615
56742,TEN-TN PASSE,10,60,17,0,6.0
40662,CGL-MSB EMU,3,59,2,0,19.666666666666668
40663,MSB-CGL EMU,2,59,0,0,29.5
40664,CGL-MSB EMU,2,59,0,0,29.5
40665,MSB - CGL EM,11,59,8,0,5.363636363636363
40666,CGL-MSB EMU,2,59,0,0,29.5
40646,CGL-MSB EMU,2,59,0,0,29.5
40647,MSB-CGL EMU,11,59,9,0,5.363636363636363
40648,CGL-MSB EMU,2,59,0,0,29.5
40649,MSB-CGL EMU,3,59,1,0,19.666666666666668
40650,CGL-MSB EMU,3,59,2,0,19.666666666666668
40651,MSB-CGL EMU,2,59,0,0,29.5
56741,TN-TEN PASSE,10,59,22,0,5.9
40523,MSB-CGL EMU,2,59,0,0,29.5
40524,CGL-MSB EMU,3,59,2,0,19.666666666666668
40525,MSB-CGL EMU,3,59,1,0,19.666666666666668
40526,CGL-MSB EMU,3,59,2,0,19.666666666666668
40527,MSB-CGL EMU,2,59,0,0,29.5
40528,CGL-MSB EMU,2,59,0,0,29.5
40529,MSB-CGL EMU,3,59,1,0,19.666666666666668
40531,MSB-CGL EMU,3,59,1,0,19.666666666666668
40532,CGL-MSB EMU,11,59,16,0,5.363636363636363
40533,MSB-CGL EMU,3,59,1,0,19.666666666666668
40534,CGL-MSB EMU,7,59,6,0,8.428571428571429
40535,MSB-CGL EMU,2,59,0,0,29.5
40502,CGL-MSB EMU,2,59,0,0,29.5
40503,MSB-CGL EMU,2,59,0,0,29.5
40504,CGL-MSB EMU,6,59,13,0,9.833333333333334
40505,MSB-CGL EMU,2,59,0,0,29.5
40506,CGL-MSB EMU,3,59,1,0,19.666666666666668
40507,MSB-CGL EMU,2,59,0,0,29.5
40508,CGL-MSB EMU,3,59,5,0,19.666666666666668
40509,MSB-CGL EMU,3,59,1,0,19.666666666666668
40510,CGL-MSB EMU,2,59,0,0,29.5
40511,MSB-CGL EMU,2,59,0,0,29.5
40512,CGL-MSB EMU,3,59,7,0,19.666666666666668
40513,MSB-CGL EMU,2,59,0,0,29.5
40514,CGL-MSB EMU,3,59,2,0,19.666666666666668
40515,MSB-CGL EMU,2,59,0,0,29.5
40516,CGL-MSB EMU,2,59,0,0,29.5
40517,MSB-CGL EMU,2,59,0,0,29.5
40501,MSB-CGL EMU,2,59,0,0,29.5
40543,MSB-CGL EMU,3,59,1,0,19.666666666666668
40544,CGL-MSB EMU,2,59,0,0,29.5
40545,MSB-CGL EMU,3,59,1,0,19.666666666666668
40547,MSB-CGL EMU,3,59,1,0,19.666666666666668
40548,CGL-MSB EMU,2,59,0,0,29.5
40549,MSB-CGL EMU,3,59,1,0,19.666666666666668
40550,CGL-MSB EMU,3,59,2,0,19.666666666666668
96336,A72,25,59,23,0,2.36
40551,MSB-CGL EMU,11,59,14,0,5.363636363636363
40552,CGL-MSB EMU,2,59,0,0,29.5
40553,MSB-CGL EMU,7,59,5,0,8.428571428571429
40518,CGL-MSB EMU,3,59,2,0,19.666666666666668
40519,MSB-CGL EMU,3,59,2,0,19.666666666666668
40520,CGL-MSB EMU,2,59,0,0,29.5
40522,CGL-MSB EMU,2,59,0,0,29.5
40560,CGL-MSB EMU,11,59,16,0,5.363636363636363
40561,MSB-CGL EMU,3,59,1,0,19.666666666666668
40562,CGL-MSB EMU,3,59,3,0,19.666666666666668
40563,MSB-CGL EMU,2,59,0,0,29.5
40564,CGL-MSB EMU,2,59,0,0,29.5
40565,MSB-CGL EMU,3,59,5,0,19.666666666666668
40566,CGL-MSB EMU,2,59,0,0,29.5
40567,MSB-CGL EMU,3,59,1,0,19.666666666666668
40568,CGL-MSB EMU,10,59,17,0,5.9
40569,MSB-CGL EMU,7,59,6,0,8.428571428571429
40536,CGL-MSB EMU,2,59,0,0,29.5
40538,CGL-MSB EMU,2,59,0,0,29.5
40539,MSB-CGL EMU,3,59,1,0,19.666666666666668
40540,CGL-MSB EMU,2,59,0,0,29.5
40541,MSB-CGL EMU,2,59,0,0,29.5
40542,CGL-MSB EMU,2,59,0,0,29.5
90981,CCG-VR,2,59,0,0,29.5
64555,ANVT-MTC MEM,11,59,10,0,5.363636363636363
64556,MTC-ANVT MEM,11,59,10,0,5.363636363636363
67275,FM-BHONGIR M,16,59,14,0,3.6875
67276,BHONGIR-FM M,16,59,14,0,3.6875
34846,SDAH-DH LOCA,24,59,22,0,2.4583333333333335
34847,DH - SDAH LO,24,59,22,0,2.4583333333333335
34848,SDAH-DH LOCA,24,59,22,0,2.4583333333333335
34849,DH - SDAH LO,22,59,20,0,2.6818181818181817
34850,SDAH-DH LOCA,22,59,20,0,2.6818181818181817
34851,DH - SDAH LO,23,59,21,0,2.5652173913043477
34852,SDAH-DH LOCA,24,59,22,0,2.4583333333333335
40608,CGL-MSB EMU,3,59,5,0,19.666666666666668
40609,MSB-CGL EMU,3,59,2,0,19.666666666666668
40610,CGL-MSB EMU,11,59,10,0,5.363636363636363
53023,AZ-RPH PASSE,11,59,10,0,5.363636363636363
53024,RPH - AZ  PA,10,59,11,0,5.9
53025,AZ - RPH  PA,11,59,10,0,5.363636363636363
53026,RPH - AZ PAS,11,59,13,0,5.363636363636363
53031,AZ -RPH  PAS,11,59,11,0,5.363636363636363
53034,RPH - AZ  PA,11,59,10,0,5.363636363636363
40612,CGL-MSB EMU,9,59,7,0,6.555555555555555
40554,CGL-MSB EMU,2,59,0,0,29.5
40555,MSB-CGL EMU,3,59,1,0,19.666666666666668
40556,CGL-MSB EMU,3,59,5,0,19.666666666666668
40557,MSB-CGL EMU,2,59,0,0,29.5
40558,CGL-MSB EMU,9,59,7,0,6.555555555555555
40559,MSB-CGL EMU,3,59,5,0,19.666666666666668
34853,DH - SDAH LO,24,59,22,0,2.4583333333333335
34854,SDAH-DH LOCA,24,59,22,0,2.4583333333333335
34855,DH - SDAH LO,22,59,20,0,2.6818181818181817
34856,SDAH-DH LOCA,23,59,20,0,2.5652173913043477
34857,DH-SDAH LOCA,21,59,19,0,2.8095238095238093
77222,PASS,12,59,14,0,4.916666666666667
77223,PASS,12,59,11,0,4.916666666666667
77224,PASS,12,59,11,0,4.916666666666667
77229,PASS,12,59,14,0,4.916666666666667
77676,MRGA-PGRL PA,6,59,88,1,9.833333333333334
77677,PGRL-MRGA PA,6,59,8,0,9.833333333333334
34858,SDAH-DH LOCA,20,59,17,0,2.95
34859,DH SDAH LOCA,24,59,22,0,2.4583333333333335
34860,SDAH DH LOCA,24,59,22,0,2.4583333333333335
34830,SDAH-DH LOCA,24,59,22,0,2.4583333333333335
34831,DH - SDAH LO,24,59,24,0,2.4583333333333335
34832,SDAH-DH LOCA,22,59,20,0,2.6818181818181817
34833,DH - SDAH LO,22,59,20,0,2.6818181818181817
34834,SDAH-DH LOCA,24,59,22,0,2.4583333333333335
34835,DH - SDAH LO,24,59,22,0,2.4583333333333335
34836,SDAH-DH LOCA,24,59,22,0,2.4583333333333335
34837,DH - SDAH LO,24,59,22,0,2.4583333333333335
34838,SDAH-DH LOCA,24,59,22,0,2.4583333333333335
34839,DH - SDAH LO,24,59,27,0,2.4583333333333335
34840,SDAH-DH LOCA,24,59,23,0,2.4583333333333335
34841,DH - SDAH LO,24,59,22,0,2.4583333333333335
34842,SDAH-DH LOCA,24,59,22,0,2.4583333333333335
34843,DH - SDAH LO,24,59,23,0,2.4583333333333335
34844,SDAH-DH LOCA,24,59,22,0,2.4583333333333335
34845,DH - SDAH LO,24,59,22,0,2.4583333333333335
34814,SDAH-DH LOCA,24,59,22,0,2.4583333333333335
34815,DH - SDAH LO,22,59,20,0,2.6818181818181817
34816,SDAH-DH LOCA,22,59,20,0,2.6818181818181817
34817,DH - SDAH LO,24,59,22,0,2.4583333333333335
34818,SDAH-DH LOCA,24,59,22,0,2.4583333333333335
34819,DH - SDAH LO,24,59,22,0,2.4583333333333335
34820,SDAH-DH LOCA,24,59,22,0,2.4583333333333335
33681,SDAH - GBG,20,59,19,0,2.95
33685,SDAH - GBG,20,59,18,0,2.95
33687,SDAH-GBG LOC,20,59,18,0,2.95
34821,DH - SDAH LO,24,59,22,0,2.4583333333333335
34822,SDAH-DH LOCA,17,59,15,0,3.4705882352941178
34823,DH - SDAH LO,24,59,23,0,2.4583333333333335
34824,SDAH-DH LOCA,24,59,22,0,2.4583333333333335
34825,DH - SDAH LO,24,59,22,0,2.4583333333333335
34826,SDAH-DH LOCA,24,59,22,0,2.4583333333333335
34827,DH - SDAH LO,24,59,22,0,2.4583333333333335
34828,SDAH-DH LOCA,24,59,22,0,2.4583333333333335
34829,DH - SDAH LO,17,59,15,0,3.4705882352941178
56390,KTYM-ERS PAS,9,59,7,0,6.555555555555555
40627,MSB-CGL EMU,2,59,0,0,29.5
40628,CGL-MSB EMU,11,59,14,0,5.363636363636363
40629,MSB-CGL EMU,2,59,0,0,29.5
40570,CGL-MSB EMU,3,59,5,0,19.666666666666668
40571,TBM - CGL EM,3,59,1,0,19.666666666666668
40572,TBM-MSB EMU,2,59,0,0,29.5
40573,MSB-TBM EMU,3,59,1,0,19.666666666666668
40574,TBM-MSB EMU,3,59,1,0,19.666666666666668
40601,MSB-CGL EMU,11,59,10,0,5.363636363636363
40602,CGL-MSB EMU,3,59,10,0,19.666666666666668
40603,MSB-CGL EMU,11,59,10,0,5.363636363636363
40604,CGL-MSB EMU,11,59,18,0,5.363636363636363
40605,MSB-CGL EMU,11,59,9,0,5.363636363636363
40606,CGL-MSB EMU,11,59,13,0,5.363636363636363
40607,MSB-CGL EMU,2,59,0,0,29.5
73021,AZ - RPH DMU,11,59,10,0,5.363636363636363
73022,RPH - AZ DMU,11,59,10,0,5.363636363636363
40613,MSB-CGL EMU,2,59,0,0,29.5
40614,CGL-MSB EMU,2,59,0,0,29.5
40615,MSB-CGL EMU,11,59,10,0,5.363636363636363
40616,CGL-MSB EMU,2,59,0,0,29.5
40617,MSB-CGL EMU,2,59,0,0,29.5
40618,CGL-MSB EMU,11,59,10,0,5.363636363636363
40619,MSB-CGL EMU,2,59,0,0,29.5
40621,MSB-CGL EMU,2,59,0,0,29.5
40622,CGL-MSB EMU,2,59,0,0,29.5
40623,MSB-CGL EMU,2,59,0,0,29.5
40624,CGL-MSB EMU,2,59,0,0,29.5
40625,MSB-CGL EMU,3,59,2,0,19.666666666666668
40626,CGL-MSB EMU,2,59,0,0,29.5
56386,KTYM-ERS PAS,9,59,7,0,6.555555555555555
34811,DH - SDAH LO,19,59,22,0,3.1052631578947367
34812,SDAH-DH LOCA,15,59,13,0,3.933333333333333
34813,DH - SDAH LO,24,59,22,0,2.4583333333333335
40631,MSB-CGL EMU,11,59,10,0,5.363636363636363
40632,CGL-MSB EMU,2,59,0,0,29.5
40633,MSB-CGL EMU,2,59,0,0,29.5
40634,CGL-MSB EMU,2,59,0,0,29.5
40635,MSB-CGL EMU,2,59,0,0,29.5
40636,CGL-MSB EMU,4,59,11,0,14.75
40637,MSB-CGL EMU,10,59,8,0,5.9
40638,CGL-MSB EMU,2,59,0,0,29.5
40639,MSB-CGL EMU,2,59,0,0,29.5
40640,CGL-MSB EMU,11,59,10,0,5.363636363636363
40641,MSB-CGL EMU,2,59,0,0,29.5
40642,CGL-MSB EMU,2,59,0,0,29.5
40643,MSB-CGL EMU,11,59,14,0,5.363636363636363
40644,CGL-MSB EMU,3,59,2,0,19.666666666666668
40645,MSB-CGL EMU,11,59,9,0,5.363636363636363
40652,CGL-MSB EMU,2,59,0,0,29.5
40653,MSB-CGL EMU,2,59,0,0,29.5
40654,CGL-MSB EMU,2,59,0,0,29.5
40655,MSB-CGL EMU,11,59,9,0,5.363636363636363
40656,CGL-MSB EMU,3,59,2,0,19.666666666666668
40657,MSB-CGL EMU,2,59,0,0,29.5
40658,CGL-MSB EMU,2,59,0,0,29.5
40659,MSB-CGL EMU,2,59,0,0,29.5
40660,CGL-MSB EMU,11,59,23,0,5.363636363636363
40661,MSB-CGL EMU,2,59,0,0,29.5
40630,CGL-MSB EMU,11,59,13,0,5.363636363636363
56962,VSG-QLM PASS,11,58,10,0,5.2727272727272725
56964,VSG-QLM,12,58,14,0,4.833333333333333
56966,VSG-QLM,12,58,13,0,4.833333333333333
57512,PAU PASS,8,58,6,0,7.25
56385,ERS-KTYM,12,58,10,0,4.833333333333333
56389,ERS-KTYM PAS,10,58,9,0,5.8
25201,SGL-NKE INTE,6,58,11,0,9.666666666666666
25202,NKE-SGL INTE,6,58,11,0,9.666666666666666
52181,DHO-TPO-PASS,9,58,7,0,6.444444444444445
63545,ASN-DHN PGR.,13,58,11,0,4.461538461538462
63546,DHN - ASN PA,12,58,10,0,4.833333333333333
63551,ASN-DHN PGR.,13,58,11,0,4.461538461538462
63552,DHN - ASN PA,13,58,11,0,4.461538461538462
38302,MCA-HWH LOCA,20,58,18,0,2.9
38303,HWH MCA LOCA,21,58,19,0,2.761904761904762
38304,MCA HWH LOCA,20,58,18,0,2.9
38306,MCA - HWH LO,20,58,18,0,2.9
38307,HWH MCA LOCA,20,58,18,0,2.9
38308,MCA-HWH LOCA,20,58,18,0,2.9
38312,MCA HWH LOCA,20,58,18,0,2.9
38314,MCA HWH LOCA,20,58,18,0,2.9
38318,MCA HWH LOCA,20,58,18,0,2.9
38321,HWH-MCA LOCA,20,58,18,0,2.9
55311,MB-KPV  PASS,9,58,10,0,6.444444444444445
55312,KPV-MB PASSE,9,58,10,0,6.444444444444445
3301,ASN-DHN MEMU,13,58,11,0,4.461538461538462
3302,DHN-ASN MEMU,13,58,11,0,4.461538461538462
66606,PGTN-CBE PAS,8,58,8,0,7.25
66607,PGTN-CBE PAS,8,58,15,0,7.25
36071,HWH-GRAE LOC,18,58,16,0,3.2222222222222223
36072,HOWRAH-GURAP,18,58,16,0,3.2222222222222223
55144,JNU-ARJ PASS,9,58,7,0,6.444444444444445
55160,JNU-ARJ PASS,9,58,10,0,6.444444444444445
78808,WARASEONI- G,12,58,16,0,4.833333333333333
74691,ASR-QDN DMU,6,58,16,0,9.666666666666666
74692,QDN-ASR DMU,6,58,61,1,9.666666666666666
69171,ST - BH,11,58,9,0,5.2727272727272725
69172,BH - ST,12,58,13,0,4.833333333333333
54262,JNU - BSB PA,11,57,9,0,5.181818181818182
54222,LLJ-DMW-RBL,10,57,10,0,5.7
54221,RBL-DMW-LLJ-,10,57,10,0,5.7
54223,RBL-DMW-LLJ-,10,57,12,0,5.7
54224,RBL-DMW-LLJ-,10,57,11,0,5.7
43769,VLCY-TRL LOC,14,57,12,0,4.071428571428571
77690,RC-GWD DEMU,5,57,3,0,11.4
43762,TRL-VLCY LOC,14,57,16,0,4.071428571428571
43763,VLCY-TRL LOC,14,57,12,0,4.071428571428571
43764,TRL-VLCY LOC,14,57,16,0,4.071428571428571
43765,VLCY-TRL LOC,14,57,16,0,4.071428571428571
43766,TRL-VLCY LOC,14,57,16,0,4.071428571428571
43767,VLCY-TRL LOC,14,57,21,0,4.071428571428571
77689,GWD-RC DEMU,5,57,3,0,11.4
43761,VLCY-TRL LOC,14,57,16,0,4.071428571428571
43768,TRL-VLCY LOC,14,57,26,0,4.071428571428571
37338,TAK-HWH LOCA,21,57,19,0,2.7142857142857144
37354,TAK-HWH LOCA,21,57,19,0,2.7142857142857144
37339,HWH - TAK LO,21,57,20,0,2.7142857142857144
64061,PWL-DLI EMU,13,57,12,0,4.384615384615385
64062,DLI-BVH EMU,13,57,13,0,4.384615384615385
37347,HWH-TAK LOCA,21,57,19,0,2.7142857142857144
37346,TAK-HWH LOCA,21,57,19,0,2.7142857142857144
37345,HWH-TAK LOCA,21,57,19,0,2.7142857142857144
37351,HWH-TAK LOCA,21,57,18,0,2.7142857142857144
37350,TAK-HWH LOCA,21,57,20,0,2.7142857142857144
37349,HWH-TAK LOCA,21,57,20,0,2.7142857142857144
37352,TAK-HWH LOCA,21,57,19,0,2.7142857142857144
37323,HWH-TAK LOCA,21,57,19,0,2.7142857142857144
37322,TAK-HWH LOCA,18,57,16,0,3.1666666666666665
37321,HWH-TAK LOCA,21,57,20,0,2.7142857142857144
37329,HWH-TAK LOCA,21,57,19,0,2.7142857142857144
37330,TAK-HWH LOCA,21,57,19,0,2.7142857142857144
37331,HWH-TAK LOCA,21,57,22,0,2.7142857142857144
37332,TAK-HWH LOCA,21,57,20,0,2.7142857142857144
37333,HWH-TAK LOCA,21,57,19,0,2.7142857142857144
37340,TAK-HWH LOCA,21,57,19,0,2.7142857142857144
37335,HWH-TAK LOCA,21,57,19,0,2.7142857142857144
37334,TAK-HWH LOCA,21,57,20,0,2.7142857142857144
37343,HWH-TAK LOCA,21,57,19,0,2.7142857142857144
37342,TAK-HWH LOCA,21,57,19,0,2.7142857142857144
37344,TAK-HWH LOCA,21,57,19,0,2.7142857142857144
37341,HWH-TAK LOCA,21,57,19,0,2.7142857142857144
37348,TAK-HWH LOCA,21,57,21,0,2.7142857142857144
37326,TAK-HWH LOCA,21,57,21,0,2.7142857142857144
37325,HWH-TAK LOCA,21,57,19,0,2.7142857142857144
37328,TAK-HWH LOCA,21,57,19,0,2.7142857142857144
37315,HWH - TAK LO,21,57,20,0,2.7142857142857144
37316,TAK-HWH LOCA,21,57,20,0,2.7142857142857144
37317,HWH-TAK LOCA,21,57,19,0,2.7142857142857144
37318,TAK-HWH LOCA,21,57,19,0,2.7142857142857144
37319,HWH-TAK LOCA,21,57,19,0,2.7142857142857144
37320,TAK-HWH LOCA,20,57,18,0,2.85
37327,HWH - TAK LO,21,57,19,0,2.7142857142857144
37324,TAK-HWH LOCA,21,57,19,0,2.7142857142857144
37336,TAK-HWH LOCA,21,57,20,0,2.7142857142857144
37313,HWH-TAK LOCA,21,57,19,0,2.7142857142857144
37312,TAK-HWH LOCA,21,57,20,0,2.7142857142857144
37311,HWH-TAK LOCA,21,57,19,0,2.7142857142857144
37314,TAK-HWH LOCA,21,57,19,0,2.7142857142857144
43773,VLCY-TRL LOC,14,57,17,0,4.071428571428571
43771,VLCY-TRL LOC,14,57,16,0,4.071428571428571
43770,TRL-VLCY LOC,14,57,21,0,4.071428571428571
54023,ROHTAK JIND,9,57,7,0,6.333333333333333
64064,PND-4 EMU,13,57,12,0,4.384615384615385
37337,HWH-TAK LOCA,21,57,19,0,2.7142857142857144
51112,DHI CSN MIX,9,56,9,0,6.222222222222222
56303,ERS ALLP PAS,12,56,10,0,4.666666666666667
73452,JMP TIL DEMU,10,56,9,0,5.6
56302,ALLP ERS PAS,12,56,10,0,4.666666666666667
51114,DHI CSN MIX,9,56,9,0,6.222222222222222
57145,PASS,8,56,6,0,7.0
57146,PASS,8,56,6,0,7.0
56379,ERS-ALLP PAS,12,56,11,0,4.666666666666667
74647,LDH-JUC DMU,8,56,14,0,7.0
55159,ARJ- JNU PAS,9,56,10,0,6.222222222222222
55143,ARJ-JNU PASS,9,56,9,0,6.222222222222222
56384,ALLP-ERS PAS,12,56,10,0,4.666666666666667
38305,SHM MCA LOCA,18,56,22,0,3.111111111111111
51115,CSN DHI MIX,9,56,9,0,6.222222222222222
51113,CSN DHI MIX,9,56,9,0,6.222222222222222
51116,DHI-CSN PASS,9,56,9,0,6.222222222222222
73454,JMP-TIL DEMU,10,56,9,0,5.6
64004,SNP-SBB 12CA,14,56,14,0,4.0
73451,TIL-JMP DEMU,10,56,8,0,5.6
73453,TIL-JMP DEMU,10,56,8,0,5.6
55751,NJP - HDB PA,10,56,10,0,5.6
55750,HDB - NJP PA,10,56,10,0,5.6
51111,CSN DHI MIX,9,56,9,0,6.222222222222222
55752,HDB - NJP PA,10,56,10,0,5.6
53327,SNDT-GMO PAS,12,56,19,0,4.666666666666667
55666,JRBM - SCL P,9,56,32,0,6.222222222222222
55749,NJP - HDB PA,10,56,10,0,5.6
53328,GMO-SNDT PAS,12,56,20,0,4.666666666666667
31311,SDAH - KLYM,21,55,19,0,2.619047619047619
55362,PBE-BC PASSE,9,55,12,0,6.111111111111111
55363,IZN-PBE PASS,9,55,15,0,6.111111111111111
55364,PBE-BC PASSE,9,55,12,0,6.111111111111111
55365,BC-PBE PASSE,9,55,12,0,6.111111111111111
55366,PBE-BC PASSE,9,55,12,0,6.111111111111111
55361,BC-PBE PASSE,9,55,12,0,6.111111111111111
55367,BC-PBE PASSE,9,55,12,0,6.111111111111111
55368,PBE-BC PASSE,9,55,12,0,6.111111111111111
31327,SDAH - KLYM,21,55,19,0,2.619047619047619
31330,KLYM-SDAH LO,21,55,19,0,2.619047619047619
31328,KLYM-SDAH LO,21,55,19,0,2.619047619047619
31329,SDAH - KLYM,21,55,19,0,2.619047619047619
55370,PBE-BC PASSE,7,55,13,0,7.857142857142857
31326,KLYM-SDAH LO,21,55,19,0,2.619047619047619
31339,SDAH - KLYM,21,55,19,0,2.619047619047619
31338,KLYM-SDAH EM,21,55,19,0,2.619047619047619
31319,SDAH - KLYM,21,55,19,0,2.619047619047619
30333,MJT-HB  LOCA,27,55,33,0,2.037037037037037
31320,KLYM-SDAH LO,12,55,10,0,4.583333333333333
31323,SDAH - KLYM,21,55,19,0,2.619047619047619
78009,ROP-VZR DEMU,8,55,6,0,6.875
78010,VZR-ROP DEMU,8,55,6,0,6.875
55369,BC-PBE PASSE,7,55,10,0,7.857142857142857
31336,KLYM-SDAH LO,21,55,19,0,2.619047619047619
31325,SDAH - KLYM,21,55,19,0,2.619047619047619
78011,ROP VZR DEMU,8,55,8,0,6.875
31335,SDAH - KLYM,21,55,19,0,2.619047619047619
31337,SDAH - KLYM,13,55,11,0,4.230769230769231
31331,SDAH - KLYM,21,55,19,0,2.619047619047619
31332,KLYM-SDAH LO,21,55,19,0,2.619047619047619
31333,SDAH - KLYM,21,55,19,0,2.619047619047619
31334,KLYM-SDAH LO,21,55,19,0,2.619047619047619
31321,SDAH - KLYM,21,55,19,0,2.619047619047619
38310,MCA SHM LOCA,18,55,17,0,3.0555555555555554
31313,SDAH - KLYM,21,55,19,0,2.619047619047619
31322,KLYM-SDAH LO,21,55,22,0,2.619047619047619
31312,KLYM-SDAH LO,21,55,19,0,2.619047619047619
31324,KLYM-SDAH LO,21,55,19,0,2.619047619047619
31318,KLYM-SDAH LO,21,55,19,0,2.619047619047619
30332,HB - MJT LOC,27,55,40,0,2.037037037037037
31316,KLYM - SDAH,21,55,19,0,2.619047619047619
31317,SDAH - KLYM,21,55,19,0,2.619047619047619
31315,SDAH-KLYM LO,21,55,19,0,2.619047619047619
31314,KLYM-SDAH LO,21,55,19,0,2.619047619047619
30331,MJT- HB LOCA,27,55,28,0,2.037037037037037
33362,BNJ- BT LOCA,12,54,10,0,4.5
33366,BNJ-BT LOCAL,12,54,10,0,4.5
33367,BT-BNJ LOCAL,13,54,11,0,4.153846153846154
58303,SBP-LJR-JNRD,6,54,11,0,9.0
73037,AZ-NILE DMU,10,54,8,0,5.4
69186,UJN - NAD ME,8,54,6,0,6.75
73038,NILE-AZ DMU,10,54,8,0,5.4
33363,BT -BNJ LOCA,12,54,10,0,4.5
33365,BT-BNJ LOCAL,12,54,10,0,4.5
33364,BNJ- BT LOCA,12,54,10,0,4.5
69185,NAD - UJN ME,8,54,6,0,6.75
55576,BIRL - DBG P,5,54,9,0,10.8
55577,SAKRI - BIRA,5,54,9,0,10.8
55578,BIRL - SKI P,5,54,9,0,10.8
75279,DBG - BIRL D,7,54,11,0,7.714285714285714
75280,BIRL - DBG D,5,54,9,0,10.8
75901,TSK - LEDO P,4,54,4,0,13.5
75904,LEDO - TSK D,4,54,4,0,13.5
33361,BT-BNJ LOCAL,14,54,12,0,3.857142857142857
55575,DBG - BIRL P,5,54,9,0,10.8
69153,UBR - BL MEM,9,54,9,0,6.0
69154,BL- UBR MEMU,9,54,7,0,6.0
53412,SBG-BHW PASS,10,54,8,0,5.4
53411,BHW-SBG PASS,10,54,8,0,5.4
55318,KPV-LKU PASS,7,54,7,0,7.714285714285714
55316,KPV-LKU PASS,7,54,7,0,7.714285714285714
55317,LKU-KPV  PAS,7,54,7,0,7.714285714285714
55315,LKU-KPV  PAS,7,54,7,0,7.714285714285714
74028,BTU-DLI DEMU,15,54,23,0,3.6
64107,DKDE-DLI 12C,10,54,9,0,5.4
74027,DLI-BTU DEMU,15,54,14,0,3.6
64104,DLI-DKDE 12C,10,54,9,0,5.4
55319,LKU-KPV PASS,6,54,6,0,9.0
55320,KPV-LKU PASS,6,54,6,0,9.0
59714,JP - FL PASS,10,54,8,0,5.4
38602,KIG - HWH SU,19,54,17,0,2.8421052631578947
38601,HWH - KIG SU,20,54,18,0,2.7
52266,NPR-BRK PASS,6,54,11,0,9.0
58304,JNR-LJR-SBP,6,54,11,0,9.0
52263,GNAN-NPR PAS,6,54,16,0,9.0
52268,LMP-MLN PASS,6,54,11,0,9.0
52264,NPR-BRK PASS,6,54,11,0,9.0
52265,BRK-NPR  PAS,6,54,16,0,9.0
52267,BRK-NPR PASS,6,54,16,0,9.0
59354,UJN NAD PASS,8,54,6,0,6.75
59713,FL-JP PASS,10,54,8,0,5.4
51430,KOP SLI PASS,9,54,9,0,6.0
51429,SLI MRJ PASS,8,54,10,0,6.75
59317,NAD UJN PASS,8,54,6,0,6.75
59318,UJN NAD PASS,8,54,6,0,6.75
59353,NAD UJN PASS,8,54,6,0,6.75
97142,K130,24,53,22,0,2.2083333333333335
97139,K117,24,53,22,0,2.2083333333333335
97136,K126,24,53,23,0,2.2083333333333335
97133,K113,24,53,22,0,2.2083333333333335
97129,K109,24,53,22,0,2.2083333333333335
97128,K124,24,53,22,0,2.2083333333333335
97127,K107,24,53,22,0,2.2083333333333335
97125,K105,24,53,22,0,2.2083333333333335
97124,K122,24,53,22,0,2.2083333333333335
54394,GJL-MB PASSE,9,53,16,0,5.888888888888889
54393,MB-GJL PASSE,9,53,13,0,5.888888888888889
97090,K90,24,53,22,0,2.2083333333333335
97089,K75,24,53,22,0,2.2083333333333335
97088,K88,24,53,22,0,2.2083333333333335
97085,K71,24,53,22,0,2.2083333333333335
97122,K120,24,53,22,0,2.2083333333333335
97103,K85,24,53,22,0,2.2083333333333335
97102,K100,24,53,22,0,2.2083333333333335
97101,K83,24,53,22,0,2.2083333333333335
97100,K96,24,53,22,0,2.2083333333333335
53642,MGS-DLN  PAS,9,53,14,0,5.888888888888889
53641,DLN -MGS-PAS,9,53,13,0,5.888888888888889
97096,K92,24,53,22,0,2.2083333333333335
97095,K81,24,53,22,0,2.2083333333333335
97093,K79,24,53,22,0,2.2083333333333335
97091,K77,24,53,22,0,2.2083333333333335
97108,K110,24,53,22,0,2.2083333333333335
97106,K108,24,53,22,0,2.2083333333333335
97105,K87,24,53,22,0,2.2083333333333335
97104,K104,24,53,22,0,2.2083333333333335
97146,K134,24,53,22,0,2.2083333333333335
95719,K73,8,53,6,0,6.625
95718,K36,14,53,12,0,3.7857142857142856
95717,K53,8,53,6,0,6.625
95716,K34,13,53,11,0,4.076923076923077
95715,K41,14,53,12,0,3.7857142857142856
95714,K32,14,53,12,0,3.7857142857142856
95712,K30,9,53,7,0,5.888888888888889
95711,K33,17,53,15,0,3.1176470588235294
95710,K28,14,53,12,0,3.7857142857142856
95709,K27,16,53,14,0,3.3125
95708,K20,13,53,11,0,4.076923076923077
95740,K112,2,53,0,0,26.5
95739,K111,9,53,7,0,5.888888888888889
95738,K106,14,53,12,0,3.7857142857142856
95737,K103,14,53,12,0,3.7857142857142856
95736,K102,13,53,11,0,4.076923076923077
95733,K101,14,53,12,0,3.7857142857142856
95732,K98,13,53,11,0,4.076923076923077
95731,K95,13,53,11,0,4.076923076923077
95728,K94,14,53,12,0,3.7857142857142856
95727,K89,14,53,12,0,3.7857142857142856
95726,K76,8,53,6,0,6.625
95724,K56,8,53,6,0,6.625
95721,KW1,19,53,17,0,2.789473684210526
95720,K42,14,53,12,0,3.7857142857142856
97004,K4,24,53,22,0,2.2083333333333335
97002,K2,24,53,22,0,2.2083333333333335
97000,K2,2,53,0,0,26.5
30154,NH - MJT LOC,21,53,19,0,2.5238095238095237
30152,NH - MJT LOC,21,53,19,0,2.5238095238095237
95746,K138,9,53,7,0,5.888888888888889
95745,K121,9,53,7,0,5.888888888888889
95744,K128,8,53,6,0,6.625
95743,K119,17,53,15,0,3.1176470588235294
95742,K116,14,53,12,0,3.7857142857142856
95741,K115,14,53,12,0,3.7857142857142856
95707,K21,16,53,14,0,3.3125
95705,K19,9,53,7,0,5.888888888888889
95704,K14,9,53,7,0,5.888888888888889
95703,K11,9,53,7,0,5.888888888888889
95702,KW2,17,53,15,0,3.1176470588235294
95701,K1,7,53,5,0,7.571428571428571
53223,RGD-BKP PASS,8,53,18,0,6.625
53222,BKP-RGD PASS,8,53,18,0,6.625
97017,K7,24,53,22,0,2.2083333333333335
97016,K16,24,53,22,0,2.2083333333333335
97015,K5,24,53,22,0,2.2083333333333335
97014,K12,24,53,22,0,2.2083333333333335
97011,K3,24,53,22,0,2.2083333333333335
97010,K10,24,53,22,0,2.2083333333333335
97008,K8,24,53,22,0,2.2083333333333335
97006,K6,24,53,22,0,2.2083333333333335
97029,K23,23,53,21,0,2.3043478260869565
97027,K17,24,53,22,0,2.2083333333333335
97025,K15,24,53,22,0,2.2083333333333335
97024,K26 L SPL,24,53,22,0,2.2083333333333335
97022,K24,24,53,22,0,2.2083333333333335
97021,K13,24,53,22,0,2.2083333333333335
97020,K22,24,53,22,0,2.2083333333333335
97019,K9,24,53,22,0,2.2083333333333335
97018,K18,24,53,22,0,2.2083333333333335
53224,BKP-RGD PASS,7,53,5,0,7.571428571428571
97044,K52,24,53,22,0,2.2083333333333335
97041,K35,24,53,22,0,2.2083333333333335
97040,K50,24,53,22,0,2.2083333333333335
64084,NDLS-PWL EMU,11,53,9,0,4.818181818181818
64082,NDLS-PWL EMU,11,53,9,0,4.818181818181818
64080,NDLS-PWL 10,11,53,9,0,4.818181818181818
64078,NDLS-PWL 12C,11,53,9,0,4.818181818181818
64077,PWL-NDLS EMU,11,53,9,0,4.818181818181818
64076,NDLS-PWL 10C,11,53,9,0,4.818181818181818
64075,PWL-NDLS 10C,11,53,10,0,4.818181818181818
75222,CPR-SEE DEMU,13,53,12,0,4.076923076923077
75221,SEE-CPR DEMU,12,53,11,0,4.416666666666667
64492,NDLS-PWL LAD,11,53,9,0,4.818181818181818
64491,PWL-NDLS LAD,11,53,9,0,4.818181818181818
97039,K31,24,53,22,0,2.2083333333333335
97038,K48,24,53,22,0,2.2083333333333335
97037,K29,24,53,22,0,2.2083333333333335
97036,K46,24,53,22,0,2.2083333333333335
97034,K44,24,53,22,0,2.2083333333333335
53221,RGD-BKP PASS,8,53,8,0,6.625
97032,K40,24,53,22,0,2.2083333333333335
97031,K25,24,53,22,0,2.2083333333333335
97030,K38,24,53,22,0,2.2083333333333335
68081,BQA ADRA LOC,8,53,6,0,6.625
43912,KBT-MSB,22,53,20,0,2.409090909090909
77609,FM-MOB DEMU,26,53,24,0,2.0384615384615383
74651,DBNK-ASR DMU,9,53,7,0,5.888888888888889
97067,K57,24,53,22,0,2.2083333333333335
97119,K99,24,53,22,0,2.2083333333333335
97117,K97,24,53,22,0,2.2083333333333335
97114,K118,24,53,22,0,2.2083333333333335
54558,PTA - UMB PA,7,53,8,0,7.571428571428571
97113,K93,24,53,22,0,2.2083333333333335
97112,K114,24,53,22,0,2.2083333333333335
97111,K91,24,53,22,0,2.2083333333333335
75202,CPR-SEE DEMU,12,53,11,0,4.416666666666667
75201,SEE-CPR DEMU,13,53,12,0,4.076923076923077
74907,JAT-UHP DMU,6,53,8,0,8.833333333333334
74906,UHP-JAT-DMU,6,53,8,0,8.833333333333334
74658,DBNK-ASR DMU,9,53,8,0,5.888888888888889
97066,K68,24,53,22,0,2.2083333333333335
97065,K55,24,53,22,0,2.2083333333333335
97062,K66,24,53,22,0,2.2083333333333335
97061,K51,24,53,22,0,2.2083333333333335
97060,K64,24,53,22,0,2.2083333333333335
97059,K49,24,53,22,0,2.2083333333333335
97058,K62,24,53,22,0,2.2083333333333335
97057,K47,24,53,22,0,2.2083333333333335
97055,K45,24,53,22,0,2.2083333333333335
97054,K60,24,53,22,0,2.2083333333333335
97053,K43,24,53,22,0,2.2083333333333335
97052,K58,24,53,22,0,2.2083333333333335
97049,K39,24,53,22,0,2.2083333333333335
97048,K54,24,53,22,0,2.2083333333333335
97047,K37,24,53,22,0,2.2083333333333335
97084,K86,24,53,23,0,2.2083333333333335
97083,K69,24,53,22,0,2.2083333333333335
97082,K84,24,53,22,0,2.2083333333333335
54654,UHP-JAT DMU,6,53,8,0,8.833333333333334
54651,JAT-UHP DMU,6,53,8,0,8.833333333333334
97081,K67,24,53,22,0,2.2083333333333335
97080,K82,24,53,23,0,2.2083333333333335
97079,K65,24,53,22,0,2.2083333333333335
97078,K80,24,53,22,0,2.2083333333333335
97076,K78,24,53,22,0,2.2083333333333335
97075,K63,24,53,22,0,2.2083333333333335
97074,K74,24,53,22,0,2.2083333333333335
97071,K61,24,53,22,0,2.2083333333333335
97070,K72,24,53,22,0,2.2083333333333335
97069,K59,24,53,22,0,2.2083333333333335
97068,K70,24,53,22,0,2.2083333333333335
97144,K132,24,53,22,0,2.2083333333333335
54557,UMB - PTA PA,7,53,10,0,7.571428571428571
97147,K123,24,53,22,0,2.2083333333333335
97149,K125,24,53,22,0,2.2083333333333335
97151,K127,24,53,22,0,2.2083333333333335
97153,K129,24,53,22,0,2.2083333333333335
77622,MBNR-JKAR,7,52,5,0,7.428571428571429
59216,PBR BNVD PAS,8,52,6,0,6.5
59215,BNVD PBR PAS,7,52,14,0,7.428571428571429
59214,PBR BNVDPASS,7,52,14,0,7.428571428571429
51915,DLI-FN PASSE,12,52,11,0,4.333333333333333
33325,BT HNB LOCAL,19,52,17,0,2.736842105263158
59213,BNVD PBR PAS,8,52,6,0,6.5
77654,HMBD-BIDR DE,4,52,2,0,13.0
43901,MMC-KBT EMU,21,52,19,0,2.4761904761904763
77653,BIDR-HMBD DE,4,52,2,0,13.0
77623,JKAR-MBNR,7,52,5,0,7.428571428571429
33313,BT-HNB LOCAL,19,52,23,0,2.736842105263158
56334,QLN-EDN PASS,11,52,10,0,4.7272727272727275
56335,EDN-QLN PASS,11,52,9,0,4.7272727272727275
33320,HNB BT LOCAL,19,52,17,0,2.736842105263158
33752,BNJ-STB LOCA,12,52,10,0,4.333333333333333
33751,STB-BNJ LOCA,12,52,10,0,4.333333333333333
56336,QLN-EDN PASS,11,52,9,0,4.7272727272727275
33319,BT - HNB LOC,19,52,17,0,2.736842105263158
43904,KBT-MMC EMU,21,52,19,0,2.4761904761904763
33321,BT - HNB LOC,19,52,19,0,2.736842105263158
33323,BT-HNB LOCAL,19,52,17,0,2.736842105263158
43903,MMC-KBT EMU,21,52,19,0,2.4761904761904763
56333,EDN-QLN PASS,11,52,9,0,4.7272727272727275
33318,HNB-BT LOCAL,19,52,17,0,2.736842105263158
33317,BT - HNB LOC,19,52,22,0,2.736842105263158
33316,HNB-BT LOCAL,19,52,17,0,2.736842105263158
33315,BT-HNB LOCAL,19,52,17,0,2.736842105263158
33314,HNB-BT LOCAL,19,52,17,0,2.736842105263158
33312,HNB-BT LOCAL,19,52,17,0,2.736842105263158
33311,BT-HNB LOCAL,19,52,24,0,2.736842105263158
53498,JMP-BGP PASS,18,52,16,0,2.888888888888889
53497,BGP-JMP PASS,18,52,16,0,2.888888888888889
43902,KBT-MMC EMU,21,52,19,0,2.4761904761904763
43841,AVD-AJJ EMU,17,52,15,0,3.0588235294117645
68094,KGP-MDN MEMU,10,51,17,0,5.1
68093,MDN-KGP MEMU,10,51,17,0,5.1
68092,JGM-MDN JANG,7,51,14,0,7.285714285714286
68091,MDN-JGM JANG,9,51,19,0,5.666666666666667
79428,CBY-ANND DMU,13,51,11,0,3.923076923076923
79427,ANND-CBY DMU,13,51,11,0,3.923076923076923
79426,CBY-ANND DMU,13,51,11,0,3.923076923076923
55239,SPJ-MFP PASS,9,51,7,0,5.666666666666667
79424,CBY-ANND DMU,13,51,11,0,3.923076923076923
79425,ANND-CBY DMU,13,51,11,0,3.923076923076923
79422,CBY-ANND DMU,13,51,11,0,3.923076923076923
79421,ANND-CBY DMU,13,51,11,0,3.923076923076923
79420,CBY-ANND DMU,13,51,11,0,3.923076923076923
58715,KENDRI-DHAMT,8,51,20,0,6.375
38923,HWH-AMZ LOCA,21,51,19,0,2.4285714285714284
38909,HWH AMZ LOCA,21,51,19,0,2.4285714285714284
38905,HWH - AMTA L,21,51,19,0,2.4285714285714284
79419,ANND-CBY DMU,13,51,11,0,3.923076923076923
79418,CBY-ANND DMU,13,51,11,0,3.923076923076923
79417,ANND-CBY DMU,13,51,11,0,3.923076923076923
79416,CBY-ANND DMU,13,51,11,0,3.923076923076923
79415,ANND-CBY DMU,13,51,11,0,3.923076923076923
79414,CBY - ANND D,13,51,11,0,3.923076923076923
79413,ANND - CBY D,13,51,11,0,3.923076923076923
78020,BGY BPO LOCA,7,51,5,0,7.285714285714286
51916,FN-DLI PASSE,12,51,11,0,4.25
71088,BOR-BSR DMU,8,51,6,0,6.375
55228,MFP-SPJ PASS,9,51,7,0,5.666666666666667
55227,SPJ-MFP PASS,10,51,8,0,5.1
43861,ENR-TRL EMU,13,51,11,0,3.923076923076923
71906,BTE-IDH SHUT,8,51,7,0,6.375
71905,IDH-BTE SHUT,8,51,7,0,6.375
79423,ANND-CBY DMU,13,51,11,0,3.923076923076923
71902,BTE-IDH DMU,8,51,7,0,6.375
71901,IDH-BRTP SHU,8,51,7,0,6.375
53450,BGP - BAKA P,15,51,19,0,3.4
53448,BGP - BAKA P,15,51,13,0,3.4
30121,MJT-NH LOCAL,26,51,29,0,1.9615384615384615
58713,KENDRI-DHAMT,8,51,20,0,6.375
55240,MFP-SPJ PASS,10,51,8,0,5.1
58711,KENDRI-DHAMT,8,51,18,0,6.375
77417,GTL PASS,9,50,7,0,5.555555555555555
33271,DDJ - GBG LO,18,50,16,0,2.7777777777777777
55525,BJU-SPJ PASS,10,50,8,0,5.0
55526,SPJ-BJU PASS,10,50,8,0,5.0
38316,MCA-SRC LOCA,16,50,14,0,3.125
42751,VLCY-PON LOC,13,50,11,0,3.8461538461538463
55237,BJU-SPJ PASS,9,50,7,0,5.555555555555555
53449,BAKA - BGP P,15,50,14,0,3.3333333333333335
55238,SPJ-BJU PASS,9,50,7,0,5.555555555555555
53447,BAKA - BGP P,15,50,14,0,3.3333333333333335
38301,SRC - MCA LO,17,50,15,0,2.9411764705882355
58714,DHAMTARI-KEN,8,50,15,0,6.25
58716,DHAMTARI-KEN,8,50,15,0,6.25
58712,DHAMTARI-KEN,8,50,15,0,6.25
98004,PL6,2,49,0,0,24.5
98003,PL3,2,49,0,0,24.5
98002,PL4,2,49,0,0,24.5
98001,PL1,2,49,0,0,24.5
98000,PL2,2,49,0,0,24.5
77416,BAY PASS,9,49,7,0,5.444444444444445
74608,BEAS-TTO DMU,6,49,5,0,8.166666666666666
74607,BEAS-TTO DMU,6,49,5,0,8.166666666666666
74606,TTO-BEAS DMU,6,49,5,0,8.166666666666666
74605,BEAS-TTO DMU,6,49,5,0,8.166666666666666
74604,TTO-BEAS DMU,6,49,5,0,8.166666666666666
74603,BEAS-TTO DMU,6,49,5,0,8.166666666666666
74602,TTO-BEAS,6,49,5,0,8.166666666666666
55719,DKGN - BHNG,8,49,15,0,6.125
77243,PASS,12,49,39,1,4.083333333333333
98015,PL13,2,49,0,0,24.5
98014,PL16,2,49,0,0,24.5
98012,PL14,2,49,0,0,24.5
98011,PL11,2,49,0,0,24.5
98010,PL12,2,49,0,0,24.5
98009,PL9,2,49,0,0,24.5
98008,PL10,2,49,0,0,24.5
98007,PL7,2,49,0,0,24.5
98006,PL8,2,49,0,0,24.5
98215,PL187,2,49,0,0,24.5
98213,PL185,2,49,0,0,24.5
98211,PL 183,2,49,0,0,24.5
98209,PL 181,2,49,0,0,24.5
98020,PL20,2,49,0,0,24.5
98019,PL17,2,49,0,0,24.5
98017,PL15,2,49,0,0,24.5
98016,PL18,2,49,0,0,24.5
98028,PL26,2,49,0,0,24.5
98027,PL23,2,49,0,0,24.5
98198,PL184,2,49,0,0,24.5
98197,PL 169,2,49,0,0,24.5
98195,PL 167,2,49,0,0,24.5
98194,PL182,2,49,0,0,24.5
98193,PL 165,2,49,0,0,24.5
98192,PL180,2,49,0,0,24.5
98191,PL 163,2,49,0,0,24.5
98186,PL174,2,49,0,0,24.5
98185,PL 159,2,49,0,0,24.5
98184,PL172,2,49,0,0,24.5
98183,PL157,2,49,0,0,24.5
98182,PL170,2,49,0,0,24.5
98180,PL168,2,49,0,0,24.5
98179,PL155,2,49,0,0,24.5
98178,PL166,2,49,0,0,24.5
98176,PL164,2,49,0,0,24.5
98207,PL 179,2,49,0,0,24.5
98205,PL 177,2,49,0,0,24.5
98204,PL188,2,49,0,0,24.5
98203,PL175,2,49,0,0,24.5
98202,PL186,2,49,0,0,24.5
98201,PL 173,2,49,0,0,24.5
98199,PL 171,2,49,0,0,24.5
98174,PL162,2,49,0,0,24.5
98172,PL160,2,49,0,0,24.5
98171,PL151,2,49,0,0,24.5
98170,PL158,2,49,0,0,24.5
98169,PL149,2,49,0,0,24.5
98168,PL156,2,49,0,0,24.5
98165,PL147,2,49,0,0,24.5
98164,PL154,2,49,0,0,24.5
98163,PL145,2,49,0,0,24.5
98162,PL152,2,49,0,0,24.5
98161,PL143,2,49,0,0,24.5
98160,PL150,2,49,0,0,24.5
98159,PL141,2,49,0,0,24.5
98190,PL178,2,49,0,0,24.5
98189,PL 161,2,49,0,0,24.5
98188,PL176,2,49,0,0,24.5
98158,PL148,2,49,0,0,24.5
98157,PL139,2,49,0,0,24.5
98156,PL146,2,49,0,0,24.5
98155,PL 137,2,49,0,0,24.5
98154,PL144,2,49,0,0,24.5
98153,PL 135,2,49,0,0,24.5
98152,PL142,2,49,0,0,24.5
98151,PL 133,2,49,0,0,24.5
98150,PL140,2,49,0,0,24.5
98148,PL138,2,49,0,0,24.5
98147,PL131,2,49,0,0,24.5
98146,PL136,2,49,0,0,24.5
98145,PL129,2,49,0,0,24.5
98175,PL153,2,49,0,0,24.5
98139,PL125,2,49,0,0,24.5
98138,PL130,2,49,0,0,24.5
98137,PL123,2,49,0,0,24.5
98136,PL128,2,49,0,0,24.5
98135,PL121,2,49,0,0,24.5
98132,PL126,2,49,0,0,24.5
98131,PL119,2,49,0,0,24.5
98130,PL124,2,49,0,0,24.5
98129,PL117,2,49,0,0,24.5
98128,PL122,2,49,0,0,24.5
98127,PL115,2,49,0,0,24.5
98025,PL21,2,49,0,0,24.5
98024,PL24,2,49,0,0,24.5
98023,PL19,2,49,0,0,24.5
98022,PL22,2,49,0,0,24.5
95009,KP11,10,49,9,0,4.9
98072,PL66,2,49,0,0,24.5
98073,PL 65,2,49,0,0,24.5
98124,PL118,2,49,0,0,24.5
98123,PL 111,2,49,0,0,24.5
98122,PL116,2,49,0,0,24.5
98121,PL 109,2,49,0,0,24.5
98120,PL114,2,49,0,0,24.5
98119,PL 107,2,49,0,0,24.5
98118,PL112,2,49,0,0,24.5
98117,PL 105,2,49,0,0,24.5
98116,PL110,2,49,0,0,24.5
98115,PL 103,2,49,0,0,24.5
98114,PL108,2,49,0,0,24.5
98113,PL 101,2,49,0,0,24.5
98112,PL106,2,49,0,0,24.5
98142,PL134,2,49,0,0,24.5
98141,PL127,2,49,0,0,24.5
98140,PL132,2,49,0,0,24.5
98110,PL104,2,49,0,0,24.5
98109,PL 97,2,49,0,0,24.5
98108,PL102,2,49,0,0,24.5
98107,PL 95,2,49,0,0,24.5
98106,PL100,2,49,0,0,24.5
98105,PL 93,2,49,0,0,24.5
98104,PL98,2,49,0,0,24.5
98102,PL96,2,49,0,0,24.5
98101,PL91,2,49,0,0,24.5
98100,PL94,2,49,0,0,24.5
98099,PL89,2,49,0,0,24.5
98098,PL92,2,49,0,0,24.5
98126,PL120,2,49,0,0,24.5
98125,PL113,2,49,0,0,24.5
98096,PL90,2,49,0,0,24.5
98095,PL85,2,49,0,0,24.5
98094,PL88,2,49,0,0,24.5
98093,PL83,2,49,0,0,24.5
98092,PL86,2,49,0,0,24.5
98091,PL 81,2,49,0,0,24.5
98090,PL84,2,49,0,0,24.5
98089,PL 79,2,49,0,0,24.5
98088,PL82,2,49,0,0,24.5
98087,PL 77,2,49,0,0,24.5
98111,PL 99,2,49,0,0,24.5
63214,ARA-PNBE MEM,13,49,14,0,3.769230769230769
63213,PNBE-ARA MEM,11,49,10,0,4.454545454545454
98071,PL 63,2,49,0,0,24.5
98037,PL 31,2,49,0,0,24.5
98036,PL32,2,49,0,0,24.5
98035,PL 29,2,49,0,0,24.5
98034,PL30,2,49,0,0,24.5
98033,PL27,2,49,0,0,24.5
98030,PL28,2,49,0,0,24.5
98070,PL64,2,49,0,0,24.5
98048,PL42,2,49,0,0,24.5
98047,PL 41,2,49,0,0,24.5
98046,PL40,2,49,0,0,24.5
56644,KBPR-MAQ PAS,4,49,4,0,12.25
98097,PL87,2,49,0,0,24.5
98045,PL 39,2,49,0,0,24.5
98044,PL38,2,49,0,0,24.5
98043,PL 37,2,49,0,0,24.5
98042,PL36,2,49,0,0,24.5
98041,PL 35,2,49,0,0,24.5
98039,PL 33,2,49,0,0,24.5
98038,PL34,2,49,0,0,24.5
96020,KP14,8,49,6,0,6.125
96019,KP 15,10,49,8,0,4.9
96003,KP1,10,49,8,0,4.9
98060,PL54,2,49,0,0,24.5
98059,PL 51,2,49,0,0,24.5
98058,PL52,2,49,0,0,24.5
98057,PL 49,2,49,0,0,24.5
98056,PL50,2,49,0,0,24.5
98055,PL 47,2,49,0,0,24.5
63224,ARA-PNBE MEM,10,49,12,0,4.9
63223,PNBE-ARA MEM,10,49,12,0,4.9
95008,KP 8,8,49,6,0,6.125
95007,KP9,10,49,8,0,4.9
95006,KP6,8,49,6,0,6.125
95005,KP7,10,49,8,0,4.9
95004,KP2,8,49,7,0,6.125
95003,KP5,10,49,8,0,4.9
76829,TJ-TPJ DEMU,9,49,7,0,5.444444444444445
76828,TPJ-TJ DEMU,9,49,7,0,5.444444444444445
76827,TJ TPJ  DEMU,9,49,7,0,5.444444444444445
76824,TPJ TJ DEMU,9,49,7,0,5.444444444444445
76823,TJ-TPJ DEMU,9,49,7,0,5.444444444444445
76822,TPJ-TJ DEMU,9,49,7,0,5.444444444444445
76821,TJ-TPJ DEMU,9,49,7,0,5.444444444444445
76820,TPJ-TJ DEMU,8,49,6,0,6.125
56642,KBPR-MAQ PAS,5,49,5,0,9.8
42752,PON-VLCY,13,49,15,0,3.769230769230769
95002,KP4,8,49,6,0,6.125
98029,PL25,2,49,0,0,24.5
98084,PL78,2,49,0,0,24.5
98054,PL48,2,49,0,0,24.5
98053,PL45,2,49,0,0,24.5
98052,PL46,2,49,0,0,24.5
98050,PL44,2,49,0,0,24.5
98049,PL43,2,49,0,0,24.5
98069,PL 61,2,49,0,0,24.5
98068,PL62,2,49,0,0,24.5
98067,PL59,2,49,0,0,24.5
30123,MJT - NH LOC,25,49,23,0,1.96
95001,KP3,10,49,8,0,4.9
98066,PL60,2,49,0,0,24.5
54013,ROK BNW PASS,7,49,10,0,7.0
38924,AMZ-HWH LOCA,21,49,19,0,2.3333333333333335
38908,AMZ HWH LOCA,21,49,19,0,2.3333333333333335
74601,BEAS-TTO,6,49,5,0,8.166666666666666
95013,KP-17,8,49,6,0,6.125
95012,KP12,8,49,6,0,6.125
95011,KP13,10,49,8,0,4.9
54018,BNW-ROK PASS,7,49,10,0,7.0
54016,BNW ROK PASS,7,49,10,0,7.0
54015,ROK-BNW PASS,7,49,8,0,7.0
54014,BNW ROK PASS,7,49,9,0,7.0
95010,KP10,8,49,6,0,6.125
55720,BHNG - DKGN,8,49,16,0,6.125
98005,PL5,2,49,0,0,24.5
98065,PL57,2,49,0,0,24.5
98064,PL58,2,49,0,0,24.5
98063,PL 55,2,49,0,0,24.5
98062,PL56,2,49,0,0,24.5
98061,PL53,2,49,0,0,24.5
98082,PL76,2,49,0,0,24.5
98081,PL73,2,49,0,0,24.5
98080,PL74,2,49,0,0,24.5
98079,PL71,2,49,0,0,24.5
98078,PL72,2,49,0,0,24.5
98077,PL69,2,49,0,0,24.5
98076,PL70,2,49,0,0,24.5
98075,PL67,2,49,0,0,24.5
98074,PL68,2,49,0,0,24.5
98085,PL 75,2,49,0,0,24.5
56645,MAQ-KBPR PAS,4,48,4,0,12.0
43704,TRL-MSB EMU,20,48,18,0,2.4
43705,MSB-TRL EMU,20,48,18,0,2.4
56659,CAN-CHV PASE,11,48,9,0,4.363636363636363
58135,JSG-SBP  PAS,9,48,9,0,5.333333333333333
40902,TMLP-CGL EMU,10,48,8,0,4.8
68725,R-DURG MEMU,10,48,9,0,4.8
58138,SBP-JSG PASS,9,48,9,0,5.333333333333333
58137,JSG-SBP PASS,9,48,9,0,5.333333333333333
58136,SBP-JSG PASS,9,48,9,0,5.333333333333333
56643,MAQ-KBPR PAS,5,48,3,0,9.6
43703,MSB-TRL EMU,20,48,18,0,2.4
40901,CGL-TMLP EMU,10,48,8,0,4.8
97245,DL43,22,48,20,0,2.1818181818181817
97246,DL44,22,48,20,0,2.1818181818181817
97248,DL46,22,48,20,0,2.1818181818181817
97249,DL45,22,48,20,0,2.1818181818181817
97224,DL24,22,48,20,0,2.1818181818181817
97225,DL25,22,48,20,0,2.1818181818181817
97217,DL17,22,48,20,0,2.1818181818181817
97220,DL20,22,48,20,0,2.1818181818181817
97219,DL19,22,48,20,0,2.1818181818181817
97218,DL18,22,48,20,0,2.1818181818181817
97215,DL15,22,48,20,0,2.1818181818181817
97216,DL16,22,48,20,0,2.1818181818181817
97214,DL14,22,48,20,0,2.1818181818181817
97221,DL21,22,48,20,0,2.1818181818181817
97223,DL23,22,48,20,0,2.1818181818181817
97222,DL22,22,48,20,0,2.1818181818181817
97236,DL34,22,48,20,0,2.1818181818181817
97233,DL33,22,48,20,0,2.1818181818181817
97238,DL36,22,48,20,0,2.1818181818181817
43715,MSB-TRL LOCA,20,48,18,0,2.4
74849,RTGH SRDR,8,48,6,0,6.0
43711,MSB-TRL EMU,20,48,18,0,2.4
97208,DL10,22,48,20,0,2.1818181818181817
97207,DL7,22,48,20,0,2.1818181818181817
97206,DL6,22,48,20,0,2.1818181818181817
97205,DL5,22,48,20,0,2.1818181818181817
97204,DL4,22,48,20,0,2.1818181818181817
97203,DL3,22,48,20,0,2.1818181818181817
97202,DL2,22,48,20,0,2.1818181818181817
97201,DL1,22,48,20,0,2.1818181818181817
97256,DL52,22,48,20,0,2.1818181818181817
97255,DL51,22,48,20,0,2.1818181818181817
97258,DL54,22,48,20,0,2.1818181818181817
74851,RTGH SRDR,8,48,6,0,6.0
97250,DL48,22,48,20,0,2.1818181818181817
97251,DL47,22,48,20,0,2.1818181818181817
97252,DL50,22,48,20,0,2.1818181818181817
97253,DL49,22,48,20,0,2.1818181818181817
97239,DL37,22,48,20,0,2.1818181818181817
97241,DL39,22,48,20,0,2.1818181818181817
97240,DL38,22,48,20,0,2.1818181818181817
43710,TRL-MSB EMU,20,48,18,0,2.4
43709,MSB-TRL EMU,20,48,18,0,2.4
97209,DL9,22,48,20,0,2.1818181818181817
68701,R-DURG MEMU,10,48,8,0,4.8
74853,RTGH SRDR,8,48,6,0,6.0
43702,TRL-MSB EMU,20,48,18,0,2.4
43701,MSB-TRL EMU,20,48,18,0,2.4
43707,MSB-TRL EMU,20,48,18,0,2.4
43706,TRL-MSB EMU,20,48,18,0,2.4
43708,TRL-MSB EMU,20,48,18,0,2.4
68703,R-DURG MEMU,10,48,8,0,4.8
68707,R-DURG MEMU,10,48,10,0,4.8
68717,R- DURG MEMU,10,48,8,0,4.8
95805,DL49,14,48,12,0,3.4285714285714284
95804,DL26,11,48,9,0,4.363636363636363
95802,DL8,12,48,10,0,4.0
95801,DL35,11,48,9,0,4.363636363636363
95808,DL 28,11,48,9,0,4.363636363636363
97210,DL12,22,48,20,0,2.1818181818181817
97211,DL11,22,48,20,0,2.1818181818181817
97213,DL13,22,48,20,0,2.1818181818181817
97242,DL40,22,48,20,0,2.1818181818181817
97232,DL32,22,48,20,0,2.1818181818181817
97230,DL30,22,48,20,0,2.1818181818181817
97231,DL31,22,48,20,0,2.1818181818181817
97227,DL27,22,48,20,0,2.1818181818181817
97228,DL28,22,48,20,0,2.1818181818181817
97226,DL26,22,48,20,0,2.1818181818181817
97229,DL29,22,48,20,0,2.1818181818181817
97244,DL42,22,48,20,0,2.1818181818181817
97243,DL41,22,48,20,0,2.1818181818181817
42022,GPD-MMC EMU,16,47,14,0,2.9375
42007,MMC-GPD EMU,12,47,10,0,3.9166666666666665
42010,GPD-MMC EMU,16,47,14,0,2.9375
42019,MMC-GPD EMU,16,47,14,0,2.9375
42008,GPD-MMC EMU,16,47,14,0,2.9375
42009,MMC-GPD EMU,16,47,14,0,2.9375
33654,HB - SDAH LO,17,47,15,0,2.764705882352941
33651,SDAH-HB LOCA,17,47,15,0,2.764705882352941
33652,HB - SDAH LO,17,47,15,0,2.764705882352941
33653,SDAH-HB LOCA,17,47,15,0,2.764705882352941
59735,FPS-SIKR,4,47,2,0,11.75
33655,SDAH-HB LOCA,17,47,15,0,2.764705882352941
59736,SIKR-FPS,4,47,2,0,11.75
42001,MMC-GPD EMU,16,47,14,0,2.9375
73430,JMP-BGP PGR,14,47,12,0,3.357142857142857
42013,MMC-GPD EMU,16,47,14,0,2.9375
42606,GPD-MSB EMU,17,47,15,0,2.764705882352941
42043,MMC-GPD EMU,16,47,14,0,2.9375
42044,GPD-MMC EMU,16,47,14,0,2.9375
42045,MMC-GPD EMU,16,47,14,0,2.9375
42046,GPD-MMC EMU,16,47,14,0,2.9375
42018,GPD-MMC EMU,16,47,14,0,2.9375
42605,MSB-GPD EMU,17,47,15,0,2.764705882352941
42602,GPD-MSB EMU,17,47,15,0,2.764705882352941
42603,MSB-GPD EMU,17,47,15,0,2.764705882352941
42604,GPD-MSB EMU,17,47,15,0,2.764705882352941
42040,GPD-MMC EMU,16,47,14,0,2.9375
42039,MMC-GPD EMU,16,47,14,0,2.9375
42607,MSB-GPD EMU,17,47,15,0,2.764705882352941
42024,GPD-MMC EMU,12,47,10,0,3.9166666666666665
73429,BGP-JMP PGR,13,47,11,0,3.6153846153846154
43842,AJJ-AVD EMU,16,47,14,0,2.9375
42608,GPD-MSB LOCA,17,47,15,0,2.764705882352941
42012,GPD-MMC EMU,15,47,13,0,3.1333333333333333
42011,MMC-GPD EMU,16,47,14,0,2.9375
42006,GPD-MMC EMU,16,47,17,0,2.9375
42020,GPD-MMC EMU,16,47,14,0,2.9375
42021,MMC-GPD EMU,16,47,14,0,2.9375
42036,GPD-MMC EMU,16,47,14,0,2.9375
42023,MMC-GPD EMU,16,47,14,0,2.9375
42035,MMC-GPD EMU,16,47,14,0,2.9375
42034,GPD-MMC EMU,16,47,14,0,2.9375
42037,MMC-GPD EMU,16,47,14,0,2.9375
42042,GPD-MMC EMU,16,47,14,0,2.9375
42041,MMC-GPD EMU,16,47,19,0,2.9375
42038,GPD-MMC EMU,16,47,14,0,2.9375
33658,HB - SDAH LO,17,47,15,0,2.764705882352941
33659,SDAH-HB LOCA,17,47,15,0,2.764705882352941
75905,TSK - DBRT D,4,47,4,0,11.75
75908,DBRT - TSK P,4,47,7,0,11.75
33657,SDAH-HB LOCA,17,47,15,0,2.764705882352941
33656,HB - SDAH LO,17,47,15,0,2.764705882352941
33664,HB - SDAH LO,17,47,15,0,2.764705882352941
33666,HB - SDAH LO,17,47,15,0,2.764705882352941
59267,PIT - BVC PA,8,47,7,0,5.875
59270,BVC - PIT PA,8,47,7,0,5.875
42027,MMC-GPD EMU,16,47,14,0,2.9375
77273,KRMR-LJPL,3,47,1,0,15.666666666666666
58817,TMR-TRDI LOC,9,47,9,0,5.222222222222222
59268,BVC - PIT PA,8,47,7,0,5.875
59269,PIT - BVC PA,8,47,7,0,5.875
42033,MMC-GPD EMU,16,47,14,0,2.9375
79449,MVI  MALB DE,7,47,5,0,6.714285714285714
79450,MALB  MVI DE,7,47,9,0,6.714285714285714
74852,SRDR RTGH,8,47,6,0,5.875
42032,GPD-MMC EMU,16,47,15,0,2.9375
42028,GPD-MMC EMU,16,47,17,0,2.9375
42031,MMC-GPD EMU,16,47,14,0,2.9375
42030,GPD-MMC EMU,12,47,10,0,3.9166666666666665
42029,MMC-GPD EMU,16,47,14,0,2.9375
42025,MMC-GPD EMU,16,47,14,0,2.9375
42026,GPD-MMC EMU,12,47,10,0,3.9166666666666665
78813,TMR-TRDI DEM,9,47,9,0,5.222222222222222
78811,TMR-TRDI DEM,9,47,9,0,5.222222222222222
77239,PASS,10,47,8,0,4.7
74854,SRDR RTGH,8,47,6,0,5.875
33660,HB - SDAH LO,17,47,15,0,2.764705882352941
43792,PTMS-VLCY LO,17,47,27,0,2.764705882352941
74306,MB-SHTS DMU,9,47,23,0,5.222222222222222
59201,PIT - BVC PA,8,47,7,0,5.875
59202,BVC - PIT PA,8,47,7,0,5.875
74850,SRDR RTGH,8,47,6,0,5.875
77274,KRML-LJPL,3,47,1,0,15.666666666666666
74033,DEE-FN DMU,11,47,10,0,4.2727272727272725
74304,MB-SHTS DMU,9,47,11,0,5.222222222222222
74305,SHTS-MB DMU,9,47,13,0,5.222222222222222
74032,FN-DEE DMU,11,47,11,0,4.2727272727272725
74036,FN-DEE DMU,11,47,9,0,4.2727272727272725
74037,DEE-FN DMU,11,47,9,0,4.2727272727272725
74301,SHTS-MB DMU,9,47,12,0,5.222222222222222
74302,MB-SHTS DMU,8,47,13,0,5.875
74303,SHTS-MB DMU,9,47,11,0,5.222222222222222
59295,PIT - BVC PA,8,47,7,0,5.875
59296,BVC - PIT PA,8,47,7,0,5.875
42002,MAS-GPD EMU,15,47,17,0,3.1333333333333333
42003,MMC-GPD EMU,16,47,14,0,2.9375
42004,GPD-MMC EMU,16,47,14,0,2.9375
42005,MMC-GPD EMU,16,47,14,0,2.9375
42014,GPD-MMC EMU,16,47,14,0,2.9375
42601,MSB-GPD EMU,17,47,15,0,2.764705882352941
54398,MB-SHTS PASS,9,47,18,0,5.222222222222222
54397,SHTS-MB PASS,9,47,23,0,5.222222222222222
51408,KOP MRJ PASS,6,47,4,0,7.833333333333333
51407,MRJ KOP PASS,8,47,6,0,5.875
51428,KOP MRJ PASS,7,47,5,0,6.714285714285714
51427,MRJ KOP PASS,7,47,5,0,6.714285714285714
43844,AJJ-AVD EMU,2,47,0,0,23.5
42017,MMC-GPD EMU,16,47,14,0,2.9375
42016,GPD-MMC EMU,16,47,14,0,2.9375
42015,MMC-GPD EMU,16,47,14,0,2.9375
96101,S1,9,46,7,0,5.111111111111111
96102,S2,7,46,5,0,6.571428571428571
96115,TS9,9,46,7,0,5.111111111111111
96117,TS11,9,46,7,0,5.111111111111111
96119,S39,9,46,7,0,5.111111111111111
96121,S41,9,46,7,0,5.111111111111111
96103,TS1,9,46,7,0,5.111111111111111
96104,S4,7,46,5,0,6.571428571428571
96105,TS3,9,46,7,0,5.111111111111111
96106,S6,7,46,5,0,6.571428571428571
96107,S3,9,46,7,0,5.111111111111111
43248,TRL-MMC EMU,19,46,17,0,2.4210526315789473
43250,TRL-MMC EMU,19,46,17,0,2.4210526315789473
43252,TRL-MMC EMU,19,46,17,0,2.4210526315789473
43232,TRL-MMC EMU,19,46,17,0,2.4210526315789473
43233,MMC-TRL EMU,19,46,17,0,2.4210526315789473
43234,TRL-MMC EMU,19,46,17,0,2.4210526315789473
43235,MMC-TRL EMU,19,46,17,0,2.4210526315789473
43236,TRL-MMC EMU,19,46,17,0,2.4210526315789473
43237,MMC-TRL EMU,19,46,17,0,2.4210526315789473
43238,TRL-MMC EMU,19,46,17,0,2.4210526315789473
43239,MMC-TRL EMU,19,46,17,0,2.4210526315789473
43240,TRL-MMC EMU,18,46,16,0,2.5555555555555554
43241,MMC-TRL EMU,19,46,17,0,2.4210526315789473
43254,TRL-MMC EMU,19,46,17,0,2.4210526315789473
35017,BWN SPS LOCA,15,46,13,0,3.066666666666667
34934,LKPR - NMKA,8,46,6,0,5.75
35018,SPA BWN LOCA,15,46,13,0,3.066666666666667
43242,TRL-MMC EMU,19,46,17,0,2.4210526315789473
43243,MMC-TRL EMU,19,46,17,0,2.4210526315789473
43231,MMC-TRL EMU,19,46,17,0,2.4210526315789473
78812,TRDI-TMR DEM,9,46,9,0,5.111111111111111
54237,MUR-FD PASS,7,46,15,0,6.571428571428571
43256,TRL-MMC EMU,19,46,17,0,2.4210526315789473
43258,TRL-MMC EMU,19,46,18,0,2.4210526315789473
43260,TRL-MMC EMU,19,46,17,0,2.4210526315789473
78814,TRD-TMR DEMU,9,46,9,0,5.111111111111111
34926,LKPR - NMKA,8,46,10,0,5.75
34927,NMKA - LKPR,8,46,6,0,5.75
34928,LKPR - NMKA,8,46,6,0,5.75
34929,NMKA - LKPR,8,46,10,0,5.75
34930,LKPR - NMKA,8,46,6,0,5.75
34931,NMKA - LKPR,8,46,10,0,5.75
34932,LKPR - NMKA,8,46,6,0,5.75
34933,NMKA - LKPR,8,46,10,0,5.75
77240,PASS,12,46,10,0,3.8333333333333335
43223,MMC-TRL EMU,19,46,17,0,2.4210526315789473
43224,TRL-MMC EMU,19,46,17,0,2.4210526315789473
43225,MMC-TRL EMU,19,46,17,0,2.4210526315789473
43226,TRL-MMC EMU,19,46,19,0,2.4210526315789473
58818,TRDI-TMR LOC,9,46,9,0,5.111111111111111
43244,TRL-MMC EMU,19,46,17,0,2.4210526315789473
43245,MMC-TRL EMU,19,46,17,0,2.4210526315789473
43246,TRL-MMC EMU,19,46,17,0,2.4210526315789473
77244,PASS,9,46,7,0,5.111111111111111
77266,BVRM PASS,12,46,10,0,3.8333333333333335
34911,NMKA - LKPR,8,46,6,0,5.75
34912,LKPR - NMKA,8,46,6,0,5.75
34913,NMKA - LKPR,8,46,6,0,5.75
34914,LKPR - NMKA,8,46,10,0,5.75
34915,NMKA - LKPR,8,46,10,0,5.75
43209,MMC-TRL EMU,19,46,17,0,2.4210526315789473
43210,TRL-MMC EMU,19,46,17,0,2.4210526315789473
43211,MMC-TRL EMU,19,46,17,0,2.4210526315789473
43228,TRL-MMC EMU,19,46,17,0,2.4210526315789473
43215,MMC-TRL EMU,19,46,17,0,2.4210526315789473
43217,MMC-TRL EMU,19,46,17,0,2.4210526315789473
43218,TRL-MMC EMU,19,46,17,0,2.4210526315789473
43219,MMC-TRL EMU,19,46,18,0,2.4210526315789473
43220,TRL-MMC EMU,19,46,17,0,2.4210526315789473
43221,MMC-TRL EMU,19,46,17,0,2.4210526315789473
34916,LKPR - NMKA,8,46,10,0,5.75
34917,NMKA - LKPR,8,46,6,0,5.75
34922,LKPR - NMKA,8,46,6,0,5.75
34923,NMKA - LKPR,8,46,6,0,5.75
34924,LKPR - NMKA,8,46,6,0,5.75
34925,NMKA - LKPR,8,46,6,0,5.75
34918,LKPR - NMKA,8,46,6,0,5.75
34919,NMKA - LKPR,8,46,6,0,5.75
34920,LKPR - NMKA,8,46,6,0,5.75
34921,NMKA - LKPR,8,46,6,0,5.75
43791,VLCY-PTMS LO,13,46,15,0,3.5384615384615383
43793,VLCY-PTMS LO,13,46,15,0,3.5384615384615383
95101,S7,9,46,7,0,5.111111111111111
95102,S8,7,46,5,0,6.571428571428571
95103,S9,9,46,7,0,5.111111111111111
95104,S10,7,46,5,0,6.571428571428571
95105,S11,9,46,7,0,5.111111111111111
95106,S12,7,46,5,0,6.571428571428571
95107,S13,9,46,7,0,5.111111111111111
95108,S14,7,46,5,0,6.571428571428571
95109,S15,9,46,7,0,5.111111111111111
95110,S16,7,46,5,0,6.571428571428571
95111,S17,9,46,7,0,5.111111111111111
95112,S18,7,46,5,0,6.571428571428571
95113,S19,9,46,7,0,5.111111111111111
95114,S20,7,46,5,0,6.571428571428571
95115,S21,9,46,7,0,5.111111111111111
95116,S22,7,46,5,0,6.571428571428571
95117,S23,9,46,7,0,5.111111111111111
95118,S24,7,46,5,0,6.571428571428571
95119,S25,9,46,7,0,5.111111111111111
95120,S26,7,46,5,0,6.571428571428571
95121,S27,9,46,7,0,5.111111111111111
95122,S28,7,46,5,0,6.571428571428571
95123,S29,9,46,7,0,5.111111111111111
95124,S30,7,46,5,0,6.571428571428571
95125,S31,9,46,7,0,5.111111111111111
95126,S32,7,46,5,0,6.571428571428571
95127,S33,9,46,7,0,5.111111111111111
95128,S34,7,46,5,0,6.571428571428571
64493,PWL-NZM 10CA,8,46,6,0,5.75
64494,NZM-PWL MEMU,8,46,6,0,5.75
43208,TRL-MMC EMU,19,46,17,0,2.4210526315789473
95129,S35,9,46,7,0,5.111111111111111
95130,S36,7,46,5,0,6.571428571428571
95131,S37,9,46,7,0,5.111111111111111
95132,S38,7,46,5,0,6.571428571428571
95134,S40,7,46,5,0,6.571428571428571
95136,S42,7,46,5,0,6.571428571428571
95138,S44,7,46,5,0,6.571428571428571
95140,S46,7,46,5,0,6.571428571428571
95142,S48,7,46,5,0,6.571428571428571
43229,MMC-TRL EMU,19,46,17,0,2.4210526315789473
43230,TRL-MMC EMU,19,46,17,0,2.4210526315789473
43201,MMC-TRL EMU,18,46,16,0,2.5555555555555554
43202,TRL-MMC EMU,19,46,17,0,2.4210526315789473
43203,MMC-TRL EMU,19,46,17,0,2.4210526315789473
43204,TRL-MMC EMU,19,46,17,0,2.4210526315789473
43205,MMC-TRL EMU,19,46,17,0,2.4210526315789473
43206,TRL-MMC EMU,19,46,17,0,2.4210526315789473
43207,MMC-TRL EMU,19,46,17,0,2.4210526315789473
43212,TRL-MMC EMU,19,46,17,0,2.4210526315789473
43213,MMC-TRL EMU,19,46,17,0,2.4210526315789473
43214,TRL-MMC EMU,19,46,17,0,2.4210526315789473
43795,VLCY-PTMS LO,13,46,16,0,3.5384615384615383
43797,VLCY-PTMS LO,13,46,11,0,3.5384615384615383
95144,S52,7,46,5,0,6.571428571428571
30612,BBDB - BRP L,24,46,71,0,1.9166666666666667
96108,TS2,7,46,5,0,6.571428571428571
96109,S5,9,46,7,0,5.111111111111111
96110,TS4,7,46,5,0,6.571428571428571
96111,TS5,9,46,7,0,5.111111111111111
96112,S50,7,46,5,0,6.571428571428571
96113,TS7,9,46,7,0,5.111111111111111
73427,JMP-KEU PASS,11,45,9,0,4.090909090909091
73428,KEU-JMP PASS,11,45,9,0,4.090909090909091
30353,MJT-DTK LOCA,19,45,17,0,2.3684210526315788
53423,JMP-KEU PASS,13,45,11,0,3.4615384615384617
6081,CBE-POY PASS,4,45,3,0,11.25
6082,POY-CBE PASS,4,45,2,0,11.25
34522,SDAH - CG LO,17,45,15,0,2.6470588235294117
74652,DBNK-ASR DMU,8,45,6,0,5.625
34520,SDAH - CG LO,17,45,15,0,2.6470588235294117
34516,SDAH - CG LO,16,45,14,0,2.8125
34518,SDAH - CG LO,17,45,15,0,2.6470588235294117
34519,CG - SDAH  L,17,45,15,0,2.6470588235294117
34517,CG - SDAH  L,17,45,15,0,2.6470588235294117
74656,DBNK-ASR DMU,8,45,6,0,5.625
74654,DBNK-VKA DMU,8,45,6,0,5.625
74655,DBNK-ASR DMU,8,45,6,0,5.625
74653,DBNK-ASR DMU,8,45,6,0,5.625
74657,DBNK-ASR DMU,8,45,6,0,5.625
34555,CG - SDAH  L,15,45,13,0,3.0
34557,CG-SDAH LOCA,17,45,15,0,2.6470588235294117
73426,KIUL-JMP PGR,10,45,8,0,4.5
38204,BZN HWH LOCA,16,45,14,0,2.8125
73425,JMP-KIUL PGR,10,45,8,0,4.5
30111,BLN- BP  LOC,23,45,49,0,1.9565217391304348
56137,UAM MTP PASS,7,45,14,0,6.428571428571429
56136,MTP UAM PASS,7,45,14,0,6.428571428571429
54238,FD-MUR PASS,7,45,12,0,6.428571428571429
38202,BZN - HWH SU,16,45,14,0,2.8125
34523,CG - SDAH  L,17,45,16,0,2.6470588235294117
34524,SDAH - CG LO,17,45,15,0,2.6470588235294117
74617,BDGM-BRML DM,6,45,4,0,7.5
74618,BRML-BDGM DM,6,45,4,0,7.5
74621,BDGM-BRML,6,45,4,0,7.5
74622,BRML-BDGM-DM,6,45,4,0,7.5
34521,CG - SDAH  L,17,45,15,0,2.6470588235294117
53479,JMP-KIUL PAS,13,45,11,0,3.4615384615384617
34553,CG - SDAH  L,17,45,15,0,2.6470588235294117
34550,SDAH - CG LO,17,45,15,0,2.6470588235294117
34551,CG - SDAH  L,16,45,14,0,2.8125
34552,SDAH - CG LO,17,45,15,0,2.6470588235294117
34549,CG - SDAH  L,17,45,15,0,2.6470588235294117
34546,SDAH - CG LO,17,45,15,0,2.6470588235294117
34547,CG - SDAH  L,17,45,15,0,2.6470588235294117
34548,SDAH - CG LO,17,45,15,0,2.6470588235294117
34515,CG - SDAH  L,17,45,15,0,2.6470588235294117
34539,CG - SDAH  L,17,45,15,0,2.6470588235294117
34541,CG - SDAH  L,17,45,15,0,2.6470588235294117
34540,SDAH - CG LO,17,45,15,0,2.6470588235294117
34542,SDAH - CG LO,17,45,15,0,2.6470588235294117
34543,CG - SDAH  L,17,45,15,0,2.6470588235294117
34544,SDAH - CG LO,16,45,14,0,2.8125
34545,CG - SDAH  L,17,45,15,0,2.6470588235294117
34513,CG - SDAH  L,17,45,15,0,2.6470588235294117
34512,SDAH - CG LO,16,45,14,0,2.8125
34511,CG - SDAH  L,17,45,15,0,2.6470588235294117
34514,SDAH - CG LO,17,45,15,0,2.6470588235294117
34502,SDAH - CG LO,17,45,15,0,2.6470588235294117
73421,JMP-KEU PGR,13,45,11,0,3.4615384615384617
74613,BDGM-BRML DM,6,45,4,0,7.5
74616,BRML-BDGM DE,6,45,4,0,7.5
34532,SDAH - CG LO,17,45,15,0,2.6470588235294117
34533,CG - SDAH  L,17,45,18,0,2.6470588235294117
34534,SDAH - CG LO,17,45,15,0,2.6470588235294117
34535,CG - SDAH  L,17,45,15,0,2.6470588235294117
34536,SDAH - CG LO,17,45,15,0,2.6470588235294117
34537,CG - SDAH  L,16,45,14,0,2.8125
74623,BDGM-BRML DM,6,45,4,0,7.5
74624,BRML-BDGM DM,6,45,4,0,7.5
34554,SDAH-CG LOCA,17,45,15,0,2.6470588235294117
34529,CG - SDAH  L,17,45,15,0,2.6470588235294117
34528,SDAH - CG LO,17,45,15,0,2.6470588235294117
34527,CG - SDAH  L,17,45,15,0,2.6470588235294117
34526,SDAH - CG LO,17,45,15,0,2.6470588235294117
34525,CG - SDAH  L,17,45,15,0,2.6470588235294117
34530,SDAH - CG LO,17,45,15,0,2.6470588235294117
34531,CG - SDAH  L,17,45,15,0,2.6470588235294117
34538,SDAH - CG LO,17,45,15,0,2.6470588235294117
34501,CG - SDAH  L,17,45,15,0,2.6470588235294117
95722,DK10,6,44,4,0,7.333333333333333
56337,PUU-QLN PASS,10,44,8,0,4.4
69184,NAD - RTM ME,6,44,5,0,7.333333333333333
37308,HPL-HWH LOCA,17,44,16,0,2.588235294117647
37307,HWH - HPL LO,17,44,15,0,2.588235294117647
64908,SSB-BVH-PWL,14,44,13,0,3.142857142857143
56332,QLN-PUU PASS,10,44,8,0,4.4
56331,PUU-QLN PASS,10,44,8,0,4.4
97028,DK8,17,44,15,0,2.588235294117647
53480,KIUL-JMP PAS,13,44,11,0,3.3846153846153846
95706,DK4,12,44,10,0,3.6666666666666665
95713,DK5,6,44,4,0,7.333333333333333
97035,DK3,17,44,15,0,2.588235294117647
53424,KIUL-JMP PGR,13,44,11,0,3.3846153846153846
66538,RMGM,9,44,7,0,4.888888888888889
97110,DK24,17,44,16,0,2.588235294117647
97098,DK18,17,44,15,0,2.588235294117647
97107,DK19,17,44,15,0,2.588235294117647
66537,SBC-RMGM MEM,9,44,7,0,4.888888888888889
66536,RMGM - SBC M,9,44,7,0,4.888888888888889
66535,SBC-RMGM MEM,8,44,6,0,5.5
77272,RAIL CAR 2,12,44,10,0,3.6666666666666665
97072,DK14,17,44,15,0,2.588235294117647
77201,PASS,4,44,2,0,11.0
56338,QLN-PUU PASS,10,44,8,0,4.4
97050,DK12,17,44,15,0,2.588235294117647
97043,DK7,17,44,15,0,2.588235294117647
97045,DK9,17,44,15,0,2.588235294117647
97087,DK13,17,44,15,0,2.588235294117647
97092,DK16,17,44,15,0,2.588235294117647
97063,DK11,17,44,15,0,2.588235294117647
97023,DK1,17,44,15,0,2.588235294117647
97012,DK2,17,44,15,0,2.588235294117647
97026,DK6,17,44,15,0,2.588235294117647
77213,PASS,11,44,9,0,4.0
77214,PASS,11,44,9,0,4.0
66540,RMGM,9,44,8,0,4.888888888888889
66539,SBC-RMGM MEM,9,44,7,0,4.888888888888889
77271,RAIL CAR,12,44,10,0,3.6666666666666665
77263,PASS DMU,9,44,7,0,4.888888888888889
77268,PASS,9,44,7,0,4.888888888888889
97121,DK25,17,44,15,0,2.588235294117647
97120,DK26,17,44,15,0,2.588235294117647
97115,DK23,17,44,15,0,2.588235294117647
97155,DK41,17,44,15,0,2.588235294117647
97126,DK28,17,44,15,0,2.588235294117647
97123,DK29,17,44,15,0,2.588235294117647
97143,DK37,17,44,15,0,2.588235294117647
97141,DK35,17,44,15,0,2.588235294117647
97145,DK39,17,44,15,0,2.588235294117647
59346,NAD RTM PASS,6,44,5,0,7.333333333333333
59345,RTM NAD PASS,6,44,5,0,7.333333333333333
64003,NDLS-SNP 12C,10,44,8,0,4.4
38902,AMZ SRC LOCA,17,44,15,0,2.588235294117647
97134,DK32,17,44,15,0,2.588235294117647
97132,DK30,17,44,15,0,2.588235294117647
97137,DK33,17,44,15,0,2.588235294117647
97135,DK31,17,44,15,0,2.588235294117647
97138,DK34,17,44,16,0,2.588235294117647
64071,BVH-NDLS EMU,14,44,13,0,3.142857142857143
69183,RTM - NADMEM,6,44,5,0,7.333333333333333
73034,AZ-NHT PASS,9,44,7,0,4.888888888888889
95730,DK20,6,44,4,0,7.333333333333333
95734,DK22,6,44,4,0,7.333333333333333
95735,DK27,12,44,10,0,3.6666666666666665
73033,NHT-AZ PASS,9,44,7,0,4.888888888888889
95723,DK15,7,44,5,0,6.285714285714286
95725,DK17,7,44,5,0,6.285714285714286
95729,DK21,12,44,10,0,3.6666666666666665
73422,KIUL-JMP PGR,13,44,11,0,3.3846153846153846
71405,DD-BRMT DEMU,6,43,4,0,7.166666666666667
71401,DD-BRMT DEMU,6,43,4,0,7.166666666666667
51348,BRMT-DD PASS,6,43,4,0,7.166666666666667
31755,RHA-GEDE LOC,13,43,11,0,3.3076923076923075
64091,HNZM-HNZM EM,23,43,31,0,1.8695652173913044
31754,GEDE-RHA LOC,13,43,11,0,3.3076923076923075
34882,SPR DH LOCAL,17,43,15,0,2.5294117647058822
34881,DH SONARPUR,17,43,15,0,2.5294117647058822
58403,KUR-PURI PAS,11,43,9,0,3.909090909090909
58404,PURI-KUR PAS,11,43,9,0,3.909090909090909
58409,KUR-PURI PAS,11,43,9,0,3.909090909090909
56378,KYJ-ALLP PAS,6,43,4,0,7.166666666666667
58410,PURI-KUR PAS,11,43,10,0,3.909090909090909
54314,MORADABAD CH,9,43,8,0,4.777777777777778
31756,GEDE-RHA LOC,13,43,11,0,3.3076923076923075
31758,GEDE-RHA LOC,13,43,11,0,3.3076923076923075
55166,DDA-CPR PASS,8,43,12,0,5.375
55165,CPR-DDA PASS,8,43,9,0,5.375
31757,RHA-GXD LOCA,13,43,11,0,3.3076923076923075
31749,RHA -GEDE LO,13,43,11,0,3.3076923076923075
31750,GEDE-RHA LOC,13,43,11,0,3.3076923076923075
31751,RHA -GEDE LO,13,43,11,0,3.3076923076923075
31752,GEDE-RHA LOC,13,43,11,0,3.3076923076923075
31753,RHA -GEDE LO,13,43,11,0,3.3076923076923075
54582,UNA - NLDM P,7,43,8,0,6.142857142857143
31742,GEDE-RHA LOC,13,43,11,0,3.3076923076923075
31741,RHA - GEDE L,13,43,11,0,3.3076923076923075
31748,GEDE-RHA LOC,13,43,11,0,3.3076923076923075
31747,RHA-GEDE LOC,13,43,11,0,3.3076923076923075
31746,GEDE-RHA LOC,13,43,11,0,3.3076923076923075
31745,RHA - GEDE L,13,43,11,0,3.3076923076923075
31744,GEDE-RHA LOC,13,43,11,0,3.3076923076923075
31743,RHA - GEDE L,10,43,8,0,4.3
63566,JAJ - JSME P,5,43,3,0,8.6
54313,CHANDAUSI MO,9,43,9,0,4.777777777777778
58811,RTK-NGP LOCA,8,43,11,0,5.375
54581,NLDM - UNA P,7,43,6,0,6.142857142857143
56377,ALLP-KYJ PAS,8,43,6,0,5.375
63565,JSME-JAJ PGR,5,43,3,0,8.6
37732,MYM-BDC LOCA,12,42,10,0,3.5
74918,HSX-JUC DMU,7,42,10,0,6.0
74920,HSX-JUC DMU,7,42,8,0,6.0
37731,BDC-MYM LOCA,12,42,10,0,3.5
63528,ASN - DGR PG,6,42,5,0,7.0
63527,DGR-ASN PGR.,6,42,4,0,7.0
58810,NGP-RTK LOCA,8,42,11,0,5.25
55683,UDAIPUR-AGAR,5,42,6,0,8.4
74911,HSX-JUC DMU,7,42,8,0,6.0
54637,JUC-HSX PASS,7,42,8,0,6.0
53207,IPR- FUT PAS,5,42,6,0,8.4
43713,MSB-TRL EMU,10,42,8,0,4.2
74916,HSX-JUC DMU,7,42,6,0,6.0
74915,HSX-JUC DMU,7,42,6,0,6.0
43794,PTMS-VLCY LO,12,42,34,0,3.5
4853,RTGH CUR SPL,6,42,9,0,7.0
74917,HSX-JUC DMU,7,42,8,0,6.0
55682,AGTL-UDPU PA,5,42,6,0,8.4
55684,AGARTALA-UDA,5,42,6,0,8.4
55681,UDPU-AGTL PA,5,42,6,0,8.4
74919,HSX-JUC DMU,7,42,8,0,6.0
54638,HSX-JUC DMU,7,42,8,0,6.0
66053,MSB-TRL EMU,12,42,10,0,3.5
4854,CUR RTGH SPL,6,42,13,0,7.0
74913,HSX-JUC DMU,7,42,8,0,6.0
74914,HSX-JUC DMU,7,42,8,0,6.0
74912,HSX-JUC DMU,7,42,8,0,6.0
53208,FUT-IPR PASS,5,42,6,0,8.4
71083,BSR-DIVA PAS,6,41,4,0,6.833333333333333
71081,BSR-DIVA PAS,6,41,4,0,6.833333333333333
68718,DURG-R MEMU,7,41,5,0,5.857142857142857
53451,DUMK-HSDA PA,6,41,4,0,6.833333333333333
53452,HSDA-DUMK PA,6,41,4,0,6.833333333333333
68702,DURG-R MEMU,11,41,9,0,3.727272727272727
68704,DURG-R MEMU,11,41,10,0,3.727272727272727
43216,TRL-MMC EMU,6,41,4,0,6.833333333333333
74993,KKDE-UMB PAS,7,41,5,0,5.857142857142857
74994,UMB-KKDE PAS,7,41,5,0,5.857142857142857
58020,ASN ADRA PAS,9,41,7,0,4.555555555555555
68726,DURG-R MEMU,10,41,8,0,4.1
30314,DTK-MJT LOCA,23,41,24,0,1.7826086956521738
30317,MJT-DTK LOCA,23,41,25,0,1.7826086956521738
66001,MMC-TRL EMU,11,41,9,0,3.727272727272727
66012,TRL-MMCC PAS,11,41,9,0,3.727272727272727
58019,ADRA ASANSOL,9,41,7,0,4.555555555555555
64546,UMB-KKDE PAS,7,41,5,0,5.857142857142857
64483,KKDE-UMB MEM,7,41,5,0,5.857142857142857
64482,UMB-KKDE MEM,7,41,5,0,5.857142857142857
64547,KKDE-UMB PAS,7,41,5,0,5.857142857142857
43255,MMC-TRL EMU,9,41,7,0,4.555555555555555
71084,DIVA-BSR PAS,6,41,4,0,6.833333333333333
71094,DIVA-BSR DMU,6,41,4,0,6.833333333333333
43247,MMC-TRL EMU,10,41,8,0,4.1
43253,MMC-TRL EMU,9,41,7,0,4.555555555555555
43251,MMC-TRL EMU,9,41,7,0,4.555555555555555
43227,MMC-TRL EMU,18,41,16,0,2.2777777777777777
68063,ADRA-ASN MEM,9,41,7,0,4.555555555555555
68069,ADRA ASN LOC,9,41,7,0,4.555555555555555
68070,ASN ADRA LOC,9,41,7,0,4.555555555555555
43222,TRL-MMC EMU,6,41,4,0,6.833333333333333
71085,BSR-DIVA PAS,6,41,4,0,6.833333333333333
64545,KKDE-UMB PAS,7,41,5,0,5.857142857142857
71086,DIVA-BSR PAS,6,41,4,0,6.833333333333333
71093,BSR-DIVA DMU,6,41,4,0,6.833333333333333
64548,UMB-KKDE PAS,7,41,5,0,5.857142857142857
43257,MMC-TRL,11,41,8,0,3.727272727272727
98904,ADPL6,2,40,0,0,20.0
31442,NH - SDAH LO,15,40,13,0,2.6666666666666665
31412,NH-SDAH LOCA,15,40,13,0,2.6666666666666665
31444,NH - SDAH LO,15,40,13,0,2.6666666666666665
31414,NH - SDAH LO,15,40,13,0,2.6666666666666665
31413,SDAH-NH LOCA,15,40,13,0,2.6666666666666665
98916,AD PL 18,2,40,0,0,20.0
98917,PL AD 17,3,40,8,0,13.333333333333334
98915,PLAD15,2,40,0,0,20.0
31441,SDAH-NH LOCA,15,40,13,0,2.6666666666666665
98906,AD PL 8,2,40,0,0,20.0
98914,AD PL 16,2,40,0,0,20.0
98902,ADPL4,2,40,0,0,20.0
98900,ADPL 2,2,40,0,0,20.0
31443,SDAH - NH LO,15,40,13,0,2.6666666666666665
31435,SDAH - NH LO,15,40,13,0,2.6666666666666665
56103,MTDM-SA PASS,4,40,2,0,10.0
56102,SA-MTDM PASS,4,40,2,0,10.0
31416,NH-SDAH LOCA,15,40,13,0,2.6666666666666665
31415,SDAH NH LOCA,15,40,13,0,2.6666666666666665
31417,SDAH - NH LO,15,40,13,0,2.6666666666666665
31418,NH - SDAH LO,15,40,13,0,2.6666666666666665
31421,SDAH - NH LO,15,40,13,0,2.6666666666666665
31420,NH - SDAH LO,15,40,13,0,2.6666666666666665
31423,SDAH - NH LO,15,40,13,0,2.6666666666666665
31422,NH - SDAH LO,15,40,13,0,2.6666666666666665
31426,NH - SDAH LO,15,40,13,0,2.6666666666666665
31425,SDAH-NH LOCA,15,40,13,0,2.6666666666666665
31447,SDAH-NH LOCA,15,40,13,0,2.6666666666666665
31434,NH - SDAH LO,15,40,13,0,2.6666666666666665
78057,SONA - BQA P,8,40,6,0,5.0
78058,BQA SONA DEM,8,40,6,0,5.0
31445,SDAH - NH LO,15,40,13,0,2.6666666666666665
31446,NH - SDAH LO,15,40,13,0,2.6666666666666665
31449,SDAH - NH LO,15,40,12,0,2.6666666666666665
31450,NH - SDAH LO,15,40,13,0,2.6666666666666665
31451,SDAH - NH LO,15,40,13,0,2.6666666666666665
31429,SDAH - NH LO,15,40,13,0,2.6666666666666665
31430,NH - SDAH LO,15,40,13,0,2.6666666666666665
31431,SDAH - NH LO,15,40,13,0,2.6666666666666665
31432,NH-SDAH LOCA,15,40,13,0,2.6666666666666665
31433,SDAH - NH LO,15,40,13,0,2.6666666666666665
31448,NH-SDAH LOCA,15,40,13,0,2.6666666666666665
31439,SDAH - NH LO,15,40,13,0,2.6666666666666665
31438,NH - SDAH LO,15,40,13,0,2.6666666666666665
31437,SDAH - NH LO,15,40,13,0,2.6666666666666665
31436,NH - SDAH LO,15,40,13,0,2.6666666666666665
68072,VAA ADRA LOC,9,40,8,0,4.444444444444445
68078,VAA ADRA LOC,9,40,8,0,4.444444444444445
59478,MSH - PTN PA,6,40,5,0,6.666666666666667
31427,SDAH-NH LOCA,15,40,13,0,2.6666666666666665
59477,MSH - PTN PA,6,40,5,0,6.666666666666667
59476,PTN - MSH PA,6,40,6,0,6.666666666666667
59475,MSH - PTN PA,6,40,6,0,6.666666666666667
36035,HWH-CDAE LOC,14,40,12,0,2.857142857142857
36036,CDAE-HWH LOC,14,40,12,0,2.857142857142857
36037,HWH-CDAE LOC,14,40,12,0,2.857142857142857
36038,CDAE-HWH LOC,14,40,12,0,2.857142857142857
31428,NH-SDAH LOCA,15,40,13,0,2.6666666666666665
68048,BLDA- KGP ME,6,40,4,0,6.666666666666667
68074,KNF BJE PASS,12,40,12,0,3.3333333333333335
68077,ADRA VAA LOC,9,40,7,0,4.444444444444445
77618,BMO-FM DEMU,17,40,15,0,2.3529411764705883
77617,SC-MOB DEMU,17,40,15,0,2.3529411764705883
77614,MOB-SC DEMU,17,40,15,0,2.3529411764705883
77613,SC-MOB DEMU,17,40,15,0,2.3529411764705883
77610,MOB-SC DEMU,17,40,15,0,2.3529411764705883
77606,MOB-SC DEMU,17,40,15,0,2.3529411764705883
36032,CDAE-HWH LOC,14,40,12,0,2.857142857142857
36031,HWH-CDAE LOC,14,40,12,0,2.857142857142857
31411,SDAH -NH  LO,9,40,7,0,4.444444444444445
36033,HWH-CDAE LOC,14,40,12,0,2.857142857142857
36034,CDAE-HWH LOC,14,40,12,0,2.857142857142857
68047,KGP - BLDA,6,40,4,0,6.666666666666667
77603,SC-MOB DEMU,17,40,15,0,2.3529411764705883
31424,NH - SDAH LO,15,40,13,0,2.6666666666666665
31440,NH - SDAH LO,15,40,13,0,2.6666666666666665
59484,PTN - MSH PA,6,40,5,0,6.666666666666667
59482,PTN - MSH PA,6,40,5,0,6.666666666666667
59483,MSH - PTN PA,6,40,6,0,6.666666666666667
59481,MSH - PTN PA,6,40,5,0,6.666666666666667
8102,CKP-CBSA DEM,5,40,6,0,8.0
8101,CBSA CKP DEM,5,40,9,0,8.0
75911,TSK - DNGI D,8,40,12,0,5.0
75747,KIR - BOE DE,11,40,11,0,3.6363636363636362
75748,BOE - KIR DE,11,40,11,0,3.6363636363636362
98908,AD PL 10,2,40,0,0,20.0
98910,ADPL12,2,40,0,0,20.0
98912,ADPL14,2,40,0,0,20.0
98913,PLAD 13,3,40,7,0,13.333333333333334
98905,PLAD5,2,39,0,0,19.5
98911,PLAD11,2,39,0,0,19.5
98909,PLAD9,2,39,0,0,19.5
98907,PLAD 7,2,39,0,0,19.5
73901,JMP-UREN SRA,2,39,0,0,19.5
73902,UREN-JMP SRA,2,39,0,0,19.5
73903,JMP KJH SRAM,2,39,0,0,19.5
73904,DNRE-JMP SRA,2,39,0,0,19.5
73905,JMP-UREN SRA,2,39,0,0,19.5
8001,KGP-JGM BI-W,2,39,0,0,19.5
34898,SDAH-MGT LOC,16,39,14,0,2.4375
34899,MGT- SDAH LO,16,39,14,0,2.4375
79481,RB 79481,2,39,0,0,19.5
79482,RB 79482,2,39,0,0,19.5
79483,RB 79483,2,39,0,0,19.5
79484,RB 79484,2,39,0,0,19.5
68057,ADRA PRR LOC,7,39,5,0,5.571428571428571
68058,PRR ADRA LOC,7,39,5,0,5.571428571428571
8018,JGM-KGP MEMU,6,39,4,0,6.5
8051,KGP JGM MEMU,3,39,1,0,13.0
8052,JGM KGP MEMU,5,39,3,0,7.8
98144,PLVD12,2,39,0,0,19.5
98149,PLVD13,2,39,0,0,19.5
75912,DNGI - TSK D,8,39,12,0,4.875
98133,PLVD9,2,39,0,0,19.5
98134,PL122,2,39,0,0,19.5
98103,PLVD7,2,39,0,0,19.5
37276,BDC-HWH LOCA,17,39,15,0,2.2941176470588234
77681,FM-MED DEMU,23,39,21,0,1.6956521739130435
77682,MED-FM DEMU,23,39,21,0,1.6956521739130435
97212,DDL2,15,39,13,0,2.6
77679,FM-MED DEMU,23,39,21,0,1.6956521739130435
77680,MED-FM DEMU,23,39,21,0,1.6956521739130435
97247,DDL5,15,39,13,0,2.6
97234,DDL4,15,39,13,0,2.6
97235,DDL1,15,39,13,0,2.6
97237,DDL3,15,39,13,0,2.6
77602,MED-FM DEMU,23,39,25,0,1.6956521739130435
97254,DDL6,15,39,13,0,2.6
97260,DDL8,15,39,13,0,2.6
37279,HWH - BDC LO,17,39,15,0,2.2941176470588234
37280,BDC-HWH LOCA,17,39,15,0,2.2941176470588234
37281,HWH - BDC LO,17,39,15,0,2.2941176470588234
37282,BDC-HWH LOCA,17,39,15,0,2.2941176470588234
37283,HWH - BDC LO,17,39,15,0,2.2941176470588234
37284,BDC-HWH LOCA,17,39,15,0,2.2941176470588234
37285,HWH-BDC LOCA,17,39,15,0,2.2941176470588234
37286,BDC-HWH LOCA,17,39,15,0,2.2941176470588234
37287,HWH-BDC LOCA,17,39,15,0,2.2941176470588234
37288,BDC-HWH LOCA,17,39,15,0,2.2941176470588234
37289,HWH-BDC LOCA,17,39,15,0,2.2941176470588234
37290,BDC LOCAL,17,39,15,0,2.2941176470588234
37291,HWH-BDC LOCA,17,39,14,0,2.2941176470588234
37262,BDC-HWH LOCA,17,39,15,0,2.2941176470588234
37263,HWH-BDC LOCA,17,39,15,0,2.2941176470588234
37264,BDC-HWH LOCA,17,39,15,0,2.2941176470588234
37265,HWH-BDC LOCA,17,39,15,0,2.2941176470588234
37266,BDC-HWH LOCA,17,39,15,0,2.2941176470588234
37267,HWH-BDC LOCA,17,39,15,0,2.2941176470588234
37268,BDC-HWH LOCA,17,39,15,0,2.2941176470588234
37269,HWH-BDC LOCA,17,39,15,0,2.2941176470588234
37270,BDC-HWH LOCA,17,39,16,0,2.2941176470588234
37271,HWH - BDC LO,17,39,15,0,2.2941176470588234
37272,BDC-HWH LOCA,17,39,15,0,2.2941176470588234
37273,HWH - BDC LO,17,39,15,0,2.2941176470588234
37274,BDC-HWH LOCA,17,39,15,0,2.2941176470588234
37275,HWH - BDC LO,17,39,15,0,2.2941176470588234
37277,HWH-BDC LOCA,17,39,15,0,2.2941176470588234
37278,BDC-HWH LOCA,17,39,15,0,2.2941176470588234
98083,PL 73,2,39,0,0,19.5
98051,PLVD3,2,39,0,0,19.5
98040,PLVD8,2,39,0,0,19.5
98031,PLVD1,2,39,0,0,19.5
98032,PL VD6,2,39,0,0,19.5
37244,BDC-HWH LOCA,17,39,15,0,2.2941176470588234
37245,HWH-BDC LOCA,17,39,15,0,2.2941176470588234
37246,BDC-HWH LOCA,17,39,15,0,2.2941176470588234
37247,HWH-BDC LOCA,17,39,15,0,2.2941176470588234
37248,BDC-HWH LOCA,17,39,15,0,2.2941176470588234
37260,BDC-HWH LOCA,17,39,15,0,2.2941176470588234
37261,HWH-BDC LOCA,17,39,15,0,2.2941176470588234
37201,MATRIBHUMI L,17,39,15,0,2.2941176470588234
37202,BDC-HWH MATR,17,39,15,0,2.2941176470588234
37211,HWH-BDC LOCA,17,39,15,0,2.2941176470588234
32411,SDAH-BRPA LO,13,39,11,0,3.0
32412,BRPA - SDAH,13,39,11,0,3.0
32413,SDAH-BRPA  L,13,39,12,0,3.0
32414,BRPA-SDAH LO,13,39,11,0,3.0
37256,BDC-HWH LOCA,17,39,15,0,2.2941176470588234
37257,HWH-BDC LOCA,17,39,15,0,2.2941176470588234
37258,BDC-HWH LOCA,17,39,15,0,2.2941176470588234
37259,HWH-BDC LOCA,17,39,15,0,2.2941176470588234
37228,BDC-HWH LOCA,17,39,15,0,2.2941176470588234
37229,HWH - BDC LO,17,39,15,0,2.2941176470588234
37230,BDC-HWH LOCA,17,39,15,0,2.2941176470588234
37231,HWH-BDC LOCA,17,39,15,0,2.2941176470588234
37232,BDC-HWH LOCA,17,39,15,0,2.2941176470588234
37213,HWH-BDC LOCA,17,39,15,0,2.2941176470588234
37214,BDC-HWH LOCA,17,39,15,0,2.2941176470588234
37215,HWH-BDC LOCA,17,39,15,0,2.2941176470588234
98026,PL VD4,2,39,0,0,19.5
37236,BDC-HWHLOCAL,17,39,15,0,2.2941176470588234
37237,HWH-BDC LOCA,17,39,15,0,2.2941176470588234
37238,BDC-HWH LOCA,17,39,15,0,2.2941176470588234
37239,HWH-BDC LOCA,17,39,15,0,2.2941176470588234
37240,BDC-HWH LOCA,17,39,15,0,2.2941176470588234
37241,HWH - BDC LO,17,39,15,0,2.2941176470588234
37242,BDC-HWH LOCA,17,39,15,0,2.2941176470588234
37243,HWH-BDC LOCA,17,39,15,0,2.2941176470588234
37212,BDC-HWH LOCA,17,39,15,0,2.2941176470588234
37249,HWH-BDC LOCA,17,39,15,0,2.2941176470588234
37250,BDC-HWH LOCA,17,39,15,0,2.2941176470588234
37251,HWH-BDC LOCA,17,39,15,0,2.2941176470588234
37252,BDC-HWH LOCA,17,39,15,0,2.2941176470588234
37253,HWH-BDC LOCA,17,39,15,0,2.2941176470588234
37254,BDC-HWH LOCA,17,39,15,0,2.2941176470588234
37255,HWH-BDC LOCA,17,39,15,0,2.2941176470588234
98018,PLVD2,2,39,0,0,19.5
37216,BDC-HWH LOCA,17,39,15,0,2.2941176470588234
37217,HWH - BDC LO,17,39,15,0,2.2941176470588234
37218,BDC-HWH LOCA,17,39,15,0,2.2941176470588234
37219,HWH-BDC LOCA,17,39,15,0,2.2941176470588234
37220,BDC-HWH LOCA,17,39,15,0,2.2941176470588234
37221,HWH-BDC LOCA,17,39,15,0,2.2941176470588234
37222,BDC-HWH LOCA,17,39,15,0,2.2941176470588234
37223,HWH-BDC LOCA,17,39,15,0,2.2941176470588234
37224,BDC-HWH LOCA,17,39,15,0,2.2941176470588234
37225,HWH-BDC LOCA,17,39,15,0,2.2941176470588234
37226,BDC-HWH LOCA,17,39,15,0,2.2941176470588234
37227,HWH-BDC LOCA,17,39,15,0,2.2941176470588234
37233,HWH-BDC LOCA,17,39,15,0,2.2941176470588234
37234,BDC-HWH LOCA,17,39,15,0,2.2941176470588234
37235,HWH-BDC LOCA,17,39,15,0,2.2941176470588234
52183,BARI-SRMT-PA,5,39,3,0,7.8
55055,CPJ-GKP PASS,6,39,8,0,6.5
8002,JGM-KGP BI-W,2,39,0,0,19.5
98177,PLVD19,2,39,0,0,19.5
98181,PLVD21,2,39,0,0,19.5
8017,KGP-JGM MEMU,6,39,4,0,6.5
98187,PLVD23,2,39,0,0,19.5
98167,PLVD15,2,39,0,0,19.5
98173,PLVD17,2,39,0,0,19.5
98143,PLVD11,2,39,0,0,19.5
56819,KMU TJ PASSR,10,39,8,0,3.9
56820,TJ KMU PASSR,10,39,8,0,3.9
98901,PLAD1,2,39,0,0,19.5
98903,PLAD3,2,39,0,0,19.5
98392,BR84,2,38,0,0,19.0
98390,BR82,2,38,0,0,19.0
98382,BR76,2,38,0,0,19.0
98381,BR 71,2,38,0,0,19.0
98386,BR78,2,38,0,0,19.0
98388,BR80,2,38,0,0,19.0
55056,GKP-CPJ PASS,6,38,8,0,6.333333333333333
98378,BR72,2,38,0,0,19.0
98379,BR 69,2,38,0,0,19.0
98380,BR74,2,38,0,0,19.0
98302,BR4,2,38,0,0,19.0
98301,BR1,2,38,0,0,19.0
98300,BR2,2,38,0,0,19.0
58809,RTK-ITR LOCA,7,38,8,0,5.428571428571429
98377,BR 67,2,38,0,0,19.0
98305,BR5,2,38,0,0,19.0
98304,BR6,2,38,0,0,19.0
98303,BR3,2,38,0,0,19.0
98306,BR8,2,38,0,0,19.0
98314,BR16,2,38,0,0,19.0
98315,BR 13,2,38,0,0,19.0
98316,BR18,2,38,0,0,19.0
98319,BR17,2,38,0,0,19.0
98320,BR22,2,38,0,0,19.0
98311,BR9,2,38,0,0,19.0
98312,BR14,2,38,0,0,19.0
98324,BR26,2,38,0,0,19.0
98323,BR19,2,38,0,0,19.0
98322,BR24,2,38,0,0,19.0
54239,MUR-AY PASS,5,38,9,0,7.6
98317,BR 15,2,38,0,0,19.0
54243,MUR-AY PASS,5,38,6,0,7.6
54240,AY-MUR PASS,5,38,6,0,7.6
59243,RJU - MHV PA,7,38,19,0,5.428571428571429
58813,RTK-ITR LOCA,7,38,9,0,5.428571428571429
58814,ITR- RTK LOC,7,38,9,0,5.428571428571429
59244,MHV - RJU PA,7,38,19,0,5.428571428571429
58812,ITR- RTK LOC,7,38,9,0,5.428571428571429
54244,AY-MUR PASS,5,38,9,0,7.6
98310,BR12,2,38,0,0,19.0
98307,BR7,2,38,0,0,19.0
98308,BR10,2,38,0,0,19.0
98318,BR20,2,38,0,0,19.0
98313,BR 11,2,38,0,0,19.0
98348,BR44,2,38,0,0,19.0
98325,BR21,2,38,0,0,19.0
98352,BR48,2,38,0,0,19.0
98353,BR 47,2,38,0,0,19.0
98350,BR46,2,38,0,0,19.0
98351,BR 45,2,38,0,0,19.0
98356,BR52,2,38,0,0,19.0
56871,MV-TVR PASSR,6,38,4,0,6.333333333333333
56872,TVR-MV,6,38,4,0,6.333333333333333
98376,BR70,2,38,0,0,19.0
98374,BR68,2,38,0,0,19.0
98371,BR61,2,38,0,0,19.0
98375,BR 65,2,38,0,0,19.0
53519,MDP - GRD PA,7,38,5,0,5.428571428571429
98365,BR 57,2,38,0,0,19.0
98361,BR 53,2,38,0,0,19.0
98362,BR58,2,38,0,0,19.0
98394,BR86,2,38,0,0,19.0
98360,BR56,2,38,0,0,19.0
98363,BR 55,2,38,0,0,19.0
98372,BR66,2,38,0,0,19.0
98373,BR 63,2,38,0,0,19.0
98369,BR59,2,38,0,0,19.0
98368,BR62,2,38,0,0,19.0
98366,BR60,2,38,0,0,19.0
98370,BR64,2,38,0,0,19.0
53515,MDP-GRD PASS,7,38,5,0,5.428571428571429
53513,MDP-GRD PASS,7,38,5,0,5.428571428571429
53517,MDP-GRD PASS,7,38,5,0,5.428571428571429
56879,MV-TVR PASSR,6,38,4,0,6.333333333333333
53511,MDP-GRD PASS,7,38,5,0,5.428571428571429
98349,BR 43,2,38,0,0,19.0
98343,BR 37,2,38,0,0,19.0
98339,BR33,2,38,0,0,19.0
98337,BR 31,2,38,0,0,19.0
98336,BR36,2,38,0,0,19.0
98341,BR 35,2,38,0,0,19.0
98333,BR 27,2,38,0,0,19.0
98332,BR34,2,38,0,0,19.0
98354,BR50,2,38,0,0,19.0
98358,BR54,2,38,0,0,19.0
98357,BR49,2,38,0,0,19.0
98359,BR51,2,38,0,0,19.0
98345,BR 39,2,38,0,0,19.0
98346,BR42,2,38,0,0,19.0
98347,BR 41,2,38,0,0,19.0
56880,TVR-MV PASSR,6,38,4,0,6.333333333333333
98342,BR38,2,38,0,0,19.0
98330,BR32,2,38,0,0,19.0
98328,BR30,2,38,0,0,19.0
98327,BR23,2,38,0,0,19.0
98326,BR28,2,38,0,0,19.0
98335,BR 29,2,38,0,0,19.0
98344,BR40,2,38,0,0,19.0
98331,BR25,2,38,0,0,19.0
43654,AVD-VLCY LOC,10,37,22,0,3.7
47216,FM-LPI,22,37,21,0,1.6818181818181819
43674,AVD-VLCY LOC,10,37,12,0,3.7
47193,LPI-SC,22,37,21,0,1.6818181818181819
47192,LPI-FM,22,37,21,0,1.6818181818181819
38206,BZN-SRC EMU,12,37,10,0,3.0833333333333335
47194,LPI-FM,22,37,21,0,1.6818181818181819
47188,LPI-FM,22,37,21,0,1.6818181818181819
75253,SPJ - DBG DE,8,37,15,0,4.625
75254,DBG - SPJ DE,8,37,15,0,4.625
97051,CK13,15,37,13,0,2.466666666666667
54228,RBL-UCR PASS,5,37,3,0,7.4
47187,LPI-FM,22,37,21,0,1.6818181818181819
68080,CRP BJE LOCA,7,37,22,0,5.285714285714286
68079,BJE CRP LOCA,7,37,10,0,5.285714285714286
47213,LPI-FM,22,37,21,0,1.6818181818181819
47214,FM-LPI,22,37,21,0,1.6818181818181819
47215,LPI-FM,22,37,21,0,1.6818181818181819
47212,MMTS-NEW-GEN,22,37,21,0,1.6818181818181819
97097,CK17,15,37,13,0,2.466666666666667
54225,UCR-RBL PASS,5,37,3,0,7.4
54201,LKO-RBD PASS,7,37,8,0,5.285714285714286
53512,GRD-MDP PASS,7,37,5,0,5.285714285714286
43656,AVD-VLCY LOC,10,37,12,0,3.7
47219,LPI-FM,22,37,21,0,1.6818181818181819
47207,SC-FM,22,37,21,0,1.6818181818181819
47220,FM-LPI,22,37,24,0,1.6818181818181819
97116,CK6,15,37,13,0,2.466666666666667
43658,AVD-VLCY LOC,10,37,8,0,3.7
56865,VM-PDY PASS,5,37,3,0,7.4
43672,AVD-VLCY LOC,10,37,8,0,3.7
97140,CK8,15,37,14,0,2.466666666666667
43652,AVD-VLCY LOC,10,37,12,0,3.7
97148,CK10,15,37,13,0,2.466666666666667
47157,FM-LPI,22,37,21,0,1.6818181818181819
47159,LPI-SC,22,37,21,0,1.6818181818181819
47158,FM-LPI,22,37,21,0,1.6818181818181819
47190,LPI-FM,22,37,21,0,1.6818181818181819
47191,LPI-FM,22,37,21,0,1.6818181818181819
43670,AVD-VLCY LOC,10,37,12,0,3.7
43668,AVD-VLCY LOC,10,37,17,0,3.7
43666,AVD-VLCY LOC,10,37,12,0,3.7
47161,FM-LPI,22,37,21,0,1.6818181818181819
47160,FM-LPI,22,37,21,0,1.6818181818181819
97131,CK23,15,37,13,0,2.466666666666667
43660,AVD-VLCY LOC,10,37,12,0,3.7
47179,LPI-FM,22,37,21,0,1.6818181818181819
47198,FM-SC,22,37,21,0,1.6818181818181819
47153,FM-LPI,22,37,24,0,1.6818181818181819
47155,FM-LPI,22,37,21,0,1.6818181818181819
47154,FM-LPI,22,37,21,0,1.6818181818181819
47152,FM-LPI,22,37,21,0,1.6818181818181819
47151,FM-LPI,22,37,21,0,1.6818181818181819
47150,FM-LPI,22,37,21,0,1.6818181818181819
47149,FM-LPI,22,37,21,0,1.6818181818181819
47203,FM-SC,22,37,21,0,1.6818181818181819
47173,LPI-FM,22,37,21,0,1.6818181818181819
47175,LPI-FM,22,37,21,0,1.6818181818181819
47174,LPI-FM,22,37,21,0,1.6818181818181819
47176,LPI-SC,22,37,21,0,1.6818181818181819
47177,LPI-FM,22,37,21,0,1.6818181818181819
47178,LPI-FM,22,37,21,0,1.6818181818181819
47189,LPI-FM,22,37,21,0,1.6818181818181819
47218,FM-LPI,22,37,24,0,1.6818181818181819
47217,LPI-FM,22,37,21,0,1.6818181818181819
47211,MMTS,22,37,21,0,1.6818181818181819
47210,SC-FM,22,37,21,0,1.6818181818181819
56863,VM-PDY PASS,5,37,3,0,7.4
56862,PDY-VM-PASS,5,37,3,0,7.4
54226,RBL-UCR PASS,5,37,3,0,7.4
54227,UCR-RBL PASS,5,37,3,0,7.4
47164,FM-LPI,22,37,28,0,1.6818181818181819
47163,FM-LPI,22,37,21,0,1.6818181818181819
97042,CK2,15,37,13,0,2.466666666666667
30552,MJT - GOF LO,17,37,46,1,2.176470588235294
47170,FM-LPI,22,37,21,0,1.6818181818181819
47171,LPI-FM,22,37,21,0,1.6818181818181819
47185,LPI-FM,22,37,21,0,1.6818181818181819
47186,LPI-FM,22,37,26,0,1.6818181818181819
47180,LPI-FM,22,37,21,0,1.6818181818181819
47181,LPI-FM,22,37,21,0,1.6818181818181819
47182,LPI-FM,22,37,21,0,1.6818181818181819
47183,LPI-FM,22,37,21,0,1.6818181818181819
43662,AVD-VLCY LOC,10,37,17,0,3.7
43664,AVD-VLCY LOC,10,37,12,0,3.7
30351,MJT - BT LOC,17,37,15,0,2.176470588235294
47184,LPI-FM,22,37,21,0,1.6818181818181819
47162,FM-LPI,22,37,21,0,1.6818181818181819
47156,FM-LPI,22,37,21,0,1.6818181818181819
47166,FM-LPI,22,37,23,0,1.6818181818181819
47165,FM-LPI,22,37,22,0,1.6818181818181819
47167,FM-LPI,22,37,21,0,1.6818181818181819
47169,FM-LPI,22,37,21,0,1.6818181818181819
53516,GRD-MDP PASS,7,37,5,0,5.285714285714286
56866,PDY-VM PASS,5,37,3,0,7.4
53514,GRD-MDP PASS,7,37,5,0,5.285714285714286
97077,CK15,15,37,13,0,2.466666666666667
97064,CK4,15,37,13,0,2.466666666666667
56864,PDY-VM PASSR,5,37,3,0,7.4
56861,VM-PDY PASS,5,37,3,0,7.4
53518,GRD-MDP PASS,7,37,5,0,5.285714285714286
53520,GRD - MDP PA,7,37,5,0,5.285714285714286
77219,PASS,8,36,6,0,4.5
43653,VLCY-AVD EMU,10,36,8,0,3.6
43651,VLCY-AVD EMU,10,36,8,0,3.6
57649,WADI PASS,5,36,3,0,7.2
43655,VLCY-AVD LOC,10,36,12,0,3.6
64036,SSB-GZB 12CA,10,36,9,0,3.6
64034,SSB-GZB 10 C,12,36,11,0,3.0
77216,PASS,8,36,6,0,4.5
77211,PASS,8,36,6,0,4.5
64273,BBK-LJN MEMU,10,36,10,0,3.6
64274,LJN-BBK MEMU,10,36,11,0,3.6
64275,BBK-LJN MEMU,10,36,11,0,3.6
34331,LAKHIKANTAPU,13,36,11,0,2.769230769230769
64271,BBK-LJN MEMU,10,36,12,0,3.6
64272,LJN-BBK MEMU,10,36,9,0,3.6
64031,GZB-SSB 12CA,13,36,12,0,2.769230769230769
64032,SSB-GZB 12CA,12,36,11,0,3.0
77235,PASS,8,36,6,0,4.5
77209,PASS,8,36,6,0,4.5
34334,BRP-LKPR LOC,13,36,11,0,2.769230769230769
34332,BRP - LKPR L,13,36,11,0,2.769230769230769
77220,PASS,7,36,5,0,5.142857142857143
77234,PASS,8,36,6,0,4.5
79459,SUNR - DHG D,2,36,0,0,18.0
79458,DHG - SUNR D,2,36,0,0,18.0
43659,VLCY-AVD LOC,10,36,17,0,3.6
43657,VLCY-AVD LOC,10,36,12,0,3.6
79457,SUNR - DHG,2,36,0,0,18.0
79460,DHG - SUNR D,2,36,0,0,18.0
43663,VLCY-AVD LOC,10,36,8,0,3.6
43661,VLCY-AVD LOC,10,36,17,0,3.6
59827,BIX-ETW PASS,3,36,2,0,12.0
59828,ETW-BIX PASS,3,36,2,0,12.0
31571,RHA-KNJ LOCA,6,35,4,0,5.833333333333333
31471,SDAH - NH LO,15,35,13,0,2.3333333333333335
64092,NZM-NZM EMU,21,35,23,0,1.6666666666666667
57324,NDKD PASS,4,35,2,0,8.75
57323,MCLA PASS,4,35,2,0,8.75
31714,RHA-NH LOCAL,6,35,4,0,5.833333333333333
42452,SPE - GPD,6,35,4,0,5.833333333333333
31713,NH-RHA  LOCA,6,35,4,0,5.833333333333333
31712,RHA-NH LOCAL,9,35,7,0,3.888888888888889
42451,GPD-SPE EMU,2,35,0,0,17.5
42701,MSB-PON EMU,11,35,9,0,3.1818181818181817
31711,NH - RHA LOC,10,35,8,0,3.5
72206,DIT-IAA RAIL,6,35,4,0,5.833333333333333
97013,CK11,13,35,11,0,2.6923076923076925
97009,CK9,14,35,12,0,2.5
97007,CK7,14,35,12,0,2.5
69104,ANND - BRC M,9,35,7,0,3.888888888888889
56150,CBE-MTP PASS,4,35,2,0,8.75
69138,ANND BRC MEM,8,35,6,0,4.375
97001,CK1,14,35,12,0,2.5
64090,NZM-NZM EMU,21,35,20,0,1.6666666666666667
64089,NZM-NZM EMU,21,35,20,0,1.6666666666666667
56144,CBE MTP PASS,4,35,2,0,8.75
56151,MTP-CBE PASS,4,35,2,0,8.75
97003,CK3,14,35,12,0,2.5
33382,GBG-BT LOCAL,10,35,8,0,3.5
97005,CK5,14,35,12,0,2.5
56148,CBE-MTP PASS,4,35,2,0,8.75
56147,MTP-CBE PASS,4,35,2,0,8.75
56145,MTP CBE PASS,4,35,2,0,8.75
72208,DIT-IAA RAIL,6,35,4,0,5.833333333333333
69137,BRC ANND MEM,8,35,6,0,4.375
97109,CK21,14,35,12,0,2.5
72210,DIT-IAA RAIL,6,35,4,0,5.833333333333333
56149,MTP-CBE SPL,4,35,2,0,8.75
97099,CK19,14,35,12,0,2.5
56146,CBE-MTP PASS,4,35,2,0,8.75
72204,DIT-IAA RAIL,6,35,4,0,5.833333333333333
99038,TPL40,2,34,0,0,17.0
99040,TPL42,2,34,0,0,17.0
99035,TPL 35,2,34,0,0,17.0
99034,TPL36,2,34,0,0,17.0
99039,TPL39,2,34,0,0,17.0
99004,TPL6,2,34,0,0,17.0
99005,T PL5,2,34,0,0,17.0
99006,TPL8,2,34,0,0,17.0
99007,TPL 7,2,34,0,0,17.0
99009,TPL 9 L/SPL,2,34,0,0,17.0
99008,TPL10,2,34,0,0,17.0
99010,TPL12,2,34,0,0,17.0
99011,TPL 11,2,34,0,0,17.0
66528,BWT-KPN MEMU,5,34,3,0,6.8
37411,SHE-TAK LOCA,12,34,10,0,2.8333333333333335
66527,KPN-BWT MEMU,5,34,3,0,6.8
99015,TPL 15,2,34,0,0,17.0
99901,TGN-PUNE EMU,12,34,10,0,2.8333333333333335
99041,TPL41,2,34,0,0,17.0
42301,MMC-PON EMU,14,34,12,0,2.4285714285714284
42302,PON-MMC EMU,14,34,12,0,2.4285714285714284
42702,PON-MSB EMU,15,34,13,0,2.2666666666666666
99019,TPL 19,2,34,0,0,17.0
99014,TPL16,2,34,0,0,17.0
99036,TPL38,2,34,0,0,17.0
99037,TPL 37,2,34,0,0,17.0
99908,EMU,12,34,10,0,2.8333333333333335
63203,KIUL-MKA MEM,8,34,10,0,4.25
99042,TPL44,2,34,0,0,17.0
99033,TPL 33,2,34,0,0,17.0
34892,BARUIPUR DH,14,34,12,0,2.4285714285714284
68708,DURG-R MEMU,11,34,10,0,3.090909090909091
72205,IAA-DIT RIAL,6,34,4,0,5.666666666666667
72203,IAA-DIT RAIL,6,34,6,0,5.666666666666667
43882,TI-MMC EMU L,13,34,11,0,2.6153846153846154
72209,IAA-DIT RAIL,6,34,4,0,5.666666666666667
72207,IAA-DIT RAIL,6,34,4,0,5.666666666666667
63204,MKA-KIUL MEM,8,34,6,0,4.25
37414,TAK-SHE LOCA,12,34,10,0,2.8333333333333335
37413,SHE-TAK LOCA,12,34,10,0,2.8333333333333335
37412,TAK-SHE LOCA,12,34,10,0,2.8333333333333335
34891,DH BRP LOCAL,14,34,12,0,2.4285714285714284
99020,TPL22,2,34,0,0,17.0
99903,TGN-PUNE EMU,12,34,10,0,2.8333333333333335
99902,PUNE-TGN EMU,12,34,10,0,2.8333333333333335
99906,EMU,12,34,10,0,2.8333333333333335
99904,PUNE-TGN EMU,12,34,10,0,2.8333333333333335
99032,TPL34,2,34,0,0,17.0
99031,TPL 31,2,34,0,0,17.0
99030,TPL32,2,34,0,0,17.0
99029,TPL 29,2,34,0,0,17.0
99018,TPL20,2,34,0,0,17.0
99907,EMU,12,34,10,0,2.8333333333333335
99017,TPL 17,2,34,0,0,17.0
99016,TPL18,2,34,0,0,17.0
99013,T PL 13,2,34,0,0,17.0
99012,TPL14,2,34,0,0,17.0
99003,T PL3,2,34,0,0,17.0
99002,TPL4,2,34,0,0,17.0
99001,TPL1,2,34,0,0,17.0
99000,TPL2,2,34,0,0,17.0
99028,TPL30,2,34,0,0,17.0
99027,TPL 27,2,34,0,0,17.0
99026,TPL28,2,34,0,0,17.0
99025,TPL 25,2,34,0,0,17.0
99024,TPL26,2,34,0,0,17.0
99023,TPL 23,2,34,0,0,17.0
99022,TPL24,2,34,0,0,17.0
99021,TPL 21,2,34,0,0,17.0
30357,MJT-MMG LOCA,15,33,13,0,2.2
30312,BT -PPGT LOC,21,33,20,0,1.5714285714285714
30313,MJT-BT LOCAL,21,33,19,0,1.5714285714285714
30112,BP - MJT LOC,19,33,47,0,1.736842105263158
97302,T2,17,33,15,0,1.9411764705882353
97303,T3,17,33,15,0,1.9411764705882353
97304,T4,17,33,15,0,1.9411764705882353
97305,T5,17,33,15,0,1.9411764705882353
97306,T6,17,33,15,0,1.9411764705882353
97307,T7,17,33,15,0,1.9411764705882353
97308,T10,17,33,15,0,1.9411764705882353
97309,T9,17,33,15,0,1.9411764705882353
97310,T12,17,33,15,0,1.9411764705882353
97315,T15,17,33,15,0,1.9411764705882353
30358,MMG-MJT LOCA,15,33,13,0,2.2
75740,KIR - TNPR D,8,33,10,0,4.125
97412,T118,17,33,17,0,1.9411764705882353
97413,T121,17,33,15,0,1.9411764705882353
97414,T120,17,33,15,0,1.9411764705882353
97416,T122,17,33,15,0,1.9411764705882353
97301,T1,17,33,15,0,1.9411764705882353
97314,T16,17,33,15,0,1.9411764705882353
34981,KWDP-LKPR LO,7,33,9,0,4.714285714285714
51686,BIR-KNW SHUT,5,33,6,0,6.6
51688,BIR-KNW SHUT,5,33,6,0,6.6
95901,T17,6,33,4,0,5.5
95902,T8,7,33,5,0,4.714285714285714
95903,T27,7,33,5,0,4.714285714285714
95904,T36,7,33,5,0,4.714285714285714
95905,T33,5,33,3,0,6.6
95906,T42,7,33,5,0,4.714285714285714
95907,T43,6,33,4,0,5.5
95908,T50,7,33,5,0,4.714285714285714
95909,T107,6,33,4,0,5.5
97316,T18,17,33,15,0,1.9411764705882353
97317,T19,17,33,15,0,1.9411764705882353
97318,T20,17,33,15,0,1.9411764705882353
97319,T21,17,33,15,0,1.9411764705882353
97320,T22,17,33,15,0,1.9411764705882353
97321,T23,17,33,15,0,1.9411764705882353
97322,T24,17,33,15,0,1.9411764705882353
97323,T25,17,33,15,0,1.9411764705882353
97324,T26,17,33,15,0,1.9411764705882353
97325,T29,17,33,15,0,1.9411764705882353
97326,T28,17,33,15,0,1.9411764705882353
97327,T31,17,33,15,0,1.9411764705882353
97311,T11,17,33,15,0,1.9411764705882353
97312,T14,17,33,15,0,1.9411764705882353
97313,T13,17,33,15,0,1.9411764705882353
97417,T123,17,33,15,0,1.9411764705882353
97418,T124,17,33,15,0,1.9411764705882353
97419,T125,17,33,15,0,1.9411764705882353
97421,T129,17,33,15,0,1.9411764705882353
97422,T126,17,33,16,0,1.9411764705882353
97423,T131,17,33,15,0,1.9411764705882353
97425,T133,17,33,15,0,1.9411764705882353
97426,T128,17,33,15,0,1.9411764705882353
97427,T135,17,33,15,0,1.9411764705882353
77225,PASS,8,33,6,0,4.125
77226,PASS,8,33,6,0,4.125
77227,PASS,8,33,6,0,4.125
75733,TNPR - KIR D,8,33,10,0,4.125
75734,KIR - TNPR D,8,33,10,0,4.125
75735,TNPR - KIR D,8,33,10,0,4.125
75736,KIR - TNPR D,8,33,10,0,4.125
75737,TNPR - KIR D,8,33,10,0,4.125
75738,KIR - TNPR D,8,33,11,0,4.125
75739,TNPR - KIR P,8,33,10,0,4.125
97428,T130,17,33,15,0,1.9411764705882353
54010,NRW-JIND PAS,5,33,3,0,6.6
97445,T149,16,33,13,0,2.0625
77228,PASS,8,33,6,0,4.125
97328,T30,17,33,15,0,1.9411764705882353
97329,T35,17,33,15,0,1.9411764705882353
97330,T32,17,33,15,0,1.9411764705882353
97331,T37,17,33,15,0,1.9411764705882353
97332,T34,17,33,15,0,1.9411764705882353
97333,T39,17,33,15,0,1.9411764705882353
97334,T38,17,33,15,0,1.9411764705882353
97335,T41,17,33,15,0,1.9411764705882353
97336,T4O,17,33,15,0,1.9411764705882353
97337,T45,17,33,15,0,1.9411764705882353
97338,T44,17,33,15,0,1.9411764705882353
97339,T47,17,33,15,0,1.9411764705882353
97340,T46,17,33,15,0,1.9411764705882353
97341,T49,17,33,15,0,1.9411764705882353
97342,T48,17,33,15,0,1.9411764705882353
97343,T51,17,33,15,0,1.9411764705882353
97344,T52,17,33,15,0,1.9411764705882353
97345,T53,17,33,15,0,1.9411764705882353
97348,T56,17,33,15,0,1.9411764705882353
97349,T57,17,33,15,0,1.9411764705882353
97350,T58,17,33,15,0,1.9411764705882353
97351,T59,17,33,15,0,1.9411764705882353
97352,T60,17,33,15,0,1.9411764705882353
97353,T61,17,33,15,0,1.9411764705882353
97354,T64,17,33,15,0,1.9411764705882353
97355,T63,17,33,15,0,1.9411764705882353
97356,T66,17,33,15,0,1.9411764705882353
97357,T65,17,33,15,0,1.9411764705882353
97358,T68,17,33,15,0,1.9411764705882353
97359,T67,17,33,15,0,1.9411764705882353
97360,T70,17,33,15,0,1.9411764705882353
97361,T69,17,33,15,0,1.9411764705882353
97362,T72,17,33,15,0,1.9411764705882353
97363,T 71,17,33,15,0,1.9411764705882353
97364,T76,17,33,15,0,1.9411764705882353
97365,T 73,17,33,15,0,1.9411764705882353
97366,T78,17,33,15,0,1.9411764705882353
97367,T 75,17,33,15,0,1.9411764705882353
97368,T80,17,33,15,0,1.9411764705882353
97369,T 77,17,33,15,0,1.9411764705882353
97346,T54,17,33,15,0,1.9411764705882353
97347,T55,17,33,15,0,1.9411764705882353
97370,T82,17,33,15,0,1.9411764705882353
97371,T79,17,33,15,0,1.9411764705882353
97372,T 84,17,33,15,0,1.9411764705882353
97373,T81,17,33,15,0,1.9411764705882353
97374,T 86,17,33,15,0,1.9411764705882353
97376,T 88,17,33,15,0,1.9411764705882353
97377,T83,17,33,15,0,1.9411764705882353
97378,T90,17,33,15,0,1.9411764705882353
97379,T85,17,33,15,0,1.9411764705882353
97380,T92,17,33,15,0,1.9411764705882353
97381,T87,17,33,15,0,1.9411764705882353
97382,T94,17,33,15,0,1.9411764705882353
97383,T89,17,33,15,0,1.9411764705882353
97385,T91,17,33,15,0,1.9411764705882353
97411,T119,17,33,15,0,1.9411764705882353
77246,RAL PASS,7,33,5,0,4.714285714285714
77247,PASS,6,33,4,0,5.5
6596,CBP-YPR PASS,7,33,6,0,4.714285714285714
97386,T96,17,33,15,0,1.9411764705882353
97387,T93,17,33,15,0,1.9411764705882353
97388,T98,17,33,15,0,1.9411764705882353
97389,T95,17,33,15,0,1.9411764705882353
97390,T100,17,33,15,0,1.9411764705882353
97391,T97,17,33,15,0,1.9411764705882353
97392,T102,17,33,15,0,1.9411764705882353
97393,T99,17,33,15,0,1.9411764705882353
97394,T104,17,33,15,0,1.9411764705882353
97395,T101,17,33,15,0,1.9411764705882353
97401,T109,17,33,15,0,1.9411764705882353
97402,T112,17,33,15,0,1.9411764705882353
97403,T111,17,33,15,0,1.9411764705882353
97404,T114,17,33,15,0,1.9411764705882353
97405,T113,17,33,15,0,1.9411764705882353
97407,T115,17,33,15,0,1.9411764705882353
97408,T116,17,33,15,0,1.9411764705882353
56519,JRU-CTA PASS,5,33,3,0,6.6
56520,CTA-JRU PASS,5,33,3,0,6.6
37303,HWH-SIU LOCA,13,33,11,0,2.5384615384615383
37304,SIU - HWH LO,13,33,11,0,2.5384615384615383
37305,ANDOLAN LOCA,13,33,12,0,2.5384615384615383
37306,SIU-HWH LOCA,13,33,11,0,2.5384615384615383
97431,T137,17,33,15,0,1.9411764705882353
97432,T132,17,33,15,0,1.9411764705882353
97433,T139,17,33,15,0,1.9411764705882353
97434,T134,17,33,15,0,1.9411764705882353
97435,T141,17,33,15,0,1.9411764705882353
97436,T136,17,33,15,0,1.9411764705882353
97437,T143,17,33,14,0,1.9411764705882353
97438,T138,17,33,15,0,1.9411764705882353
97439,T145,17,33,15,0,1.9411764705882353
97440,T140,17,33,15,0,1.9411764705882353
97441,T147,17,33,15,0,1.9411764705882353
97444,T146,16,33,14,0,2.0625
6595,YPR-CBP PASS,7,33,5,0,4.714285714285714
97396,T106,17,33,15,0,1.9411764705882353
97397,T103,17,33,15,0,1.9411764705882353
97398,T108,17,33,15,0,1.9411764705882353
97399,T105,17,33,15,0,1.9411764705882353
97400,T110,17,33,15,0,1.9411764705882353
95910,T62,7,33,5,0,4.714285714285714
95911,T117,6,33,4,0,5.5
95912,T74,7,33,5,0,4.714285714285714
95913,T127,10,33,8,0,3.3
95917,T117,6,33,4,0,5.5
95919,T131,9,33,7,0,3.6666666666666665
97446,T148,16,33,14,0,2.0625
96503,KAN1,7,32,5,0,4.571428571428571
96505,TAN1,7,32,5,0,4.571428571428571
96504,AN4,5,32,3,0,6.4
96506,TAN2,5,32,3,0,6.4
96502,AN2,5,32,3,0,6.4
77283,GNT-BZA,6,32,4,0,5.333333333333333
77284,BZA-GNT,6,32,4,0,5.333333333333333
77289,GNT-BZA,6,32,4,0,5.333333333333333
38108,ULB-HWH SUB,13,32,11,0,2.4615384615384617
38105,HWH ULB LOCA,14,32,12,0,2.2857142857142856
38106,ULB HWH LOCA,13,32,11,0,2.4615384615384617
64095,NDLS-SSB 10C,18,32,17,0,1.7777777777777777
67259,PUSHPULL,6,32,4,0,5.333333333333333
51687,KNW-BIR SHUT,5,32,6,0,6.4
43755,MSB-PTMS EMU,15,32,13,0,2.1333333333333333
43754,PTMS-MSB EMU,15,32,13,0,2.1333333333333333
57307,KCG-MED PASS,18,32,16,0,1.7777777777777777
57308,MED-KCG PASS,18,32,16,0,1.7777777777777777
67254,PUSHPULL,6,32,4,0,5.333333333333333
77230,PASS,6,32,22,0,5.333333333333333
77221,PASS,6,32,4,0,5.333333333333333
33712,BNJ - RHA LO,8,32,11,0,4.0
95512,AN22,5,32,3,0,6.4
33726,BNJ - RHA LO,9,32,7,0,3.5555555555555554
33621,SDAH-DTK LOC,13,32,11,0,2.4615384615384617
33716,BNJ - RHA LO,8,32,7,0,4.0
33717,RHA - BNJ LO,8,32,6,0,4.0
33715,RHA - BNJ LO,8,32,7,0,4.0
33734,BNJ - RHA LO,8,32,6,0,4.0
96512,AN14,5,32,3,0,6.4
33713,RHA - BNJ LO,9,32,7,0,3.5555555555555554
96514,TAN4,5,32,3,0,6.4
96513,AN7,7,32,5,0,4.571428571428571
96510,AN12,5,32,3,0,6.4
67274,PUSHPULL,6,32,4,0,5.333333333333333
43751,MSB-PTMS EMU,15,32,13,0,2.1333333333333333
67273,PUSHPULL,6,32,4,0,5.333333333333333
43752,PTMS-MSB EMU,15,32,13,0,2.1333333333333333
43753,MSB-PTMS EMU,15,32,13,0,2.1333333333333333
95504,AN8,5,32,3,0,6.4
95503,AN9,7,32,5,0,4.571428571428571
95506,AN16,5,32,3,0,6.4
33617,SDAH - DTK L,13,32,11,0,2.4615384615384617
33618,DTK-SDAH LOC,13,32,12,0,2.4615384615384617
95505,AN11,7,32,5,0,4.571428571428571
33619,SDAH - DTK L,13,32,11,0,2.4615384615384617
33620,DTK-SDAH LOC,13,32,11,0,2.4615384615384617
33616,DTK - SDAH L,13,32,11,0,2.4615384615384617
33624,DTK-SDAH LOC,13,32,11,0,2.4615384615384617
43757,MSB-PTMS EMU,15,32,13,0,2.1333333333333333
38103,HWH ULB LOCA,13,32,11,0,2.4615384615384617
38104,ULB HWH LOCA,13,32,11,0,2.4615384615384617
51685,KNW-BIR SHUT,5,32,6,0,6.4
95508,AN18,5,32,3,0,6.4
33613,SDAH-DTK LOC,13,32,11,0,2.4615384615384617
33614,DTK-SDAH LOC,13,32,11,0,2.4615384615384617
33615,SDAH - DTK L,13,32,11,0,2.4615384615384617
33612,DTK-SDAH LOC,13,32,11,0,2.4615384615384617
95509,AN19,7,32,5,0,4.571428571428571
33630,DTK-SDAH LOC,13,32,11,0,2.4615384615384617
33611,SDAH-DTK LOC,13,32,11,0,2.4615384615384617
95502,AN6,5,32,3,0,6.4
95501,AN5,7,32,5,0,4.571428571428571
33719,RHA - BNJ LO,8,32,12,0,4.0
33720,BNJ - RHA LO,8,32,9,0,4.0
33721,RHA - BNJ LO,9,32,7,0,3.5555555555555554
33722,BNJ - RHA LO,8,32,6,0,4.0
33737,RHA-BNJ LOCA,8,32,10,0,4.0
33738,BNJ-RHA LOCA,8,32,6,0,4.0
33724,BNJ - RHA LO,8,32,10,0,4.0
33723,RHA - BNJ LO,8,32,10,0,4.0
33626,DTK-SDAH LOC,13,32,11,0,2.4615384615384617
33725,RHA - BNJ LO,8,32,10,0,4.0
33628,DTK-SDAH LOC,13,32,11,0,2.4615384615384617
95510,AN20,5,32,3,0,6.4
95517,AN27,7,32,5,0,4.571428571428571
33714,BNJ - RHA LO,9,32,12,0,3.5555555555555554
96517,AN13,7,32,5,0,4.571428571428571
96518,AN28,5,32,3,0,6.4
96520,AN32,5,32,3,0,6.4
96519,AN17,7,32,5,0,4.571428571428571
96521,AN29,7,32,5,0,4.571428571428571
96522,TAN6,5,32,3,0,6.4
96524,KAN2,5,32,3,0,6.4
95507,AN15,7,32,5,0,4.571428571428571
96508,AN10,5,32,3,0,6.4
96507,AN1,7,32,5,0,4.571428571428571
33733,RHA - BNJ LO,9,32,7,0,3.5555555555555554
33623,SDAH - DTK L,13,32,11,0,2.4615384615384617
96516,AN24,5,32,3,0,6.4
96515,TAN3,7,32,5,0,4.571428571428571
33718,BNJ - RHA LO,9,32,10,0,3.5555555555555554
33739,RHA-BNJ  LOC,9,32,11,0,3.5555555555555554
33732,BNJ - RHA LO,8,32,6,0,4.0
33731,RHA - BNJ LO,8,32,11,0,4.0
33736,BNJ - RHA LO,9,32,7,0,3.5555555555555554
33735,RHA - BNJ LO,9,32,11,0,3.5555555555555554
33730,BNJ - RHA LO,9,32,7,0,3.5555555555555554
96511,KAN3,7,32,5,0,4.571428571428571
96509,AN3,7,32,5,0,4.571428571428571
95513,AN23,7,32,5,0,4.571428571428571
33622,DTK-SDAH LOC,11,32,9,0,2.909090909090909
33711,RHA - BNJ LO,8,32,6,0,4.0
95511,AN21,7,32,5,0,4.571428571428571
95516,AN30,5,32,3,0,6.4
95515,AN25,7,32,5,0,4.571428571428571
95514,AN26,5,32,3,0,6.4
33727,RHA - BNJ LO,8,32,10,0,4.0
33728,BNJ - RHA LO,8,32,6,0,4.0
33729,RHA - BNJ LO,9,32,11,0,3.5555555555555554
43112,PTMS-MMC EMU,14,31,14,0,2.2142857142857144
99905,EMU,11,31,9,0,2.8181818181818183
43110,PTMS-MMC EMU,14,31,12,0,2.2142857142857144
16130,TN-MEJ LINK,3,31,1,0,10.333333333333334
77281,BZA-TEL,8,31,6,0,3.875
43106,PTMS-MMC EMU,14,31,12,0,2.2142857142857144
43104,PTMS-MMC EMU,14,31,12,0,2.2142857142857144
77287,BZA-TEL,8,31,6,0,3.875
77286,TEL-BZA,8,31,6,0,3.875
43126,PTMS-MMC EMU,14,31,12,0,2.2142857142857144
43124,PTMS-MMC EMU,14,31,12,0,2.2142857142857144
43128,PTMS-MMC EMU,14,31,12,0,2.2142857142857144
43108,PTMS-MMC EMU,14,31,12,0,2.2142857142857144
30452,SDAH-KOAA LO,16,31,22,0,1.9375
59607,AJMER - PUSH,5,31,3,0,6.2
69132,GNC - ADI ME,5,31,6,0,6.2
69131,ADI - GNC ME,5,31,6,0,6.2
43132,PTMS-MMC EMU,14,31,12,0,2.2142857142857144
43130,PTMS-MMC EMU,14,31,12,0,2.2142857142857144
74947,NRO-JUC DMU,2,31,0,0,15.5
67253,PUSHPULL,7,31,5,0,4.428571428571429
74941,NRO-JUC DMU,2,31,0,0,15.5
74942,JUC-NRO,2,31,0,0,15.5
74943,NRO-JUC DMU,2,31,0,0,15.5
43116,PTMS-MMC EMU,14,31,12,0,2.2142857142857144
74945,NRO-JUC DMU,2,31,0,0,15.5
74946,JUC-NRO DMU,2,31,0,0,15.5
43102,PTMS-MMC EMU,14,31,12,0,2.2142857142857144
74948,JUC-NRO DMU,2,31,0,0,15.5
59608,PUSHKER - AJ,5,31,3,0,6.2
22670,CBE-TN LINK,4,31,2,0,7.75
43118,PTMS-MMC EMU,14,31,12,0,2.2142857142857144
67251,PUSHPULL,7,31,5,0,4.428571428571429
43114,PTMS-MMC EMU,14,31,12,0,2.2142857142857144
74944,JUC-NRO DMU,2,31,0,0,15.5
22669,TN-CBE LINK,4,31,2,0,7.75
43122,PTMS-MMC EMU,14,31,12,0,2.2142857142857144
43120,PTMS-MMC EMU,14,31,12,0,2.2142857142857144
16129,MEJ-TN LINK,4,31,2,0,7.75
23142,TEESTA TORSH,3,30,5,0,10.0
34116,SDAH-BGB LOC,11,30,9,0,2.727272727272727
34115,BGB - SDAH L,11,30,9,0,2.727272727272727
34114,SDAH-BGB LOC,11,30,9,0,2.727272727272727
43121,MMC-PTMS EMU,14,30,12,0,2.142857142857143
34143,BGB - SDAH L,11,30,9,0,2.727272727272727
34127,BGB - SDAH L,11,30,9,0,2.727272727272727
34122,SDAH-BGB LOC,11,30,9,0,2.727272727272727
55104,BHJ-BTT PASS,7,30,6,0,4.285714285714286
55103,BTT-BHJ  PAS,7,30,5,0,4.285714285714286
8082,BQA-VSU MEMU,6,30,4,0,5.0
8087,VSU-BQA MEMU,6,30,4,0,5.0
43113,MMC-PTMS EMU,14,30,12,0,2.142857142857143
43101,MMC-PTMS EMU,14,30,12,0,2.142857142857143
34164,SDAH-BGB LOC,11,30,9,0,2.727272727272727
34163,BGB - SDAH L,11,30,9,0,2.727272727272727
43111,MMC-PTMS EMU,14,30,12,0,2.142857142857143
34111,BGB - SDAH L,11,30,9,0,2.727272727272727
34138,SDAH-BGB LOC,11,30,9,0,2.727272727272727
34137,BGB - SDAH L,11,30,9,0,2.727272727272727
34136,SDAH-BGB LOC,11,30,9,0,2.727272727272727
34135,BGB - SDAH L,11,30,9,0,2.727272727272727
34134,SDAH-BGB LOC,11,30,9,0,2.727272727272727
34133,BGB - SDAH L,11,30,9,0,2.727272727272727
34126,SDAH-BGB LOC,11,30,9,0,2.727272727272727
34120,SDAH-BGB LOC,11,30,9,0,2.727272727272727
34119,BGB - SDAH L,11,30,9,0,2.727272727272727
34118,SDAH-BGB LOC,11,30,9,0,2.727272727272727
34117,BGB - SDAH L,11,30,9,0,2.727272727272727
43109,MMC-PTMS EMU,14,30,12,0,2.142857142857143
43107,MMC-PTMS EMU,14,30,12,0,2.142857142857143
43105,MMC-PTMS EMU,14,30,12,0,2.142857142857143
43103,MMC-PTMS EMU,14,30,12,0,2.142857142857143
43119,MMC-PTMS EMU,14,30,12,0,2.142857142857143
43117,MMC-PTMS EMU,14,30,12,0,2.142857142857143
43115,MMC-PTMS EMU,14,30,12,0,2.142857142857143
34162,SDAH-BGB LOC,11,30,9,0,2.727272727272727
34161,BGB - SDAH L,11,30,9,0,2.727272727272727
34160,SDAH-BGB LOC,11,30,9,0,2.727272727272727
64419,NZM-GZB10 CA,10,30,10,0,3.0
77205,PASS,8,30,10,0,3.75
34158,SDAH-BGB LOC,11,30,9,0,2.727272727272727
34157,BGB - SDAH L,11,30,9,0,2.727272727272727
37511,BALLY-BDC LO,14,30,12,0,2.142857142857143
34112,SDAH-BGB LOC,11,30,9,0,2.727272727272727
34141,BGB - SDAH L,11,30,9,0,2.727272727272727
34140,SDAH-BGB LOC,11,30,9,0,2.727272727272727
34139,BGB - SDAH L,11,30,9,0,2.727272727272727
55102,BHJ-BTT PASS,7,30,9,0,4.285714285714286
55101,BTT-BHJ  PAS,7,30,6,0,4.285714285714286
64420,GZB-DLI-NDLS,9,30,9,0,3.3333333333333335
34165,BGB-SDAH LOC,11,30,9,0,2.727272727272727
34125,BGB - SDAH L,11,30,9,0,2.727272727272727
30511,CHT - MJT LO,14,30,21,0,2.142857142857143
34132,SDAH-BGB LOC,11,30,9,0,2.727272727272727
34131,BGB - SDAH L,11,30,9,0,2.727272727272727
34130,SDAH-BGB LOC,11,30,9,0,2.727272727272727
34129,BGB - SDAH L,11,30,9,0,2.727272727272727
34128,SDAH-BGB LOC,11,30,9,0,2.727272727272727
34166,SDAH-BGB LOC,11,30,9,0,2.727272727272727
37512,BDC BLY LOCA,14,30,12,0,2.142857142857143
34124,SDAH-BGB LOC,11,30,9,0,2.727272727272727
34123,BGB - SDAH L,11,30,9,0,2.727272727272727
34154,SDAH-BGB LOC,11,30,9,0,2.727272727272727
34153,BGB - SDAH L,11,30,9,0,2.727272727272727
34152,SDAH-BGB LOC,11,30,9,0,2.727272727272727
34156,SDAH-BGB LOC,11,30,9,0,2.727272727272727
34155,BGB - SDAH L,11,30,9,0,2.727272727272727
34151,BGB - SDAH L,11,30,9,0,2.727272727272727
34150,SDAH-BGB LOC,11,30,9,0,2.727272727272727
34149,BGB - SDAH L,11,30,9,0,2.727272727272727
34148,SDAH-BGB LOC,11,30,9,0,2.727272727272727
34147,BGB - SDAH L,11,30,9,0,2.727272727272727
34146,SDAH-BGB LOC,11,30,9,0,2.727272727272727
34145,BGB - SDAH L,11,30,9,0,2.727272727272727
34144,SDAH-BGB LOC,11,30,9,0,2.727272727272727
34159,BGB - SDAH L,11,30,9,0,2.727272727272727
34142,SDAH-BGB LOC,11,30,9,0,2.727272727272727
34113,BGB - SDAH L,11,30,9,0,2.727272727272727
52571,KGN-DJ RED P,5,30,40,0,6.0
52570,DJ-KGN RED P,5,30,15,0,6.0
34121,BGB - SDAH L,11,30,9,0,2.727272727272727
23141,TEESTA TORSH,3,30,5,0,10.0
52587,KGN - DJ PAS,5,30,7,0,6.0
52588,DJ - KGN PAS,5,30,8,0,6.0
40411,MSB-TBM EMU,18,29,16,0,1.6111111111111112
40128,TBM-MSB EMU,2,29,0,0,14.5
40022,TBM-MSB EMU,18,29,17,0,1.6111111111111112
40115,MSB-TBM EMU,18,29,16,0,1.6111111111111112
40389,MSB-TBM EMU,18,29,16,0,1.6111111111111112
40388,TBM-MSB EMU,2,29,0,0,14.5
40387,MSB-TBM EMU,18,29,16,0,1.6111111111111112
40386,TBM-MSB EMU,2,29,0,0,14.5
40385,MSB-TBM EMU,18,29,16,0,1.6111111111111112
40038,TBM-MSB EMU,18,29,17,0,1.6111111111111112
40037,MSB-TBM EMU,18,29,16,0,1.6111111111111112
40007,MSB-TBM EMU,18,29,16,0,1.6111111111111112
40126,TBM-MSB EMU,2,29,0,0,14.5
40125,MSB-TBM EMU,18,29,16,0,1.6111111111111112
40124,TBM-MSB EMU,2,29,0,0,14.5
40123,MSB-TBM EMU,18,29,16,0,1.6111111111111112
40122,TBM-MSB EMU,2,29,0,0,14.5
40121,MSB-TBM EMU,18,29,16,0,1.6111111111111112
40105,MSB-TBM EMU,18,29,16,0,1.6111111111111112
40415,MSB-TBM EMU,18,29,16,0,1.6111111111111112
40140,TBM-MSB EMU,6,29,4,0,4.833333333333333
40139,MSB-TBM EMU,18,29,16,0,1.6111111111111112
40136,TBM-MSB EMU,2,29,0,0,14.5
40119,MSB-TBM EMU,18,29,16,0,1.6111111111111112
40101,MSB-TBM EMU,18,29,16,0,1.6111111111111112
40100,TBM-MSB EMU,2,29,0,0,14.5
40099,MSB-TBM EMU,18,29,16,0,1.6111111111111112
40098,TBM-MSB EMU,2,29,0,0,14.5
40097,MSB-TBM EMU,18,29,16,0,1.6111111111111112
40096,TBM-MSB EMU,2,29,0,0,14.5
75214,SGL-RXL DEMU,5,29,4,0,5.8
75213,RXL-SGL DEMU,5,29,4,0,5.8
40421,MSB-TBM EMU,18,29,16,0,1.6111111111111112
40420,TBM-MSB EMU,2,29,0,0,14.5
40419,MSB-TBM EMU,18,29,15,0,1.6111111111111112
40418,TBM-MSB EMU,6,29,4,0,4.833333333333333
40135,MSB-TBM EMU,18,29,16,0,1.6111111111111112
40104,TBM-MSB EMU,2,29,0,0,14.5
40103,MSB-TBM EMU,18,29,16,0,1.6111111111111112
40102,TBM-MSB EMU,2,29,0,0,14.5
40095,MSB-TBM EMU,18,29,16,0,1.6111111111111112
40094,TBM-MSB EMU,2,29,0,0,14.5
40134,TBM-MSB EMU,2,29,0,0,14.5
40147,MSB-TBM EMU,18,29,16,0,1.6111111111111112
40146,TBM-MSB EMU,2,29,0,0,14.5
40145,MSB-TBM EMU,18,29,16,0,1.6111111111111112
40118,TBM-MSB EMU,2,29,0,0,14.5
40117,MSB-TBM EMU,18,29,16,0,1.6111111111111112
40144,TBM-MSB EMU,2,29,0,0,14.5
40143,MSB-TBM EMU,18,29,16,0,1.6111111111111112
40142,TBM-MSB EMU,6,29,4,0,4.833333333333333
40141,MSB-TBM EMU,18,29,16,0,1.6111111111111112
40327,MSB-TBM EMU,18,29,16,0,1.6111111111111112
40326,TBM-MSB EMU,2,29,0,0,14.5
40325,MSB-TBM EMU,18,29,16,0,1.6111111111111112
40138,TBM-MSB EMU,6,29,4,0,4.833333333333333
40137,MSB-TBM EMU,18,29,16,0,1.6111111111111112
40311,MSB-TBM EMU,18,29,16,0,1.6111111111111112
40310,TBM-MSB EMU,2,29,0,0,14.5
40309,MSB-TBM EMU,18,29,16,0,1.6111111111111112
40308,TBM-MSB EMU,2,29,0,0,14.5
40307,MSB-TBM EMU,18,29,16,0,1.6111111111111112
40306,TBM-MSB EMU,2,29,0,0,14.5
40305,MSB-TBM EMU,18,29,16,0,1.6111111111111112
40304,TBM-MSB EMU,2,29,0,0,14.5
40303,MSB-TBM EMU,18,29,16,0,1.6111111111111112
40302,TBM-MSB EMU,2,29,0,0,14.5
40301,MSB-TBM EMU,18,29,16,0,1.6111111111111112
40131,MSB-TBM EMU,18,29,16,0,1.6111111111111112
40130,TBM-MSB EMU,2,29,0,0,14.5
40129,MSB-TBM EMU,18,29,16,0,1.6111111111111112
40120,TBM-MSB EMU,2,29,0,0,14.5
40153,MSB-TBM EMU,18,29,16,0,1.6111111111111112
40152,TBM-MSB EMU,6,29,4,0,4.833333333333333
40151,MSB-TBM EMU,18,29,16,0,1.6111111111111112
40150,TBM-MSB EMU,2,29,0,0,14.5
40148,TBM-MSB EMU,2,29,0,0,14.5
69136,DK -ANND,6,29,4,0,4.833333333333333
69134,DK - ANND,6,29,4,0,4.833333333333333
69133,ANND  DK MEM,6,29,4,0,4.833333333333333
40157,MSB-TBM EMU,18,29,16,0,1.6111111111111112
40156,TBM-MSB EMU,2,29,0,0,14.5
40155,MSB-TBM EMU,18,29,16,0,1.6111111111111112
40154,TBM-MSB EMU,2,29,0,0,14.5
40324,TBM-MSB EMU,6,29,4,0,4.833333333333333
40323,MSB-TBM EMU,18,29,16,0,1.6111111111111112
40322,TBM-MSB EMU,2,29,0,0,14.5
40321,MSB-TBM EMU,18,29,16,0,1.6111111111111112
40320,TBM-MSB EMU,2,29,0,0,14.5
40319,MSB-TBM EMU,18,29,16,0,1.6111111111111112
40318,TBM-MSB EMU,2,29,0,0,14.5
40317,MSB-TBM EMU,18,29,16,0,1.6111111111111112
40114,TBM-MSB EMU,2,29,0,0,14.5
40113,MSB-TBM EMU,18,29,16,0,1.6111111111111112
40112,TBM-MSB EMU,2,29,0,0,14.5
40111,MSB-TBM EMU,18,29,16,0,1.6111111111111112
77233,PASS,6,29,4,0,4.833333333333333
40158,TBM-MSB EMU,2,29,0,0,14.5
40133,MSB-TBM EMU,18,29,16,0,1.6111111111111112
40132,TBM-MSB EMU,2,29,0,0,14.5
40073,MSB-TBM EMU,18,29,16,0,1.6111111111111112
40331,MSB-TBM EMU,18,29,16,0,1.6111111111111112
40330,TBM-MSB EMU,2,29,0,0,14.5
40329,MSB-TBM EMU,18,29,16,0,1.6111111111111112
40316,TBM-MSB EMU,2,29,0,0,14.5
40315,MSB-TBM EMU,18,29,16,0,1.6111111111111112
40314,TBM-MSB EMU,2,29,0,0,14.5
40313,MSB-TBM EMU,18,29,16,0,1.6111111111111112
40312,TBM-MSB EMU,6,29,4,0,4.833333333333333
40354,TBM-MSB EMU,2,29,0,0,14.5
40353,MSB-TBM EMU,18,29,16,0,1.6111111111111112
40352,TBM-MSB EMU,2,29,0,0,14.5
40343,MSB-TBM EMU,18,29,16,0,1.6111111111111112
40342,TBM-MSB EMU,2,29,0,0,14.5
40341,MSB-TBM EMU,18,29,16,0,1.6111111111111112
40340,TBM-MSB EMU,2,29,0,0,14.5
40334,TBM-MSB EMU,2,29,0,0,14.5
40333,MSB-TBM EMU,18,29,16,0,1.6111111111111112
40332,TBM-MSB EMU,2,29,0,0,14.5
40088,TBM-MSB EMU,2,29,0,0,14.5
40339,MSB-TBM EMU,18,29,16,0,1.6111111111111112
43872,PAB-MMC EMU,13,29,11,0,2.230769230769231
69135,ANND- DK,6,29,4,0,4.833333333333333
40338,TBM-MSB EMU,2,29,0,0,14.5
40337,MSB-TBM EMU,18,29,16,0,1.6111111111111112
40336,TBM-MSB EMU,2,29,0,0,14.5
40079,MSB-TBM EMU,18,29,16,0,1.6111111111111112
40078,TBM-MSB EMU,2,29,0,0,14.5
40077,MSB-TBM EMU,18,29,16,0,1.6111111111111112
40076,TBM-MSB EMU,2,29,0,0,14.5
40075,MSB-TBM EMU,18,29,16,0,1.6111111111111112
40074,TBM-MSB EMU,2,29,0,0,14.5
34358,SPR-CG LOCAL,9,29,7,0,3.2222222222222223
34356,SPR - CG LOC,9,29,7,0,3.2222222222222223
34355,CG- SPR  LOC,7,29,5,0,4.142857142857143
34354,SPR - CG LOC,9,29,7,0,3.2222222222222223
40328,TBM-MSB EMU,2,29,0,0,14.5
40359,MSB-TBM EMU,18,29,16,0,1.6111111111111112
40358,TBM-MSB EMU,2,29,0,0,14.5
40357,MSB-TBM EMU,18,29,16,0,1.6111111111111112
40356,TBM-MSB EMU,2,29,0,0,14.5
40355,MSB-TBM EMU,18,29,16,0,1.6111111111111112
40057,MSB-TBM EMU,18,29,16,0,1.6111111111111112
34353,CG - SPR LOC,9,29,7,0,3.2222222222222223
34351,CG-SPR LOCAL,10,29,8,0,2.9
40373,MSB-TBM EMU,18,29,16,0,1.6111111111111112
40372,TBM-MSB EMU,6,29,4,0,4.833333333333333
40335,MSB-TBM EMU,18,29,16,0,1.6111111111111112
40062,TBM-MSB EMU,18,29,16,0,1.6111111111111112
40061,MSB-TBM EMU,18,29,16,0,1.6111111111111112
40060,TBM-MSB EMU,18,29,17,0,1.6111111111111112
40059,MSB-TBM EMU,18,29,16,0,1.6111111111111112
40058,TBM-MSB EMU,18,29,17,0,1.6111111111111112
40087,MSB-TBM EMU,18,29,16,0,1.6111111111111112
40086,TBM-MSB EMU,2,29,0,0,14.5
40085,MSB-TBM EMU,18,29,16,0,1.6111111111111112
40084,TBM-MSB EMU,2,29,0,0,14.5
40083,MSB-TBM EMU,18,29,16,0,1.6111111111111112
40082,TBM-MSB EMU,2,29,0,0,14.5
40081,MSB-TBM EMU,18,29,16,0,1.6111111111111112
40080,TBM-MSB EMU,2,29,0,0,14.5
40041,MSB-TBM EMU,18,29,16,0,1.6111111111111112
57265,NS PASS,7,29,8,0,4.142857142857143
57264,BVRM/VSKP PA,7,29,5,0,4.142857142857143
40025,MSB-STM EMU,18,29,16,0,1.6111111111111112
40391,MSB-TBM EMU,18,29,16,0,1.6111111111111112
40371,MSB-TBM EMU,18,29,16,0,1.6111111111111112
40370,TBM-MSB EMU,2,29,0,0,14.5
40369,MSB-TBM EMU,18,29,16,0,1.6111111111111112
40368,TBM-MSB EMU,2,29,0,0,14.5
40072,TBM-MSB EMU,18,29,16,0,1.6111111111111112
40071,MSB-TBM EMU,18,29,16,0,1.6111111111111112
40070,TBM-MSB EMU,18,29,16,0,1.6111111111111112
40069,MSB-TBM EMU,18,29,16,0,1.6111111111111112
40068,TBM-MSB EMU,18,29,16,0,1.6111111111111112
40067,MSB-TBM EMU,18,29,16,0,1.6111111111111112
40066,TBM-MSB EMU,18,29,16,0,1.6111111111111112
40065,MSB-TBM EMU,18,29,16,0,1.6111111111111112
40064,TBM-MSB EMU,18,29,16,0,1.6111111111111112
40063,MSB-TBM EMU,18,29,16,0,1.6111111111111112
40360,TBM-MSB EMU,2,29,0,0,14.5
40056,TBM-MSB EMU,18,29,17,0,1.6111111111111112
40055,MSB-TBM EMU,18,29,16,0,1.6111111111111112
40054,TBM-MSB EMU,18,29,17,0,1.6111111111111112
40053,MSB-TBM EMU,18,29,16,0,1.6111111111111112
40036,TBM-MSB EMU,18,29,17,0,1.6111111111111112
40052,TBM-MSB EMU,2,29,0,0,14.5
40051,MSB-TBM EMU,18,29,16,0,1.6111111111111112
40050,TBM-MSB EMU,18,29,17,0,1.6111111111111112
40049,MSB-TBM EMU,18,29,16,0,1.6111111111111112
40048,TBM-MSB EMU,18,29,17,0,1.6111111111111112
40047,MSB-TBM EMU,18,29,16,0,1.6111111111111112
40046,TBM-MSB EMU,18,29,17,0,1.6111111111111112
40045,MSB-TBM EMU,18,29,16,0,1.6111111111111112
40043,MSB-TBM EMU,18,29,16,0,1.6111111111111112
40374,TBM-MSB EMU,2,29,0,0,14.5
40039,MSB-TBM EMU,18,29,16,0,1.6111111111111112
40384,TBM-MSB EMU,2,29,0,0,14.5
40383,MSB-TBM EMU,18,29,16,0,1.6111111111111112
40382,TBM-MSB EMU,2,29,0,0,14.5
40381,MSB-TBM EMU,18,29,16,0,1.6111111111111112
40380,TBM-MSB EMU,2,29,0,0,14.5
40367,MSB-TBM EMU,18,29,16,0,1.6111111111111112
40351,MSB-TBM EMU,18,29,16,0,1.6111111111111112
40350,TBM-MSB EMU,2,29,0,0,14.5
40349,MSB-TBM EMU,18,29,16,0,1.6111111111111112
40348,TBM-MSB EMU,2,29,0,0,14.5
40347,MSB-TBM EMU,18,29,16,0,1.6111111111111112
40346,TBM-MSB EMU,2,29,0,0,14.5
40345,MSB-TBM EMU,18,29,16,0,1.6111111111111112
40344,TBM-MSB EMU,6,29,4,0,4.833333333333333
40375,MSB-TBM EMU,18,29,16,0,1.6111111111111112
40017,MSB-TBM EMU,18,29,16,0,1.6111111111111112
40016,TBM-MSB EMU,18,29,17,0,1.6111111111111112
40015,MSB-TBM EMU,18,29,16,0,1.6111111111111112
40014,TBM-MSB EMU,18,29,17,0,1.6111111111111112
40013,MSB-TBM EMU,18,29,16,0,1.6111111111111112
40012,TBM-MSB EMU,18,29,17,0,1.6111111111111112
40035,MSB-TBM EMU,18,29,16,0,1.6111111111111112
40034,TBM-MSB EMU,18,29,17,0,1.6111111111111112
40033,MSB-TBM EMU,18,29,16,0,1.6111111111111112
40032,TBM-MSB EMU,18,29,17,0,1.6111111111111112
40031,MSB-TBM EMU,18,29,16,0,1.6111111111111112
40030,TBM-MSB EMU,18,29,17,0,1.6111111111111112
40029,MSB-TBM EMU,18,29,16,0,1.6111111111111112
40028,TBM-MSB EMU,18,29,17,0,1.6111111111111112
40027,MSB-TBM EMU,18,29,16,0,1.6111111111111112
40026,TBM-MSB EMU,18,29,17,0,1.6111111111111112
40110,TBM-MSB EMU,2,29,0,0,14.5
40403,MSB-TBM EMU,18,29,16,0,1.6111111111111112
40402,TBM-MSB EMU,2,29,0,0,14.5
40401,MSB-TBM EMU,18,29,16,0,1.6111111111111112
40400,TBM-MSB EMU,2,29,0,0,14.5
40399,MSB-TBM EMU,18,29,16,0,1.6111111111111112
40379,MSB-TBM EMU,18,29,16,0,1.6111111111111112
40378,TBM-MSB EMU,2,29,0,0,14.5
40377,MSB-TBM EMU,18,29,16,0,1.6111111111111112
40376,TBM-MSB EMU,2,29,0,0,14.5
40366,TBM-MSB EMU,2,29,0,0,14.5
40365,MSB-TBM EMU,18,29,16,0,1.6111111111111112
40364,TBM-MSB EMU,2,29,0,0,14.5
40363,MSB-TBM EMU,18,29,16,0,1.6111111111111112
40362,TBM-MSB EMU,2,29,0,0,14.5
40361,MSB-TBM EMU,18,29,16,0,1.6111111111111112
40414,TBM-MSB EMU,2,29,0,0,14.5
40006,TBM-MSB EMU,18,29,16,0,1.6111111111111112
40005,MSB-TBM EMU,6,29,4,0,4.833333333333333
40004,TBM-MSB EMU,18,29,16,0,1.6111111111111112
40003,MSB-TBM EMU,18,29,16,0,1.6111111111111112
40002,TBM-MSB EMU,18,29,16,0,1.6111111111111112
40001,MSB-TBM EMU,18,29,16,0,1.6111111111111112
40023,MSB-PV EMU L,18,29,16,0,1.6111111111111112
40011,MSB-TBM EMU,18,29,16,0,1.6111111111111112
40010,TBM-MSB EMU,18,29,17,0,1.6111111111111112
40009,MSB-TBM EMU,18,29,16,0,1.6111111111111112
40008,TBM-MSB EMU,18,29,16,0,1.6111111111111112
40040,TBM-MSB EMU,18,29,17,0,1.6111111111111112
40404,TBM-MSB EMU,2,29,0,0,14.5
68076,BJE ADRA LOC,5,29,3,0,5.8
68075,ADRA BJE LOC,5,29,3,0,5.8
40408,TBM-MSB EMU,2,29,0,0,14.5
40398,TBM-MSB EMU,2,29,0,0,14.5
40397,MSB-TBM EMU,18,29,16,0,1.6111111111111112
40396,TBM-MSB EMU,2,29,0,0,14.5
40395,MSB-TBM EMU,18,29,16,0,1.6111111111111112
40394,TBM-MSB EMU,2,29,0,0,14.5
40393,MSB-TBM EMU,18,29,16,0,1.6111111111111112
40392,TBM-MSB EMU,2,29,0,0,14.5
40422,TBM-MSB EMU,2,29,0,0,14.5
40092,TBM-MSB EMU,2,29,0,0,14.5
40091,MSB-TBM EMU,18,29,16,0,1.6111111111111112
40090,TBM-MSB EMU,2,29,0,0,14.5
40089,MSB-TBM EMU,18,29,16,0,1.6111111111111112
40416,TBM-MSB EMU,2,29,0,0,14.5
40109,MSB-TBM EMU,18,29,16,0,1.6111111111111112
40390,TBM-MSB EMU,2,29,0,0,14.5
40106,TBM-MSB EMU,2,29,0,0,14.5
40107,MSB-TBM EMU,18,29,16,0,1.6111111111111112
40020,TBM-MSB EMU,18,29,17,0,1.6111111111111112
40018,TBM-MSB EMU,18,29,17,0,1.6111111111111112
40407,MSB-TBM EMU,18,29,16,0,1.6111111111111112
40406,TBM-MSB EMU,2,29,0,0,14.5
40405,MSB-TBM EMU,18,29,16,0,1.6111111111111112
40093,MSB-TBM EMU,18,29,16,0,1.6111111111111112
40413,MSB-TBM EMU,18,29,16,0,1.6111111111111112
40412,TBM-MSB EMU,2,29,0,0,14.5
40410,TBM-MSB EMU,2,29,0,0,14.5
40409,MSB-TBM EMU,18,29,16,0,1.6111111111111112
40116,TBM-MSB EMU,2,29,0,0,14.5
40417,MSB-TBM EMU,18,29,16,0,1.6111111111111112
40127,MSB-TBM EMU,18,29,16,0,1.6111111111111112
40108,TBM-MSB EMU,2,29,0,0,14.5
55113,SV-THE PASSE,5,28,4,0,5.6
55112,THE-SV PASSE,5,28,5,0,5.6
55111,SV-THE PASSE,5,28,5,0,5.6
55110,THE-SV PASSE,5,28,5,0,5.6
55109,SV-THE PASSE,5,28,4,0,5.6
55108,THE-SV PASSE,5,28,6,0,5.6
55107,SV-THE PASSE,5,28,5,0,5.6
76813,KIK-VLNK PAS,4,28,7,0,7.0
64443,GZB-DLI 12CA,10,28,22,0,2.8
64439,GZB-DLI 12CA,9,28,8,0,3.111111111111111
64087,NZM-NDLS 10,17,28,15,0,1.6470588235294117
73911,SGG-JMP PGR.,6,28,4,0,4.666666666666667
73464,JMP KGG DEMU,5,28,4,0,5.6
73463, KGG JMP DEM,5,28,4,0,5.6
79443,WKR - MVI,5,28,3,0,5.6
79442,MVI - WKR,5,28,3,0,5.6
79441,WKR-MVI,5,28,3,0,5.6
73462,JMP-KGG DEMU,5,28,3,0,5.6
73461,KGG-JMP DEMU,5,28,3,0,5.6
32250,DKAE-SDAH LO,9,28,7,0,3.111111111111111
32249,SDAH-DKAE LO,9,28,7,0,3.111111111111111
32248,DKAE-SDAH LO,9,28,7,0,3.111111111111111
64434,DLI-GZB 12CA,10,28,9,0,2.8
32252,DKAE-SDAH LO,9,28,7,0,3.111111111111111
32231,SDAH-DKAE LO,9,28,7,0,3.111111111111111
64418,DLI-GZB MEMU,10,28,9,0,2.8
64417,GZB-DLI MEMU,10,28,9,0,2.8
64437,GZB-DLI 12CA,9,28,8,0,3.111111111111111
32245,SDAH-DKAE LO,9,28,7,0,3.111111111111111
79451,WKR - MVI,5,28,3,0,5.6
73916,JMP-SGG PGR,2,28,0,0,14.0
98561,V 57,2,28,0,0,14.0
98559,V 55,2,28,0,0,14.0
98557,V 53,2,28,0,0,14.0
98556,V46,2,28,0,0,14.0
98555,V 51,2,28,0,0,14.0
98554,V44,2,28,0,0,14.0
98553,V 49,2,28,0,0,14.0
98552,V42,2,28,0,0,14.0
79448,MVI - WKR,6,28,4,0,4.666666666666667
79447,WKR - MVI,5,28,3,0,5.6
55114,THE-SV PASSE,5,28,5,0,5.6
98548,V38,2,28,0,0,14.0
98547,V 43,2,28,0,0,14.0
79444,MVI - WKR,5,28,3,0,5.6
79453,WKR - MVI,5,28,3,0,5.6
79452,MVI - WKR,5,28,3,0,5.6
32247,SDAH-DKAE LO,9,28,7,0,3.111111111111111
32243,SDAH-DKAE LO,9,28,7,0,3.111111111111111
32242,DKAE-SDAH LO,9,28,7,0,3.111111111111111
32241,SDAH-DKAE LO,9,28,8,0,3.111111111111111
32240,DKAE-SDAH LO,9,28,7,0,3.111111111111111
32239,SDAH-DKAE LO,9,28,7,0,3.111111111111111
32238,DKAE-SDAH LO,9,28,7,0,3.111111111111111
32237,SDAH-DKAE LO,9,28,7,0,3.111111111111111
32236,DKAE-SDAH LO,9,28,7,0,3.111111111111111
32235,SDAH-DKAE LO,9,28,7,0,3.111111111111111
32234,DKAE-SDAH LO,9,28,10,0,3.111111111111111
32233,SDAH-DKAE LO,9,28,7,0,3.111111111111111
32232,DKAE-SDAH LO,9,28,7,0,3.111111111111111
32222,DKAE-SDAH LO,9,28,7,0,3.111111111111111
98545,V 41,2,28,0,0,14.0
98544,V36,2,28,0,0,14.0
98543,V 39,2,28,0,0,14.0
98541,V 37,2,28,0,0,14.0
98540,V34,2,28,0,0,14.0
98560,V48,2,28,0,0,14.0
98537,V 33,2,28,0,0,14.0
98535,V 31,2,28,0,0,14.0
98533,V 29,2,28,0,0,14.0
98532,V32,2,28,0,0,14.0
98531,V27,2,28,0,0,14.0
98530,V30,2,28,0,0,14.0
79446,MVI - WKR,5,28,3,0,5.6
98551,V 47,2,28,0,0,14.0
98550,V40,2,28,0,0,14.0
98549,V 45,2,28,0,0,14.0
98524,V24,2,28,0,0,14.0
98523,V 21,2,28,0,0,14.0
98522,V22,2,28,0,0,14.0
98521,V19,2,28,0,0,14.0
98520,V20,2,28,0,0,14.0
98518,V18,2,28,0,0,14.0
98517,V15,2,28,0,0,14.0
98516,V16,2,28,0,0,14.0
98515,V13,2,28,0,0,14.0
32221,SDAH-DKAE LO,9,28,7,0,3.111111111111111
32220,DKAE-SDAH LO,9,28,7,0,3.111111111111111
32246,DKAE-SDAH LO,9,28,7,0,3.111111111111111
64234,LKO-BBK MEMU,5,28,3,0,5.6
32219,SDAH-DKAE LO,9,28,7,0,3.111111111111111
32218,DKAE-SDAH LO,9,28,7,0,3.111111111111111
32217,SDAH-DKAE LO,9,28,7,0,3.111111111111111
32216,DKAE-SDAH LO,9,28,7,0,3.111111111111111
32215,SDAH-DKAE LO,9,28,7,0,3.111111111111111
98529,V 25,2,28,0,0,14.0
98528,V28,2,28,0,0,14.0
98526,V26,2,28,0,0,14.0
98525,V23,2,28,0,0,14.0
32214,DKAE-SDAH LO,9,28,7,0,3.111111111111111
32213,SDAH-DKAE LO,9,28,7,0,3.111111111111111
32212,DKAE-SDAH LO,9,28,7,0,3.111111111111111
32244,DKAE-SDAH LO,9,28,7,0,3.111111111111111
98577,V73,2,28,0,0,14.0
98576,V60,2,28,0,0,14.0
98575,V71,2,28,0,0,14.0
98574,V58,2,28,0,0,14.0
98573,V 69,2,28,0,0,14.0
98572,V56,2,28,0,0,14.0
98571,V67,2,28,0,0,14.0
98510,V12,2,28,0,0,14.0
98509,V7,2,28,0,0,14.0
98508,V10,2,28,0,0,14.0
98506,V8,2,28,0,0,14.0
98505,V 5,2,28,0,0,14.0
98504,V6,2,28,0,0,14.0
34352,SPR - CG LOC,10,28,8,0,2.8
98355,BRVD7,2,28,0,0,14.0
32211,SDAH-DKAE LO,9,28,7,0,3.111111111111111
32230,DKAE-SDAH LO,9,28,7,0,3.111111111111111
32229,SDAH-DKAE LO,9,28,7,0,3.111111111111111
32228,DKAE-SDAH LO,9,28,7,0,3.111111111111111
32227,SDAH-DKAE LO,9,28,7,0,3.111111111111111
32226,DKAE-SDAH LO,9,28,7,0,3.111111111111111
32225,SDAH-DKAE LO,9,28,7,0,3.111111111111111
32224,DKAE-SDAH LO,9,28,7,0,3.111111111111111
32223,SDAH-DKAE LO,9,28,7,0,3.111111111111111
98309,BRVD1,2,28,0,0,14.0
98519,V17,2,28,0,0,14.0
98340,BRVD6,2,28,0,0,14.0
98338,BRVD4,2,28,0,0,14.0
98334,BRVD2,2,28,0,0,14.0
98329,BRVD5,2,28,0,0,14.0
98321,BRVD3,2,28,0,0,14.0
98513,V11,2,28,0,0,14.0
98512,V14,2,28,0,0,14.0
98511,V9,2,28,0,0,14.0
98539,V35,2,28,0,0,14.0
64232,LKO-BBK MEMU,5,28,3,0,5.6
64231,BBK-LKO MEMU,5,28,3,0,5.6
34360,SPR-CG LOCAL,10,28,8,0,2.8
98503,V 3,2,28,0,0,14.0
98502,V4,2,28,0,0,14.0
98501,V 1,2,28,0,0,14.0
98500,V2,2,28,0,0,14.0
98384,BRVD10,2,28,0,0,14.0
98367,BRVD9,2,28,0,0,14.0
98364,BRVD8,2,28,0,0,14.0
64956,TDL-AGC MEMU,8,28,6,0,3.5
64955,AGC-TDL MEMU,8,28,6,0,3.5
98569,V 65,2,28,0,0,14.0
98568,V54,2,28,0,0,14.0
98567,V 63,2,28,0,0,14.0
98566,V52,2,28,0,0,14.0
98565,V 61,2,28,0,0,14.0
98564,V50,2,28,0,0,14.0
98563,V 59,2,28,0,0,14.0
73914,JMP-SGG PGR,6,28,4,0,4.666666666666667
73913,SGG-JMP PGR.,2,28,0,0,14.0
73912,JMP-SGG PGR,2,28,0,0,14.0
30311,PPGT - BT LO,18,28,17,0,1.5555555555555556
77649,UR-SC DEMU,14,27,11,0,1.9285714285714286
77630,SC-UR DEMU,14,27,12,0,1.9285714285714286
55314,RMR-KPV  PAS,4,27,2,0,6.75
53323,SNDT-DHN PAS,7,27,6,0,3.857142857142857
53324,DHN-SNDT PAS,7,27,5,0,3.857142857142857
55313,KPV-RMR PASS,4,27,2,0,6.75
53333,SNDT-DHN PAS,6,27,5,0,4.5
52182,TPO-BARI-PAS,5,27,3,0,5.4
78502,BBS-CTC  PAS,8,27,6,0,3.375
77605,FM-BMO DEMU,21,27,23,0,1.2857142857142858
50119,DIVA-PNVL PA,6,27,4,0,4.5
50120,PNVL-DIVA PA,7,27,5,0,3.857142857142857
77645,UR-SC DEMU,14,27,12,0,1.9285714285714286
53334,DHN-SNDT PAS,6,27,8,0,4.5
76818,VLKN-KIK PAS,6,27,18,0,4.5
35014,BGNA BWN LOC,9,26,7,0,2.888888888888889
77608,MED-SC DEMU,14,26,12,0,1.8571428571428572
35013,BWN BGNA LOC,9,26,7,0,2.888888888888889
31726,KNJ-RHA LOCA,7,26,5,0,3.7142857142857144
77601,SC-MED DEMU,14,26,12,0,1.8571428571428572
57501,PASS,5,26,3,0,5.2
77607,SC-MED DEMU,14,26,12,0,1.8571428571428572
77616,MED-SC DEMU,14,26,12,0,1.8571428571428572
77619,SC-MED DEMU,14,26,12,0,1.8571428571428572
77615,SC-MED DEMU,14,26,12,0,1.8571428571428572
35016,BGNA BWN LOC,9,26,7,0,2.888888888888889
31722,KNJ -RHA LOC,6,26,4,0,4.333333333333333
35015,`BWN BGNA LO,9,26,7,0,2.888888888888889
31721,RHA - KNJ LO,6,26,4,0,4.333333333333333
76804,TPJ-LLI DMU,9,26,8,0,2.888888888888889
76803,LLI-TPJ  DMU,9,26,10,0,2.888888888888889
35021,BWN BGNA LOC,9,26,7,0,2.888888888888889
35020,BGNA BWN LOC,9,26,7,0,2.888888888888889
31724,KNJ-RHALOCAL,5,26,3,0,5.2
31725,RHA - KNJ,7,26,5,0,3.7142857142857144
35012,BGNA BWN LOC,9,26,7,0,2.888888888888889
35011,BWN BGNA LOC,9,26,7,0,2.888888888888889
36011,HWH-BRPA LOC,9,26,7,0,2.888888888888889
35019,BWN BGNA LOC,9,26,7,0,2.888888888888889
35022,BGNA BWN LOC,9,26,7,0,2.888888888888889
36012,BRPA-HWH LOC,9,26,7,0,2.888888888888889
76800,TPJ-LLI  DMU,9,26,7,0,2.888888888888889
57504,PASS,5,26,3,0,5.2
31723,RHA-KNJ LOCA,6,26,4,0,4.333333333333333
47121,HYB-LPI,13,25,11,0,1.9230769230769231
55371,PBE-MJZ PASS,3,25,2,0,8.333333333333334
55374,MJZ-PBE PASS,3,25,2,0,8.333333333333334
55373,PBE-MJZ PASS,3,25,2,0,8.333333333333334
55372,MJZ-PBE,3,25,2,0,8.333333333333334
47123,HYB-LPI,13,25,11,0,1.9230769230769231
74664,ATT-ASR DMU,4,25,2,0,6.25
74663,ATT-ASR DMU,4,25,2,0,6.25
30116,BP-BBDB LOCA,14,25,12,0,1.7857142857142858
33432,BT-SDAH LOCA,11,25,9,0,2.272727272727273
31214,BP-SDAH LOCA,5,25,3,0,5.0
31215,SDAH-BP LOCA,5,25,3,0,5.0
33434,BT - SDAH LO,11,25,9,0,2.272727272727273
33436,BT -SDAH LOC,11,25,9,0,2.272727272727273
33438,BT -SDAH LOC,11,25,9,0,2.272727272727273
33440,BT -SDAH LOC,11,25,9,0,2.272727272727273
43123,MMC-PTMS EMU,9,25,7,0,2.7777777777777777
74661,ATT-ASR DMU,4,25,4,0,6.25
47113,HYB-LPI,13,25,11,0,1.9230769230769231
47122,HYB-LPI,13,25,11,0,1.9230769230769231
31239,SDAH - BP LO,9,25,7,0,2.7777777777777777
31236,BP-SDAH LOCA,9,25,7,0,2.7777777777777777
31240,BP-SDAH,9,25,7,0,2.7777777777777777
31237,SDAH BP LOCA,9,25,7,0,2.7777777777777777
31238,BP-SDAH LOCA,9,25,7,0,2.7777777777777777
47106,HYB-LPI,13,25,11,0,1.9230769230769231
47105,HYB-LPI,13,25,11,0,1.9230769230769231
31232,BP -SDAH LOC,9,25,7,0,2.7777777777777777
77282,TEL-GNT,5,25,3,0,5.0
47104,HYB-LPI,13,25,11,0,1.9230769230769231
47103,HYB-LPI,13,25,11,0,1.9230769230769231
31229,SDAH - BP LO,9,25,7,0,2.7777777777777777
31230,BP-SDAH LOCA,9,25,7,0,2.7777777777777777
31231,SDAH-BPLOCAL,9,25,7,0,2.7777777777777777
47208,HYB-FM,17,25,16,0,1.4705882352941178
77285,GNT-TEL,5,25,3,0,5.0
47206,HYB-SC,17,25,16,0,1.4705882352941178
77288,TEL-GNT,5,25,3,0,5.0
31235,SDAH - BP LO,9,25,7,0,2.7777777777777777
31233,SDAH-BP LOCA,9,25,7,0,2.7777777777777777
31234,BP-SDAH LOCA,9,25,7,0,2.7777777777777777
47209,HYB-FM,17,25,16,0,1.4705882352941178
31241,SDAH -BP LOC,9,25,7,0,2.7777777777777777
31226,BP -SDAH LOC,9,25,7,0,2.7777777777777777
31225,SDAH-BPLOCAL,9,25,7,0,2.7777777777777777
31227,SDAH - BP LO,9,25,7,0,2.7777777777777777
31228,BP-SDAH LOCA,9,25,7,0,2.7777777777777777
74662,ATT-ASR DMU,4,25,4,0,6.25
77290,PASS,5,25,3,0,5.0
64410,DLI-GZB 12CA,8,25,6,0,3.125
64098,SSB-NZM EMU,14,25,12,0,1.7857142857142858
64093,NZM-NDLS 10,14,25,12,0,1.7857142857142858
43127,MMC-PTMS EMU,8,25,6,0,3.125
64096,SSB-NZM,14,25,12,0,1.7857142857142858
64094,SSB-NZM 10 C,14,25,12,0,1.7857142857142858
67255,PUSHPULL,5,25,3,0,5.0
67258,PUSHPULL,5,25,3,0,5.0
47108,HYB-LPI,13,25,11,0,1.9230769230769231
47107,HYB-LPI,13,25,11,0,1.9230769230769231
77604,BMO-FM DEMU,20,25,18,0,1.25
64415,GZB-NDLS EMU,6,25,4,0,4.166666666666667
31213,SDAH-BP LOCA,4,25,2,0,6.25
77250,PASS,5,25,3,0,5.0
64426,NDLS-GZB 12C,8,25,6,0,3.125
77245,TEL PASS,5,25,3,0,5.0
64422,NDLS-GZB,6,25,4,0,4.166666666666667
64423,GZB-NDLS EMU,7,25,5,0,3.5714285714285716
64424,NDLS-GZB EMU,7,25,5,0,3.5714285714285716
64425,GZB-NDLS 12C,8,25,6,0,3.125
31216,BP-SDAH LOCA,9,25,7,0,2.7777777777777777
31217,SDAH - BP LO,9,25,7,0,2.7777777777777777
31218,BP-SDAH LOCA,7,25,5,0,3.5714285714285716
64427,GZB-NDLS 12C,8,25,6,0,3.125
64428,NDLS-GZB EMU,7,25,5,0,3.5714285714285716
64429,GZB-NDLS 12C,8,25,6,0,3.125
64430,NDLS-GZB,7,25,5,0,3.5714285714285716
64431,GZB-NDLS EMU,7,25,5,0,3.5714285714285716
64432,NDLS-GZB EMU,7,25,5,0,3.5714285714285716
64433,GZB-NDLS EMU,8,25,6,0,3.125
43125,MMC-PTMS EMU,8,25,6,0,3.125
64421,GZB-NDLS 12C,6,25,4,0,4.166666666666667
47114,HYB-LPI,13,25,11,0,1.9230769230769231
31212,BP-SDAH LOCA,9,25,7,0,2.7777777777777777
31211,SDAH-BP LOCA,9,25,7,0,2.7777777777777777
31224,BP-SDAH LOCA,9,25,7,0,2.7777777777777777
31223,SDAH - BP LO,9,25,7,0,2.7777777777777777
31222,BP-SDAH LOCA,9,25,7,0,2.7777777777777777
31221,SDAH - BP LO,9,25,7,0,2.7777777777777777
31220,BP-SDAH LOCA,9,25,7,0,2.7777777777777777
31219,SDAH - BP LO,9,25,7,0,2.7777777777777777
56205,NTW-MYS PASS,7,25,5,0,3.5714285714285716
47117,HYB-LPI,13,25,11,0,1.9230769230769231
56206,MYS-NTW PASS,7,25,5,0,3.5714285714285716
47119,HYB-LPI,13,25,11,0,1.9230769230769231
47118,HYB-LPI,13,25,11,0,1.9230769230769231
47115,HYB-LPI,13,25,11,0,1.9230769230769231
47116,HYB-LPI,13,25,11,0,1.9230769230769231
47101,HYB-LPI,13,25,11,0,1.9230769230769231
47100,HYB-LPI,13,25,11,0,1.9230769230769231
47124,HYB-LPI,13,25,11,0,1.9230769230769231
47120,HYB-LPI,13,25,11,0,1.9230769230769231
64450,NDLS-GZB LAD,8,25,6,0,3.125
64449,GZB-NDLS LAD,8,25,6,0,3.125
64441,GZB-DLI 12CA,7,25,5,0,3.5714285714285716
47102,HYB-LPI,13,25,11,0,1.9230769230769231
33402,BT-SDAH MATR,11,25,9,0,2.272727272727273
47112,HYB-LPI,13,25,11,0,1.9230769230769231
47111,HYB-LPI,13,25,11,0,1.9230769230769231
47110,HYB-LPI,13,25,11,0,1.9230769230769231
47109,HYB-LPI,13,25,11,0,1.9230769230769231
55376,MJZ-PBE PASS,3,25,2,0,8.333333333333334
55375,PBE-MJZ PASS,3,25,2,0,8.333333333333334
47125,HYB-LPI,13,25,11,0,1.9230769230769231
54390,KOTDEWAR NBD,3,24,2,0,8.0
24042,KTW-NBD,3,24,2,0,8.0
24041,NBD-KTW EXPR,3,24,2,0,8.0
30413,BBDB - SDAH,11,24,32,0,2.1818181818181817
30412,SDAH - BBDB,11,24,15,0,2.1818181818181817
30411,BBDB - SDAH,11,24,20,0,2.1818181818181817
30451,KOAA-SDAH LO,11,24,15,0,2.1818181818181817
30416,SDAH - BBDB,11,24,16,0,2.1818181818181817
30414,SDAH - BBDB,11,24,13,0,2.1818181818181817
54092,KTW-NBD PASS,3,24,2,0,8.0
54091,NBD-KTW,3,24,2,0,8.0
38102,ULB - SRC EM,9,24,7,0,2.6666666666666665
38107,SRC-ULB EMU,9,24,7,0,2.6666666666666665
38101,SRC-ULB,9,24,7,0,2.6666666666666665
97384,DT2,10,24,8,0,2.4
97375,DT1,10,24,8,0,2.4
97406,DT4,10,24,8,0,2.4
97410,DT6,10,24,8,0,2.4
97409,DT3,10,24,8,0,2.4
47202,FM-HYB,17,24,16,0,1.411764705882353
47201,FM-HYB,17,24,16,0,1.411764705882353
47200,FM-HYB,17,24,16,0,1.411764705882353
47199,FM-HYB,17,24,16,0,1.411764705882353
47197,FM-HYB,17,24,16,0,1.411764705882353
97424,DT10,10,24,8,0,2.4
97420,DT8,10,24,8,0,2.4
97415,DT5,10,24,8,0,2.4
37394,AMBG TAK LOC,5,24,3,0,4.8
37392,GOGHAT-TARAK,3,24,1,0,8.0
37391,TAK AMBG LOC,5,24,3,0,4.8
37390,GOGHAT-TAK L,3,24,1,0,8.0
37389,TAK-GOGT LOC,3,24,1,0,8.0
37388,AMBG TAK LOC,5,24,3,0,4.8
37387,TAK AMBG LOC,5,24,3,0,4.8
37386,AMBG-TAK LOC,3,24,1,0,8.0
37385,TAK-AMBG LOC,3,24,1,0,8.0
33447,SDAH - BT LO,11,24,9,0,2.1818181818181817
33445,SDAH - BT LO,11,24,9,0,2.1818181818181817
33431,SDAH - BT LO,11,24,9,0,2.1818181818181817
33401,SDAH-BT MATR,11,24,9,0,2.1818181818181817
33443,SDAH - BT LO,11,24,9,0,2.1818181818181817
33441,SDAH-BT LOCA,11,24,9,0,2.1818181818181817
33439,SDAH - BT LO,11,24,9,0,2.1818181818181817
33437,SDAH - BT LO,11,24,9,0,2.1818181818181817
33435,SDAH - BT LO,11,24,9,0,2.1818181818181817
33433,SDAH - BT LO,11,24,9,0,2.1818181818181817
97442,DT14,10,24,8,0,2.4
97430,DT12,10,24,8,0,2.4
97429,DT7,10,24,8,0,2.4
34615,BRP - SDAH L,11,24,9,0,2.1818181818181817
34614,SDAH - BRP L,11,24,9,0,2.1818181818181817
55710,OMLF-SQB PAS,4,24,3,0,6.0
55709,SQB-OMLF PAS,4,24,3,0,6.0
34622,SDAH - BRP L,11,24,9,0,2.1818181818181817
34621,BRP - SDAH L,11,24,9,0,2.1818181818181817
34620,SDAH - BRP L,11,24,9,0,2.1818181818181817
34619,BRP - SDAH L,11,24,9,0,2.1818181818181817
34618,SDAH - BRP L,11,24,9,0,2.1818181818181817
34617,BRP - SDAH L,11,24,9,0,2.1818181818181817
34616,SDAH - BRP L,11,24,9,0,2.1818181818181817
34613,BRP - SDAH L,11,24,9,0,2.1818181818181817
34612,SDAH - BRP L,11,24,9,0,2.1818181818181817
34611,BRP - SDAH L,11,24,9,0,2.1818181818181817
34602,SDAH - BRP L,11,24,9,0,2.1818181818181817
34601,BRP - SDAH L,11,24,9,0,2.1818181818181817
34638,SDAH - BRP L,11,24,9,0,2.1818181818181817
34637,BRP - SDAH L,11,24,9,0,2.1818181818181817
34636,SDAH - BRP L,11,24,9,0,2.1818181818181817
34635,BRP - SDAH L,11,24,9,0,2.1818181818181817
34634,SDAH - BRP L,11,24,9,0,2.1818181818181817
34633,BRP - SDAH L,11,24,9,0,2.1818181818181817
34632,SDAH - BRP L,11,24,9,0,2.1818181818181817
34640,SDAH - BRP L,11,24,9,0,2.1818181818181817
34639,BRP - SDAH L,11,24,9,0,2.1818181818181817
34631,BRP - SDAH L,11,24,9,0,2.1818181818181817
34630,SDAH - BRP L,11,24,9,0,2.1818181818181817
34629,BRP - SDAH L,11,24,9,0,2.1818181818181817
34628,SDAH - BRP L,11,24,9,0,2.1818181818181817
34627,BRP - SDAH L,11,24,9,0,2.1818181818181817
34626,SDAH - BRP L,10,24,8,0,2.4
34625,BRP - SDAH L,11,24,9,0,2.1818181818181817
34624,SDAH - BRP L,11,24,9,0,2.1818181818181817
34623,BRP - SDAH L,11,24,9,0,2.1818181818181817
34648,SDAH - BRP L,11,24,9,0,2.1818181818181817
34647,BRP - SDAH L,11,24,9,0,2.1818181818181817
34646,SDAH - BRP L,11,24,9,0,2.1818181818181817
34645,BRP - SDAH L,11,24,9,0,2.1818181818181817
34644,SDAH - BRP L,11,24,9,0,2.1818181818181817
34643,BRP - SDAH L,11,24,9,0,2.1818181818181817
34642,SDAH - BRP L,11,24,9,0,2.1818181818181817
34641,BRP - SDAH L,11,24,9,0,2.1818181818181817
54389,NBD KTW PASS,3,24,2,0,8.0
54388,KOTDEWAR NBD,3,24,2,0,8.0
54387,NBD KTW PASS,3,24,2,0,8.0
54386,KTW NBD PASS,3,24,2,0,8.0
54385,NBD KTW PASS,3,24,2,0,8.0
40019,MSB-TBM EMU,15,23,13,0,1.5333333333333334
40044,PV-MSB EMU L,2,23,0,0,11.5
64409,GZB-NDLS 10C,7,23,9,0,3.2857142857142856
99100,TBR2,2,23,0,0,11.5
99101,T BR 1,2,23,0,0,11.5
47134,LPI-HYB,13,23,11,0,1.7692307692307692
47132,LPI-HYB,13,23,11,0,1.7692307692307692
47133,HYB-LPI,13,23,11,0,1.7692307692307692
47135,LPI-HYB,13,23,11,0,1.7692307692307692
47146,LPI-HYB,13,23,11,0,1.7692307692307692
47140,LPI-HYB,13,23,11,0,1.7692307692307692
99107,TBR7,2,23,0,0,11.5
99105,TBR 5,2,23,0,0,11.5
99104,TBR6,2,23,0,0,11.5
99103,TBR 3,2,23,0,0,11.5
99102,TBR4,2,23,0,0,11.5
47126,LPI-HYB,13,23,11,0,1.7692307692307692
47127,LPI-HYB,13,23,11,0,1.7692307692307692
47128,LPI-HYB,13,23,11,0,1.7692307692307692
47129,LPI-HYB,13,23,11,0,1.7692307692307692
47130,LPI-HYB,13,23,11,0,1.7692307692307692
47142,HYB-LPI,13,23,11,0,1.7692307692307692
47141,LPI-HYB,13,23,11,0,1.7692307692307692
47145,LPI-HYB,13,23,11,0,1.7692307692307692
47139,LPI-HYB,13,23,11,0,1.7692307692307692
47143,LPI-HYB,13,23,11,0,1.7692307692307692
47144,LPI-HYB,13,23,11,0,1.7692307692307692
47138,LPI-HYB,13,23,11,0,1.7692307692307692
47148,HYB-LPI,13,23,11,0,1.7692307692307692
47147,LPI-HYB,13,23,11,0,1.7692307692307692
47136,LPI-HYB,13,23,11,0,1.7692307692307692
47137,LPI-HYB,13,23,11,0,1.7692307692307692
47131,LPI-HYB,13,23,11,0,1.7692307692307692
43613,MSB-AVD EMU,8,22,6,0,2.75
43611,MSB-AVD EMU,2,22,0,0,11.0
43615,MSB-AVD EMU,8,22,6,0,2.75
43650,AVD-MSB EMU,8,22,6,0,2.75
43612,AVD-MSB EMU,12,22,10,0,1.8333333333333333
54482,RKSH - HW PA,5,22,6,0,4.4
56044,TCR-GUV PASS,3,22,1,0,7.333333333333333
43601,MSB-AVD EMU,12,22,10,0,1.8333333333333333
54483,HW-RKSH PASS,5,22,6,0,4.4
54484,RKSH-HW PASS,5,22,6,0,4.4
54485,HW-RKSH PASS,5,22,6,0,4.4
54486,RKSH-HW PASS,5,22,6,0,4.4
43602,AVD-MSB EMU,12,22,10,0,1.8333333333333333
56043,GUV-TCR PASS,3,22,1,0,7.333333333333333
47195,LPI-SC,12,22,10,0,1.8333333333333333
58717,KENDRI-RAJIM,4,22,6,0,5.5
43616,AVD-MSB EMU,12,22,10,0,1.8333333333333333
56373,GUV-TCR PASS,3,22,1,0,7.333333333333333
37048,SHE-HWH LOCA,10,22,8,0,2.2
37046,SHE-HWH LOCA,10,22,8,0,2.2
56374,GUV-TCR PASS,3,22,1,0,7.333333333333333
37068,SHE-HWH LOCA,10,22,8,0,2.2
37042,SHE-HWH LOCA,10,22,8,0,2.2
37064,SHE-HWH LOCA,10,22,8,0,2.2
37065,HWH-SHE LOCA,10,22,8,0,2.2
37061,HWH-SHE LOCA,10,22,8,0,2.2
37060,SHE-HWH LOCA,10,22,8,0,2.2
37063,HWH-SHE LOCA,10,22,8,0,2.2
37047,HWH-SHE LOCA,10,22,8,0,2.2
37041,HWH-SHE LOCA,10,22,8,0,2.2
37066,SHE-HWH LOCA,10,22,8,0,2.2
37053,HWH-SHE LOCA,10,22,8,0,2.2
37058,SHE-HWH LOCA,10,22,8,0,2.2
54481,HW - RKSH PA,5,22,6,0,4.4
57131,PASSENGER,12,22,14,0,1.8333333333333333
37057,HWH- SHE LOC,10,22,8,0,2.2
37056,SHE-HWH LOCA,10,22,10,0,2.2
37055,HWH-SHE LOCA,10,22,8,0,2.2
37054,SHE-HWH LOCA,10,22,8,0,2.2
37050,SHE-HWH LOCA,10,22,8,0,2.2
37043,HWH-SHE LOCA,10,22,8,0,2.2
37044,SHE-HWH LOCA,10,22,8,0,2.2
37045,SHE-HWH LOCA,10,22,8,0,2.2
37049,HWH-SHE LOCA,10,22,8,0,2.2
37062,SHE-HWH LOCA,10,22,8,0,2.2
37067,HWH-SHE LOCA,10,22,8,0,2.2
43618,AVD-MSB EMU,12,22,10,0,1.8333333333333333
43608,AVD-MSB EMU,12,22,10,0,1.8333333333333333
43607,MSB-AVD EMU,12,22,10,0,1.8333333333333333
51239,AMLA BZU PAS,4,22,2,0,5.5
58718,RAJIM-KENDRI,4,22,6,0,5.5
51240,BZU AMLA PAS,4,22,2,0,5.5
43622,AVD-MSB EMU,12,22,10,0,1.8333333333333333
43620,AVD-MSB EMU,12,22,10,0,1.8333333333333333
43614,AVD-MSB EMU,12,22,10,0,1.8333333333333333
43605,MSB-AVD EMU,12,22,10,0,1.8333333333333333
33351,BT - HB LOCA,7,22,5,0,3.142857142857143
43606,AVD-MSB EMU,12,22,10,0,1.8333333333333333
43610,AVD-MSB EMU,12,22,10,0,1.8333333333333333
43603,MSB-AVD EMU,12,22,10,0,1.8333333333333333
43604,AVD-MSB EMU,12,22,10,0,1.8333333333333333
96501,TLAN1,4,21,2,0,5.25
4802,MKN PBC PASS,3,21,1,0,7.0
79326,MHOW INDB DE,6,21,6,0,3.5
37711,BDC-PDA LOCA,6,21,4,0,3.5
79315,DAND INDB DM,6,21,6,0,3.5
79312,INDB DADN DE,6,21,6,0,3.5
79308,INDB DADN DM,6,21,4,0,3.5
79311,DADN INDB DM,6,21,6,0,3.5
79307,DADN INDB DE,6,21,4,0,3.5
79321,INDB MHOW DE,6,21,6,0,3.5
79316,INDB DADN DE,6,21,6,0,3.5
79322,MHOW INDB DE,6,21,6,0,3.5
79319,INDB MHOW DE,6,21,6,0,3.5
79320,MHOW INDB DE,6,21,6,0,3.5
4801,PBC MKN PASS,3,21,1,0,7.0
79324,MHOW INDB DM,6,21,6,0,3.5
79325,INDB-MHOW DE,6,21,6,0,3.5
79323,INDB MHOW DE,6,21,6,0,3.5
43020,AVD-MMC EMU,11,21,9,0,1.9090909090909092
66542,SBC-WFD MEMU,7,21,7,0,3.0
66541,WFD-SBC MEMU,7,21,5,0,3.0
43018,AVD-MMC EMU,11,21,9,0,1.9090909090909092
43002,AVD-MMC EMU,11,21,9,0,1.9090909090909092
43006,AVD-MMC EMU,11,21,9,0,1.9090909090909092
43008,AVD-MMC EMU,11,21,9,0,1.9090909090909092
54822,MKN PBC PASS,2,21,0,0,10.5
98601,M 1,2,21,0,0,10.5
55569,DMH-SHC PASS,3,21,2,0,7.0
98602,M4,2,21,0,0,10.5
98600,M2,2,21,0,0,10.5
66006,AVD-MMC PASS,11,21,9,0,1.9090909090909092
43016,AVD-MMC EMU,11,21,9,0,1.9090909090909092
43014,AVD-MMC EMU,11,21,9,0,1.9090909090909092
55570,SHC-DMH PASS,3,21,2,0,7.0
66000,AVD-MMC,7,21,5,0,3.0
98603,M 3,2,21,0,0,10.5
66002,AVD-MMC MEMU,7,21,5,0,3.0
66004,AVD-MMC PASS,7,21,5,0,3.0
43022,AVD-MMC EMU,11,21,9,0,1.9090909090909092
64411,SBB-DLI  EMU,8,21,7,0,2.625
66052,AVD-MMC MEMU,7,21,5,0,3.0
99237,TNU 37,2,20,0,0,10.0
99229,TNU 29,2,20,0,0,10.0
99228,TNU30,2,20,0,0,10.0
99227,TNU 27,2,20,0,0,10.0
99230,TNU32,2,20,0,0,10.0
99254,TNU56,2,20,0,0,10.0
99236,TNU38,2,20,0,0,10.0
99235,TNU 35,2,20,0,0,10.0
99234,TNU36,2,20,0,0,10.0
99241,TNU 41,2,20,0,0,10.0
99240,TNU42,2,20,0,0,10.0
99239,TNU 39,2,20,0,0,10.0
99246,TNU48,2,20,0,0,10.0
99253,TNU 53,2,20,0,0,10.0
99252,TNU54,2,20,0,0,10.0
99251,TNU 51,2,20,0,0,10.0
99250,TNU52,2,20,0,0,10.0
99249,TNU 49,2,20,0,0,10.0
99248,TNU50,2,20,0,0,10.0
99247,TNU 47,2,20,0,0,10.0
99242,TNU44,2,20,0,0,10.0
99245,TNU 45,2,20,0,0,10.0
99244,TNU46,2,20,0,0,10.0
99243,TNU 43,2,20,0,0,10.0
33421,SDAH-MMG LOC,9,20,7,0,2.2222222222222223
31261,BNXR - BP LO,9,20,8,0,2.2222222222222223
97152,TK16,8,20,6,0,2.5
55145,SRU-BHJ  PAS,5,20,3,0,4.0
63275,BJU-MKA MEMU,6,20,4,0,3.3333333333333335
31781,RHA-STB LOCA,6,20,4,0,3.3333333333333335
31783,RHA-STB LOCA,5,20,3,0,4.0
63273,BJU-MKA MEMU,6,20,5,0,3.3333333333333335
55146,BHJ-SRU PASS,5,20,3,0,4.0
97130,TK12,8,20,6,0,2.5
97118,TK10,8,20,7,0,2.5
97150,TK14,8,20,5,0,2.5
99255,TNU 55,2,20,0,0,10.0
33422,MMG - SDAH L,9,20,7,0,2.2222222222222223
99224,TNU26,2,20,0,0,10.0
99225,TNU 25,2,20,0,0,10.0
99226,TNU28,2,20,0,0,10.0
99223,TNU 23,2,20,0,0,10.0
99220,TNU22,2,20,0,0,10.0
99221,TNU 21,2,20,0,0,10.0
99222,TNU24,2,20,0,0,10.0
99219,TNU 19,2,20,0,0,10.0
99216,TNU18,2,20,0,0,10.0
99217,TNU 17,2,20,0,0,10.0
99218,TNU20,2,20,0,0,10.0
99214,TNU16,2,20,0,0,10.0
99213,TNU 13,2,20,0,0,10.0
99212,TNU14,2,20,0,0,10.0
99215,TNU 15,2,20,0,0,10.0
99211,TNU 11,2,20,0,0,10.0
99208,TNU10,2,20,0,0,10.0
99209,TNU 9,2,20,0,0,10.0
99210,TNU12,2,20,0,0,10.0
99233,TNU 33,2,20,0,0,10.0
99232,TNU34,2,20,0,0,10.0
99231,TNU 31,2,20,0,0,10.0
99238,TNU40,2,20,0,0,10.0
99200,TNU2,2,20,0,0,10.0
99207,TNU 7,2,20,0,0,10.0
51458,DWR-UBL PASS,2,20,0,0,10.0
99202,TNU4,2,20,0,0,10.0
43831,AVD-TRL EMU,5,20,3,0,4.0
43832,TRL-AVD EMU,8,20,6,0,2.5
99205,T NU5,2,20,0,0,10.0
99206,TNU8,2,20,0,0,10.0
99204,TNU6,2,20,0,0,10.0
99203,TNU3,2,20,0,0,10.0
99201,T NU 1,2,20,0,0,10.0
55106,BHJ-SRU PASS,5,20,3,0,4.0
66054,TRL-MSB EMU,5,20,3,0,4.0
66051,MMC-AVD MEMU,7,20,5,0,2.857142857142857
66007,MMC-AVD EMU,7,20,5,0,2.857142857142857
66003,MMC-AVD MEMU,7,20,5,0,2.857142857142857
66005,MMC-AVDPASSR,7,20,5,0,2.857142857142857
55105,SRU-BHJ PASS,5,20,3,0,4.0
98013,VPL3,2,20,0,0,10.0
98021,VPL3,2,20,0,0,10.0
43013,MMC-AVD EMU,11,20,9,0,1.8181818181818181
43023,MMCC-AVD EMU,11,20,9,0,1.8181818181818181
43025,MMCC-AVD,7,20,5,0,2.857142857142857
43029,MMCC-AVD,7,20,5,0,2.857142857142857
97086,TK6,8,20,6,0,2.5
43011,MMC-AVD EMU,11,20,9,0,1.8181818181818181
43009,MMC-AVD EMU,11,20,9,0,1.8181818181818181
97033,TK1,8,20,6,0,2.5
43015,MMC-AVD EMU,11,20,9,0,1.8181818181818181
43007,MMC-AVD EMU,11,20,9,0,1.8181818181818181
43003,MMC-AVD EMU,11,20,9,0,1.8181818181818181
97094,TK8,8,20,6,0,2.5
43005,MMC-AVD EMU,11,20,9,0,1.8181818181818181
97056,TK4,8,20,6,0,2.5
43017,MMC-AVD EMU,11,20,9,0,1.8181818181818181
97073,TK3,8,20,6,0,2.5
43001,MMC-AVD EMU,11,20,9,0,1.8181818181818181
43021,MMC-AVD EMU,7,20,5,0,2.857142857142857
43019,MMC-AVD EMU,11,20,9,0,1.8181818181818181
98166,VPL2,2,20,0,0,10.0
98200,VPL4,2,20,0,0,10.0
56902,DWR-UBL PASS,5,20,3,0,4.0
56907,UBL - DWR PA,5,20,3,0,4.0
97046,TK2,8,20,6,0,2.5
57590,NSL PASS,3,19,2,0,6.333333333333333
98514,VVD2,2,19,0,0,9.5
37020,SRP-HWH LOCA,9,19,7,0,2.111111111111111
37011,HWH-SRP LOCA,9,19,7,0,2.111111111111111
98558,VVD8,2,19,0,0,9.5
98546,VVD6,2,19,0,0,9.5
98507,VVD1,2,19,0,0,9.5
37022,SRP-HWH LOCA,9,19,7,0,2.111111111111111
37021,HWH-SHRIRAMP,9,19,7,0,2.111111111111111
98562,VVD10,2,19,0,0,9.5
98578,VVD14,2,19,0,0,9.5
98570,VVD12,2,19,0,0,9.5
98527,VVD3,2,19,0,0,9.5
98538,VVD4,2,19,0,0,9.5
37013,HWH-SRP LOCA,9,19,7,0,2.111111111111111
37014,SRP-HWH LOCA,9,19,7,0,2.111111111111111
37017,HWH-SHRIRAMP,9,19,7,0,2.111111111111111
37018,SRP-HWH LOCA,9,19,7,0,2.111111111111111
37019,HWH-SHRIRAMP,9,19,7,0,2.111111111111111
37012,SRP-HWH LOCA,9,19,7,0,2.111111111111111
64403,GZB-DLI 12CA,5,19,3,0,3.8
64404,DLI-GZB 12CA,5,19,3,0,3.8
64401,GZB-DLI 12CA,5,19,3,0,3.8
64414,DLI-GZB EMU,5,19,3,0,3.8
64412,DLI-GZB MEMU,5,19,3,0,3.8
64402,DLI-GZB 12CA,5,19,3,0,3.8
64406,DLI-GZB 12CA,5,19,3,0,3.8
64445,GZB-NDLS,5,19,3,0,3.8
97502,G2,12,19,10,0,1.5833333333333333
97501,G1,12,19,10,0,1.5833333333333333
97504,G4,12,19,10,0,1.5833333333333333
97503,G3,12,19,10,0,1.5833333333333333
73214,DDG-PNBE-PTG,12,19,17,0,1.5833333333333333
73213,PTG-PNBE-DDG,12,19,32,0,1.5833333333333333
98580,VVD16,2,19,0,0,9.5
64408,DLI-GZB 12CA,5,19,3,0,3.8
64407,GZB-DLI EMU,5,19,3,0,3.8
31782,STB-RHA LOCA,6,19,4,0,3.1666666666666665
31786,STB-RHA LOCA,5,19,3,0,3.8
31784,STB-RHA LOCA,5,19,3,0,3.8
99470,TV72,2,18,0,0,9.0
99469,TV 69,2,18,0,0,9.0
99468,TV70,2,18,0,0,9.0
99451,TV 51,2,18,0,0,9.0
99452,TV54,2,18,0,0,9.0
99453,TV 53,2,18,0,0,9.0
99454,TV56,2,18,0,0,9.0
99475,TV 75,2,18,0,0,9.0
99474,TV76,2,18,0,0,9.0
99473,TV 73,2,18,0,0,9.0
99472,TV74,2,18,0,0,9.0
99471,TV 71,2,18,0,0,9.0
99466,TV68,2,18,0,0,9.0
99490,TV92,2,18,0,0,9.0
99491,TV 91,2,18,0,0,9.0
99476,TV78,2,18,0,0,9.0
99477,TV 77,2,18,0,0,9.0
99478,TV80,2,18,0,0,9.0
99479,TV 79,2,18,0,0,9.0
99450,TV52,2,18,0,0,9.0
99449,TV 49,2,18,0,0,9.0
99448,TV50,2,18,0,0,9.0
99447,TV 47,2,18,0,0,9.0
99480,TV82,2,18,0,0,9.0
99481,TV 81,2,18,0,0,9.0
99482,TV84,2,18,0,0,9.0
99483,TV 83,2,18,0,0,9.0
99433,TV 33,2,18,0,0,9.0
99432,TV34,2,18,0,0,9.0
99431,TV 31,2,18,0,0,9.0
56143,ONR-UAM PASS,6,18,4,0,3.0
99484,TV86,2,18,0,0,9.0
99465,TV 65,2,18,0,0,9.0
99493,TV 93,2,18,0,0,9.0
99492,TV94,2,18,0,0,9.0
99498,TV100,2,18,0,0,9.0
53647,DLN-TRG PASS,4,18,2,0,4.5
53643,DLN-TRG PASS,4,18,4,0,4.5
53644,TRG-DLN PASS,4,18,4,0,4.5
99495,TV 95,2,18,0,0,9.0
99496,TV98,2,18,0,0,9.0
99497,TV97,2,18,0,0,9.0
99494,TV96,2,18,0,0,9.0
99455,TV 55,2,18,0,0,9.0
99456,TV58,2,18,0,0,9.0
99457,TV 57,2,18,0,0,9.0
99458,TV60,2,18,0,0,9.0
99489,TV 89,2,18,0,0,9.0
99502,TV104,2,18,0,0,9.0
99503,TV 103,2,18,0,0,9.0
72176,BDB-MTJ,4,18,2,0,4.5
72180,BDB-MTJ,4,18,2,0,4.5
99499,TV 99,2,18,0,0,9.0
72172,MTJ-BDB,4,18,2,0,4.5
72171,RAILBUS,4,18,2,0,4.5
72179,MTJ-BDB,4,18,2,0,4.5
72178,BDB-MTJ,4,18,2,0,4.5
72177,MTJ-BDB,4,18,2,0,4.5
53646,TRG-DLN PASS,4,18,3,0,4.5
33291,DDJ-DKAE LOC,7,18,5,0,2.5714285714285716
54267,MGS-BSB PASS,4,18,2,0,4.5
54268,BSB-MGS PASS,4,18,2,0,4.5
99403,TV 3,2,18,0,0,9.0
72175,RAILBUS,4,18,2,0,4.5
99488,TV90,2,18,0,0,9.0
99487,TV 87,2,18,0,0,9.0
53648,TRG-DLN PASS,4,18,4,0,4.5
99406,TV8,2,18,0,0,9.0
99412,TV14,2,18,0,0,9.0
99413,TV 13,2,18,0,0,9.0
99414,TV16,2,18,0,0,9.0
99411,TV 11,2,18,0,0,9.0
99408,TV10,2,18,0,0,9.0
99409,TV 9,2,18,0,0,9.0
99410,TV12,2,18,0,0,9.0
99401,TV 1,2,18,0,0,9.0
99400,TV2,2,18,0,0,9.0
63276,MKA-BJU MEMU,7,18,6,0,2.5714285714285716
54270,BSB-MGSPASSE,4,18,2,0,4.5
99407,TV 7,2,18,0,0,9.0
99404,TV6,2,18,0,0,9.0
99405,TV 5,2,18,0,0,9.0
99402,TV4,2,18,0,0,9.0
63274,MKA-BJU MEMU,7,18,6,0,2.5714285714285716
99429,TV 29,2,18,0,0,9.0
99430,TV32,2,18,0,0,9.0
99500,TV102,2,18,0,0,9.0
72174,RAILBUS,4,18,2,0,4.5
99501,TV 101,2,18,0,0,9.0
53645,DLN-TRG PASS,4,18,3,0,4.5
72173,MTJ-BDB,4,18,2,0,4.5
99459,TV 59,2,18,0,0,9.0
99462,TV64,2,18,0,0,9.0
99461,TV 61,2,18,0,0,9.0
99460,TV62,2,18,0,0,9.0
99486,TV88,2,18,0,0,9.0
99467,TV 67,2,18,0,0,9.0
99464,TV66,2,18,0,0,9.0
99463,TV 63,2,18,0,0,9.0
99421,TV 21,2,18,0,0,9.0
99422,TV24,2,18,0,0,9.0
99423,TV 23,2,18,0,0,9.0
99424,TV26,2,18,0,0,9.0
99425,TV 25,2,18,0,0,9.0
99426,TV28,2,18,0,0,9.0
99427,TV 27 L/SPL,2,18,0,0,9.0
99428,TV30,2,18,0,0,9.0
99420,TV22,2,18,0,0,9.0
99419,TV 19,2,18,0,0,9.0
99418,TV20,2,18,0,0,9.0
99417,TV 17,2,18,0,0,9.0
99416,TV18,2,18,0,0,9.0
99415,TV 15,2,18,0,0,9.0
56142,UAM-ONR PASS,6,18,4,0,3.0
56141,ONR-UAM PASS,6,18,4,0,3.0
99442,TV44,2,18,0,0,9.0
99443,TV 43,2,18,0,0,9.0
99444,TV46,2,18,0,0,9.0
99445,TV 45,2,18,0,0,9.0
99446,TV48,2,18,0,0,9.0
56138,ONR UAM PASS,6,18,4,0,3.0
56139,UAM ONR PASS,6,18,4,0,3.0
56140,UAM ONR PASS,6,18,4,0,3.0
99441,TV 41,2,18,0,0,9.0
99440,TV42,2,18,0,0,9.0
99439,TV 39,2,18,0,0,9.0
99438,TV40,2,18,0,0,9.0
99437,TV 37,2,18,0,0,9.0
99436,TV38,2,18,0,0,9.0
99485,TV 85,2,18,0,0,9.0
99434,TV36,2,18,0,0,9.0
99435,TV 35,2,18,0,0,9.0
66518,BWT-MKM  PAS,6,17,4,0,2.8333333333333335
98605,CM1,2,17,0,0,8.5
56505,BWT-MKM PASS,6,17,4,0,2.8333333333333335
6513,BWT-MKM-MEMU,6,17,5,0,2.8333333333333335
66513,BWT-MKM MEMU,6,17,4,0,2.8333333333333335
56511,BWT-MKM PASS,6,17,5,0,2.8333333333333335
76504,KQZ-BWT DEMU,2,17,0,0,8.5
40042,STM-MSB EMU,2,17,0,0,8.5
76502,KQZ - BNC PA,2,17,0,0,8.5
76501,BWT-KQZ DEMU,2,17,0,0,8.5
76503,BWT-KQZ RBUS,2,17,0,0,8.5
58719,ABHANPUR-RAJ,3,17,1,0,5.666666666666667
98604,CM2,2,17,0,0,8.5
58721,ABHANPUR-RAJ,3,17,1,0,5.666666666666667
78015,BPO-BGY PASS,5,17,3,0,3.4
55167,DDA-SV PASSE,3,17,2,0,5.666666666666667
55168,SV-DDA PASSE,3,17,2,0,5.666666666666667
55169,DDA-SV PASSE,3,17,2,0,5.666666666666667
55170,SV-DDA PASSE,3,17,1,0,5.666666666666667
78018,BPO BLS LOCA,5,17,3,0,3.4
78019,BPO  BGY LOC,5,17,3,0,3.4
78014,BGY- BPO PAS,5,17,3,0,3.4
40021,MSB-PV EMU L,3,17,1,0,5.666666666666667
78519,VBL-SALR RAI,4,16,2,0,4.0
34413,SPR - SDAH L,8,16,6,0,2.0
66516,MKM-BWT MEMU,6,16,4,0,2.6666666666666665
78512,SALR-VBL RAI,4,16,2,0,4.0
42901,MMC-ENR EMU,8,16,6,0,2.0
34411,SPR - SDAH L,8,16,6,0,2.0
34412,SDAH- SPR LO,8,16,6,0,2.0
56506,MKM-BWT PASS,6,16,4,0,2.6666666666666665
56512,MKM-BWT PASS,6,16,4,0,2.6666666666666665
34414,SDAH- SPR LO,8,16,6,0,2.0
34415,SPR - SDAH L,8,16,6,0,2.0
34416,SDAH- SPR LO,8,16,6,0,2.0
66517,MKM-BWT PASS,6,16,4,0,2.6666666666666665
58720,RAJIM-ABHANP,3,16,1,0,5.333333333333333
58722,RAJIM-ABHANP,3,16,1,0,5.333333333333333
34418,SDAH- SPR LO,8,16,6,0,2.0
34419,SPR - SDAH L,8,16,6,0,2.0
34420,SDAH- SPR LO,8,16,6,0,2.0
34417,SPR - SDAH L,8,16,6,0,2.0
34436,SDAH-SPR LOC,9,16,7,0,1.7777777777777777
34434,SDAH-SPR LOC,8,16,6,0,2.0
34421,SPR - SDAH L,8,16,6,0,2.0
34422,SDAH- SPR LO,8,16,6,0,2.0
34423,SPR - SDAH L,8,16,6,0,2.0
34424,SDAH- SPR LO,8,16,6,0,2.0
34425,SPR - SDAH L,8,16,6,0,2.0
34426,SDAH- SPR LO,8,16,6,0,2.0
34427,SPR - SDAH L,8,16,6,0,2.0
34428,SDAH- SPR LO,8,16,6,0,2.0
34429,SPR - SDAH L,8,16,6,0,2.0
34430,SDAH- SPR LO,8,16,6,0,2.0
34431,SPR-SDAH LOC,8,16,6,0,2.0
34432,SDAH- SPR LO,8,16,6,0,2.0
78520,SALR-VBL RAI,4,16,2,0,4.0
78511,VBL-SALR RAI,4,16,2,0,4.0
78513,VBL-SALR RAI,4,16,2,0,4.0
78514,SALR-VBL RAI,4,16,2,0,4.0
78515,VBL-SALR RAI,4,16,2,0,4.0
78516,SALR-VBL RAI,4,16,2,0,4.0
78517,VBL-SALR RAI,4,16,2,0,4.0
78518,SALR-VBL RAI,4,16,2,0,4.0
97604,C4,10,15,8,0,1.5
97603,C3,10,15,8,0,1.5
97634,C34,10,15,8,0,1.5
97633,C33,10,15,8,0,1.5
97632,C32,10,15,8,0,1.5
97631,C31,10,15,8,0,1.5
33262,BT - DDJ LOC,9,15,7,0,1.6666666666666667
33232,BP-DDJ LOCAL,7,15,5,0,2.142857142857143
33231,DDJ- BP LOCA,7,15,5,0,2.142857142857143
97630,C30,10,15,8,0,1.5
97602,C2,10,15,8,0,1.5
97601,C1,10,15,8,0,1.5
97629,C29,10,15,8,0,1.5
97628,C28,10,15,8,0,1.5
97627,C27,10,15,8,0,1.5
97626,C26,10,15,8,0,1.5
97625,C25,10,15,8,0,1.5
97624,C24,10,15,8,0,1.5
97623,C23,10,15,8,0,1.5
97622,C22,10,15,8,0,1.5
97621,C21,10,15,8,0,1.5
31586,KNJ-STB LOCA,2,15,0,0,7.5
31585,STB-KNJ LOCA,2,15,0,0,7.5
31584,KNJ-STB LOCA,2,15,0,0,7.5
97620,C20,10,15,8,0,1.5
97619,C19,10,15,8,0,1.5
31192,KLYM - NH LO,7,15,4,0,2.142857142857143
31191,NH-KLYM LOCA,7,15,5,0,2.142857142857143
97651,C51,10,15,8,0,1.5
97649,C49,10,15,8,0,1.5
97648,C48,10,15,8,0,1.5
97647,C47,10,15,8,0,1.5
97646,C46,10,15,8,0,1.5
97645,C45,10,15,8,0,1.5
97644,C44,10,15,8,0,1.5
97643,C43,10,15,7,0,1.5
97642,C42,10,15,8,0,1.5
97641,C41,10,15,8,0,1.5
97640,C 40,10,15,8,0,1.5
97639,C39,10,15,8,0,1.5
97638,C 38,10,15,8,0,1.5
97637,C37,10,15,8,0,1.5
97636,C36,10,15,8,0,1.5
97635,C35,10,15,8,0,1.5
97655,C55,10,15,7,0,1.5
97653,C53,10,15,8,0,1.5
97618,C18,10,15,8,0,1.5
97617,C17,10,15,8,0,1.5
97616,C16,10,15,8,0,1.5
97615,C15,10,15,8,0,1.5
97614,C14,10,15,8,0,1.5
97613,C13,10,15,8,0,1.5
97612,C 12,10,15,8,0,1.5
97611,C11,10,15,8,0,1.5
97610,C10,10,15,8,0,1.5
97609,C9,10,15,8,0,1.5
97608,C8,10,15,8,0,1.5
97607,C7,10,15,8,0,1.5
97606,C6,10,15,8,0,1.5
97605,C5,10,15,8,0,1.5
56719,NCJ-CAPE PAS,2,15,0,0,7.5
74811,MEC-MTD RAIL,2,14,0,0,7.0
96225,BL53,5,14,3,0,2.8
41064,VLCY-MSBEMUL,3,14,1,0,4.666666666666667
96220,BL26,3,14,1,0,4.666666666666667
96218,BL24,3,14,1,0,4.666666666666667
96207,TBL3,5,14,3,0,2.8
96204,BL4,3,14,1,0,4.666666666666667
96208,TBL2,3,14,1,0,4.666666666666667
96209,TBL5,5,14,3,0,2.8
96227,DBL3,5,14,3,0,2.8
41063,MSB-VLCY,3,14,1,0,4.666666666666667
96206,BL6,3,14,1,0,4.666666666666667
96217,TBL9,5,14,3,0,2.8
96216,BL22,3,14,1,0,4.666666666666667
96215,BL43,5,14,3,0,2.8
96214,BL20,3,14,1,0,4.666666666666667
96213,BL41,5,14,3,0,2.8
96212,BL16,3,14,1,0,4.666666666666667
96211,TBL7,5,14,3,0,2.8
96210,BL12,3,14,1,0,4.666666666666667
74812,MTD-MEC RAIL,2,14,0,0,7.0
96234,BL62,3,14,1,0,4.666666666666667
74810,MTD-MEC RAIL,2,14,0,0,7.0
74809,MEC-MTD RAIL,2,14,0,0,7.0
74808,MTD-MEC RAIL,2,14,0,0,7.0
74807,MEC - MTD RA,2,14,0,0,7.0
74806,MTD-MEC RAIL,2,14,0,0,7.0
74805,MEC-MTD RAIL,2,14,0,0,7.0
74804,MTD-MEC RAIL,2,14,0,0,7.0
74803,MEC-MTD,2,14,0,0,7.0
74802,MTD-MEC DMU,2,14,0,0,7.0
74801,MEC-MTD DMU,2,14,0,0,7.0
41578,VLCY-MSBEMUL,3,14,1,0,4.666666666666667
41577,MSB-VLCY EMU,3,14,1,0,4.666666666666667
41576,VLCY-MSBEMUL,3,14,1,0,4.666666666666667
41575,MSB-VLCY EMU,3,14,1,0,4.666666666666667
41574,VLCY-MSBEMUL,3,14,1,0,4.666666666666667
41573,MSB-VLCY EMU,3,14,1,0,4.666666666666667
41572,VLCY-MSBEMUL,3,14,1,0,4.666666666666667
41571,MSB-VLCY EMU,3,14,1,0,4.666666666666667
41570,VLCY-MSBEMUL,3,14,1,0,4.666666666666667
41569,MSB-VLCY EMU,3,14,1,0,4.666666666666667
41568,VLCY-MSBEMUL,3,14,1,0,4.666666666666667
41567,MSB-VLCY EMU,3,14,1,0,4.666666666666667
41554,VLCY-MSBEMUL,3,14,1,0,4.666666666666667
41553,MSB-VLCY EMU,3,14,1,0,4.666666666666667
41552,VLCY-MSBEMUL,3,14,1,0,4.666666666666667
41551,MSB-VLCY EMU,3,14,1,0,4.666666666666667
41550,VLCY-MSBEMUL,3,14,1,0,4.666666666666667
41561,MSB-VLCY EMU,3,14,1,0,4.666666666666667
41560,VLCY-MSBEMUL,3,14,1,0,4.666666666666667
41559,MSB-VLCY EMU,3,14,1,0,4.666666666666667
41558,VLCY-MSBEMUL,3,14,1,0,4.666666666666667
41557,MSB-VLCY EMU,3,14,1,0,4.666666666666667
77406,PDMI-HX,3,14,1,0,4.666666666666667
77405,HX-PDMI,3,14,1,0,4.666666666666667
41556,VLCY-MSBEMUL,3,14,1,0,4.666666666666667
41555,MSB-VLCY EMU,3,14,1,0,4.666666666666667
41544,VLCY-MSBEMUL,3,14,1,0,4.666666666666667
74814,MTD-MEC RAIL,2,14,0,0,7.0
95211,BL11,5,14,3,0,2.8
47204,FM-SC,11,14,9,0,1.2727272727272727
47205,SC-FM,11,14,9,0,1.2727272727272727
95216,BL30,3,14,1,0,4.666666666666667
95215,BL15,5,14,3,0,2.8
95214,DBL2,3,14,1,0,4.666666666666667
95213,BL13,5,14,3,0,2.8
41589,MSB-VLCY EMU,3,14,1,0,4.666666666666667
41588,VLCY-MSBEMUL,3,14,1,0,4.666666666666667
41587,MSB-VLCY EMU,3,14,1,0,4.666666666666667
41586,VLCY-MSBEMUL,3,14,1,0,4.666666666666667
41585,MSB-VLCY EMU,3,14,1,0,4.666666666666667
41584,VLCY-MSBEMUL,3,14,1,0,4.666666666666667
41583,MSB-VLCY EMU,3,14,1,0,4.666666666666667
41581,MSB-VLCY EMU,3,14,1,0,4.666666666666667
41580,VLCY-MSBEMUL,3,14,1,0,4.666666666666667
41579,MSB-VLCY EMU,3,14,1,0,4.666666666666667
74813,MEC-MTD RAIL,2,14,0,0,7.0
95212,BL48,3,14,1,0,4.666666666666667
41543,MSB-VLCY EMU,3,14,1,0,4.666666666666667
41542,VLCY-MSBEMUL,3,14,1,0,4.666666666666667
41541,MSB-VLCY EMU,3,14,1,0,4.666666666666667
41540,VLCY-MSBEMUL,3,14,1,0,4.666666666666667
41539,MSB-VLCY EMU,3,14,1,0,4.666666666666667
41538,VLCY-MSBEMUL,3,14,1,0,4.666666666666667
41537,MSB-VLCY EMU,3,14,1,0,4.666666666666667
41536,VLCY-MSBEMUL,3,14,1,0,4.666666666666667
41535,MSB-VLCY EMU,3,14,1,0,4.666666666666667
41534,VLCY-MSBEMUL,3,14,1,0,4.666666666666667
41565,MSB-VLCY EMU,3,14,1,0,4.666666666666667
41564,VLCY-MSBEMUL,3,14,1,0,4.666666666666667
41563,MSB-VLCY EMU,3,14,1,0,4.666666666666667
95202,BL 8,3,14,1,0,4.666666666666667
95201,BL1,5,14,3,0,2.8
95232,BL50,3,14,1,0,4.666666666666667
95231,BL31,5,14,3,0,2.8
95230,BL44,3,14,1,0,4.666666666666667
95229,BL29,5,14,3,0,2.8
95210,BL46,3,14,1,0,4.666666666666667
95209,BL9,5,14,3,0,2.8
95208,BL18,3,14,1,0,4.666666666666667
95207,BL7,5,14,3,0,2.8
95206,BL14,3,14,1,0,4.666666666666667
95205,BL5,5,14,3,0,2.8
95204,BL10,3,14,1,0,4.666666666666667
95203,BL3,5,14,3,0,2.8
95222,BL36,3,14,1,0,4.666666666666667
95221,BL21,5,14,3,0,2.8
95220,BL34,3,14,1,0,4.666666666666667
95219,BL19,5,14,3,0,2.8
95218,BL32,3,14,1,0,4.666666666666667
95217,BL17,5,14,3,0,2.8
95241,BL51,5,14,3,0,2.8
95239,BL39,5,14,3,0,2.8
95237,BL37,5,14,3,0,2.8
95236,BL56,3,14,1,0,4.666666666666667
95235,BL35,5,14,3,0,2.8
95234,BL54,3,14,1,0,4.666666666666667
95233,BL33,5,14,3,0,2.8
95228,BL42,3,14,1,0,4.666666666666667
95227,DBL1,5,14,3,0,2.8
95226,BL40,3,14,1,0,4.666666666666667
95225,BL25,5,14,3,0,2.8
95224,BL38,3,14,1,0,4.666666666666667
95223,BL23,5,14,3,0,2.8
41562,VLCY-MSBEMUL,3,14,1,0,4.666666666666667
41029,MSB-VLCY,3,14,1,0,4.666666666666667
41523,MSB-VLCY EMU,3,14,1,0,4.666666666666667
41522,VLCY-MSBEMUL,3,14,1,0,4.666666666666667
41521,MSB-VLCY EMU,3,14,1,0,4.666666666666667
41520,VLCY-MSBEMUL,3,14,1,0,4.666666666666667
41519,MSB-VLCY EMU,3,14,1,0,4.666666666666667
41518,VLCY-MSBEMUL,3,14,1,0,4.666666666666667
41549,MSB-VLCY EMU,3,14,1,0,4.666666666666667
41548,VLCY-MSBEMUL,3,14,1,0,4.666666666666667
41547,MSB-VLCY EMU,3,14,1,0,4.666666666666667
41546,VLCY-MSBEMUL,3,14,1,0,4.666666666666667
41545,MSB-VLCY EMU,3,14,1,0,4.666666666666667
41533,MSB-VLCY EMU,3,14,1,0,4.666666666666667
41532,VLCY-MSBEMUL,3,14,1,0,4.666666666666667
41531,MSB-VLCY EMU,2,14,0,0,7.0
41530,VLCY-MSBEMUL,3,14,1,0,4.666666666666667
41529,MSB-VLCY EMU,3,14,1,0,4.666666666666667
41528,VLCY-MSBEMUL,3,14,1,0,4.666666666666667
41527,MSB-VLCY EMU,3,14,1,0,4.666666666666667
41526,VLCY-MSB EMU,3,14,1,0,4.666666666666667
41525,MSB-VLCY EMU,3,14,1,0,4.666666666666667
41524,VLCY-MSBEMUL,3,14,1,0,4.666666666666667
41513,MSB-VLCY EMU,3,14,1,0,4.666666666666667
41512,VLCY-MSBEMUL,3,14,1,0,4.666666666666667
41511,MSB - VLCY E,2,14,0,0,7.0
41510,VLCY-MSBEMUL,3,14,1,0,4.666666666666667
41509,MSB - VLCY E,3,14,1,0,4.666666666666667
41508,VLCY - MSB E,3,14,1,0,4.666666666666667
41507,MSB - VLCY E,3,14,1,0,4.666666666666667
41506,VLCY - MSB E,3,14,1,0,4.666666666666667
41505,MSB - VLCY E,3,14,1,0,4.666666666666667
41504,VLCY-MSB EMU,3,14,1,0,4.666666666666667
41503,MSB - VLCY E,3,14,1,0,4.666666666666667
41502,VLCY - MSB E,3,14,1,0,4.666666666666667
41130,VLCY-MSBEMUL,3,14,1,0,4.666666666666667
41129,MSB-VLCY,3,14,1,0,4.666666666666667
41128,VLCY-MSBEMUL,3,14,1,0,4.666666666666667
41127,MSB-VLCY,3,14,1,0,4.666666666666667
41122,VLCY-MSB EMU,3,14,1,0,4.666666666666667
41120,VLCY-MSB EMU,3,14,1,0,4.666666666666667
41119,MSB-VLCY,3,14,1,0,4.666666666666667
41117,MSB-VLCY,3,14,1,0,4.666666666666667
41116,VLCY-MSBEMUL,3,14,1,0,4.666666666666667
74818,MTD-MEC RAIL,2,14,0,0,7.0
74817,MEC-MTD RAIL,2,14,0,0,7.0
74816,MTD-MEC RAIL,2,14,0,0,7.0
74815,MEC-MTD RAIL,2,14,0,0,7.0
41517,MSB-VLCY EMU,3,14,1,0,4.666666666666667
41516,VLCY-MSBEMUL,3,14,1,0,4.666666666666667
41515,MSB-VLCY EMU,3,14,1,0,4.666666666666667
41514,MSB - VLCY E,3,14,1,0,4.666666666666667
41093,MSB-VLCY,3,14,1,0,4.666666666666667
41092,VLCY-MSBEMUL,3,14,1,0,4.666666666666667
41091,MSB-VLCY,3,14,1,0,4.666666666666667
41089,MSB-VLCY,3,14,1,0,4.666666666666667
41086,VLCY-MSBEMUL,2,14,0,0,7.0
41501,MSB - VLCY E,3,14,1,0,4.666666666666667
41140,VLCY-MSB,3,14,1,0,4.666666666666667
41138,VLCY-MSB-EMU,3,14,1,0,4.666666666666667
41135,MSB-VLCY,3,14,1,0,4.666666666666667
41134,VLCY-MSBEMUL,3,14,1,0,4.666666666666667
41001,MSB-VLCY,3,14,1,0,4.666666666666667
41028,VLCY-MSBEMUL,3,14,1,0,4.666666666666667
41024,VLCY-MSBEMUL,3,14,1,0,4.666666666666667
96205,BL27,5,14,3,0,2.8
96203,TBL1,5,14,3,0,2.8
96202,BL2,3,14,1,0,4.666666666666667
96201,CBL1,5,14,3,0,2.8
47172,SC-FM,11,14,9,0,1.2727272727272727
47168,FM-SC,11,14,9,0,1.2727272727272727
41582,VLCY-MSBEMUL,3,14,1,0,4.666666666666667
41566,VLCY-MSBEMUL,3,14,1,0,4.666666666666667
41600,MSB-VLCY-EMU,3,14,1,0,4.666666666666667
41599,MSB-VLCY EMU,3,14,1,0,4.666666666666667
41598,VLCY-MSB EMU,3,14,1,0,4.666666666666667
41597,MSB-VLCY EMU,3,14,1,0,4.666666666666667
41594,VLCY-MSBEMUL,3,14,1,0,4.666666666666667
41593,MSB-VLCY EMU,3,14,1,0,4.666666666666667
41590,VLCY-MSBEMUL,3,14,1,0,4.666666666666667
41023,MSB-VLCY,3,14,1,0,4.666666666666667
41022,VLCY-MSBEMUL,3,14,1,0,4.666666666666667
41021,MSB-VLCY,3,14,1,0,4.666666666666667
41020,VLCY-MSB,3,14,1,0,4.666666666666667
41017,MSB-VLCY,3,14,1,0,4.666666666666667
41016,VLCY-MSB,3,14,1,0,4.666666666666667
41015,MSB-VLCY,3,14,1,0,4.666666666666667
41014,VLCY-MSB,3,14,1,0,4.666666666666667
41013,MSB-VLCY,3,14,1,0,4.666666666666667
41012,VLCY-MSB,3,14,1,0,4.666666666666667
41009,MSB-VLCY,3,14,1,0,4.666666666666667
41070,VLCY-MSBEMUL,3,14,1,0,4.666666666666667
41008,VLCY-MSB,3,14,1,0,4.666666666666667
41006,VLCY-MSB,3,14,1,0,4.666666666666667
41003,MSB-VLCY,3,14,1,0,4.666666666666667
41060,VLCY-MSBEMUL,3,14,1,0,4.666666666666667
41057,MSB-VLCY,3,14,1,0,4.666666666666667
41056,VLCY-MSBEMUL,3,14,1,0,4.666666666666667
41055,MSB-VLCY,3,14,1,0,4.666666666666667
41051,MSB-VLCY,3,14,1,0,4.666666666666667
41050,VLCY-MSBEMUL,3,14,1,0,4.666666666666667
41048,VLCY-MSBEMUL,3,14,1,0,4.666666666666667
41046,VLCY-MSBEMUL,3,14,1,0,4.666666666666667
41043,MSB-VLCY,3,14,1,0,4.666666666666667
41042,VLCY-MSBEMUL,3,14,1,0,4.666666666666667
41040,VLCY-MSBEMUL,3,14,1,0,4.666666666666667
41038,VLCY-MSBEMUL,3,14,1,0,4.666666666666667
41096,VLCY-MSBEMUL,3,14,1,0,4.666666666666667
41095,MSB-VLCY,3,14,1,0,4.666666666666667
41036,VLCY-MSBEMUL,3,14,1,0,4.666666666666667
41035,MSB-VLCY,3,14,1,0,4.666666666666667
41033,MSB-VLCY,3,14,1,0,4.666666666666667
96224,BL52,3,14,1,0,4.666666666666667
41085,MSB-VLCY,3,14,1,0,4.666666666666667
41084,VLCY-MSBEMUL,3,14,1,0,4.666666666666667
41082,VLCY-MSBEMUL,3,14,1,0,4.666666666666667
41081,MSB-VLCY,3,14,1,0,4.666666666666667
41080,VLCY-MSBEMUL,3,14,1,0,4.666666666666667
41079,MSB-VLCY,3,14,1,0,4.666666666666667
41078,VLCY-MSBEMUL,3,14,1,0,4.666666666666667
41077,MSB-VLCY,3,14,1,0,4.666666666666667
41076,VLCY-MSBEMUL,3,14,1,0,4.666666666666667
41073,MSB-VLCY,3,14,1,0,4.666666666666667
41132,VLCY-MSB EMU,3,14,1,0,4.666666666666667
41131,MSB-VLCY EMU,3,14,1,0,4.666666666666667
41069,MSB-VLCY,3,14,1,0,4.666666666666667
41065,MSB-VLCY,3,14,1,0,4.666666666666667
96228,BL60,3,14,1,0,4.666666666666667
96232,CBL2,3,14,1,0,4.666666666666667
41061,MSB-VLCY,3,14,1,0,4.666666666666667
41113,MSB-VLCY,3,14,1,0,4.666666666666667
41111,MSB-VLCY,3,14,1,0,4.666666666666667
41110,VLCY-MSBEMUL,3,14,1,0,4.666666666666667
41108,VLCY-MSBEMUL,3,14,1,0,4.666666666666667
41105,MSB-VLCY,3,14,1,0,4.666666666666667
41104,VLCY-MSBEMUL,3,14,1,0,4.666666666666667
41103,MSB-VLCY,3,14,1,0,4.666666666666667
41102,VLCY-MSBEMUL,3,14,1,0,4.666666666666667
41097,MSB-VLCY,3,14,1,0,4.666666666666667
96223,BL49,5,14,3,0,2.8
96222,BL28,3,14,1,0,4.666666666666667
96221,BL47,5,14,3,0,2.8
96219,BL45,5,14,3,0,2.8
96226,BL58,3,14,1,0,4.666666666666667
51866,KNH-AIT PASS,2,13,0,0,6.5
51867,AIT-KNH PASS,2,13,0,0,6.5
51868,KNH-AIT PASS,2,13,0,0,6.5
59164,VTL ANND PAS,3,13,1,0,4.333333333333333
51869,AIT-KNH PASS,2,13,0,0,6.5
59163,ANND VTL PAS,3,13,1,0,4.333333333333333
51863,AIT-KNH PASS,2,13,0,0,6.5
51865,AIT-KNH PASS,2,13,0,0,6.5
51864,KNH-AIT PASS,2,13,0,0,6.5
77612,BMO-SC DEMU,11,13,9,0,1.1818181818181819
77611,SC-BMO DEMU,11,13,9,0,1.1818181818181819
77638,FM-UR DEMU,4,13,2,0,3.25
77635,FM-UR DEMU,4,13,2,0,3.25
77634,FM-UR DEMU,4,13,2,0,3.25
77633,FM-UR DEMU,4,13,2,0,3.25
77632,FM-UR DEMU,4,13,2,0,3.25
77647,UR-FM DEMU,4,13,2,0,3.25
77643,UR-FM DEMU,4,13,2,0,3.25
77642,UR-FM DEMU,4,13,2,0,3.25
77641,UR-FM DEMU,4,13,2,0,3.25
77640,UR-FM DEMU,4,13,2,0,3.25
59169,ANND VTL PAS,3,13,2,0,4.333333333333333
51862,KNH-AIT PASS,2,13,0,0,6.5
77631,FM-UR DEMU,4,13,2,0,3.25
59170,VTL ANND PAS,3,13,1,0,4.333333333333333
51861,AIT-KNH MIX,2,13,0,0,6.5
51870,KNH-AIT PASS,2,13,0,0,6.5
55231,PPTA-PNBE PA,4,12,4,0,3.0
43551,AJJ-TRT EMU,2,12,0,0,6.0
43553,AJJ-TRT EMU,3,12,1,0,4.0
43554,TRT-AJJ EMU,2,12,0,0,6.0
64163,CNB-PNK MEMU,3,12,2,0,4.0
8014,MDN-KGP MEMU,4,12,2,0,3.0
52598,DJ-GHUM-DJ J,3,12,30,1,4.0
55232,PNBE-PPTA PA,4,12,2,0,3.0
52596,DJ-GHUM-DJ J,3,12,30,1,4.0
52597,DJ - GHUM -,3,12,30,1,4.0
52594,DJ - GHUM -,3,12,30,1,4.0
52593,DJ - GHUM -,3,12,30,1,4.0
52595,DJ-GHUM-DJ J,3,12,30,1,4.0
52592,DJ - GHUM -,3,12,35,1,4.0
38832,MDN KGP LOCA,4,12,2,0,3.0
52591,DJ - GHUM -,3,12,30,1,4.0
33412,DDC-SDAH LOC,4,12,2,0,3.0
33411,SDAH-DDC LOC,4,12,2,0,3.0
52599,DJ - GHUM -,3,12,30,1,4.0
43552,TRT-AJJ EMU,2,12,0,0,6.0
43556,TRT-AJJ EMU,2,12,0,0,6.0
53488,RJL-TPH PGR,2,11,0,0,5.5
53492,RJL-TPH PGR,2,11,0,0,5.5
64097,NDLS-SSB 10,6,11,4,0,1.8333333333333333
53490,RJL-TPH PGR,2,11,0,0,5.5
53493,TPH - RJL,2,11,0,0,5.5
53489,TPL-RJL PGR,2,11,0,0,5.5
74031,GHH-FN DMU,3,11,1,0,3.6666666666666665
53484,RJL-TPH PGR,2,11,0,0,5.5
53485,TPL-RJL PGR,2,11,0,0,5.5
8581,BPQ CAF PASS,2,11,0,0,5.5
8582,CAF BPQ SPL,2,11,0,0,5.5
53483,TPL-RJL PGR,2,11,0,0,5.5
74035,GHH-FN DMU,3,11,1,0,3.6666666666666665
68073,BJE VAA PASS,5,11,3,0,2.2
74038,FN-GHH DMU,3,11,1,0,3.6666666666666665
53482,RJL-TPH PGR,2,11,0,0,5.5
53481,TPL-RJL PGR,2,11,0,0,5.5
74034,FN-GHH DMU,3,11,1,0,3.6666666666666665
53486,RJL-TPH PGR,2,11,0,0,5.5
53487,TPL-RJL PGR,2,11,0,0,5.5
53494,RJL-TPH PASS,2,11,0,0,5.5
53496,RJL-TPH,2,11,0,0,5.5
53495,TPH-RJL PASS,2,11,0,0,5.5
64018,SSB-NDLS EMU,6,11,4,0,1.8333333333333333
53491,TPL-RJL PGR,2,11,0,0,5.5
98825,B25,2,10,0,0,5.0
98826,B28,2,10,0,0,5.0
98827,B27,2,10,0,0,5.0
98828,B30,2,10,0,0,5.0
96608,TL8,2,10,0,0,5.0
96609,CTL5,4,10,2,0,2.5
96610,TL10,2,10,0,0,5.0
96611,TL5,4,10,2,0,2.5
96612,TL12,2,10,0,0,5.0
96613,TL7,4,10,2,0,2.5
96614,TL16,2,10,0,0,5.0
6853,KIK-NCR PASS,3,10,1,0,3.3333333333333335
6854,NCR-KIK PASS,3,10,1,0,3.3333333333333335
6851,KIK-NCR DEMU,3,10,1,0,3.3333333333333335
98857,B 57,2,10,0,0,5.0
98858,B60,2,10,0,0,5.0
96644,TTL4,2,10,0,0,5.0
96652,TL62,2,10,0,0,5.0
96653,TL65,4,10,2,0,2.5
96654,TL64,2,10,0,0,5.0
91392,WAD2,2,10,0,0,5.0
91393,WAD1,2,10,0,0,5.0
91394,WAD4,2,10,0,0,5.0
91395,WAD3,2,10,0,0,5.0
91396,WAD6,2,10,0,0,5.0
98845,B 45,2,10,0,0,5.0
98846,B48,2,10,0,0,5.0
98847,B47,2,10,0,0,5.0
98848,B50,2,10,0,0,5.0
98849,B 49,2,10,0,0,5.0
98850,B52,2,10,0,0,5.0
98851,B 51,2,10,0,0,5.0
96650,TL60,2,10,0,0,5.0
96651,TL63,4,10,2,0,2.5
91491,WBO1,2,10,0,0,5.0
96655,TL67,4,10,2,0,2.5
96656,TL66,2,10,0,0,5.0
96658,TTL6,2,10,0,0,5.0
96634,TL36,2,10,0,0,5.0
96635,TL37,4,10,2,0,2.5
96636,TL38,2,10,0,0,5.0
96637,TL39,4,10,2,0,2.5
96638,TL40,2,10,0,0,5.0
96639,TL41,4,10,2,0,2.5
96640,TL42,2,10,0,0,5.0
96641,TL47,4,10,2,0,2.5
96642,TL44,2,10,0,0,5.0
96643,TL55,4,10,2,0,2.5
96621,TL23,4,10,2,0,2.5
96622,TL24,2,10,0,0,5.0
96623,TL25,4,10,2,0,2.5
98884,B86,2,10,0,0,5.0
98885,B 85,2,10,0,0,5.0
98886,B 88,2,10,0,0,5.0
98887,B 87,2,10,0,0,5.0
96660,TTL8,2,10,0,0,5.0
95601,TL9,4,10,2,0,2.5
95602,TL14,2,10,0,0,5.0
16186,VLNK-NGT LIN,2,10,0,0,5.0
43892,PTMS-AVD EMU,4,10,2,0,2.5
73211,PTG-PNBE DMU,5,10,9,0,2.0
73212,PNBE-PTG  DE,5,10,5,0,2.0
96648,TL58,2,10,0,0,5.0
96649,TL61,4,10,2,0,2.5
98876,B78,2,10,0,0,5.0
98877,B 77,2,10,0,0,5.0
98878,B80,2,10,0,0,5.0
98879,B 79,2,10,0,0,5.0
98880,B82,2,10,0,0,5.0
98881,B 81,2,10,0,0,5.0
98882,B84,2,10,0,0,5.0
98883,B 83,2,10,0,0,5.0
76814,VLNK-NGT PAS,2,10,0,0,5.0
76817,NGT-VLKN PAS,2,10,0,0,5.0
96645,TL57,4,10,2,0,2.5
96646,TL56,2,10,0,0,5.0
96647,TL59,4,10,2,0,2.5
96618,TL18,2,10,0,0,5.0
96619,TL21,4,10,2,0,2.5
96620,TTL2,2,10,0,0,5.0
96632,TL34,2,10,0,0,5.0
96633,TL35,4,10,2,0,2.5
96602,TL2,2,10,0,0,5.0
96603,CTL3,4,10,2,0,2.5
96604,TL4,2,10,0,0,5.0
96605,TL1,4,10,2,0,2.5
96606,TL6,2,10,0,0,5.0
96607,TL3,4,10,2,0,2.5
95603,TL11,4,10,2,0,2.5
95604,TL20,2,10,0,0,5.0
95605,TL13,4,10,2,0,2.5
95606,TL22,2,10,0,0,5.0
95607,TL17,4,10,2,0,2.5
95608,TL46,2,10,0,0,5.0
95609,TL19,4,10,2,0,2.5
98875,B 75,2,10,0,0,5.0
95612,TL50,2,10,0,0,5.0
95613,TL45,4,10,2,0,2.5
95614,TL52,2,10,0,0,5.0
95615,TL49,4,10,2,0,2.5
95616,TL54,2,10,0,0,5.0
95617,TL51,4,10,2,0,2.5
95619,TL53,4,10,2,0,2.5
95610,TL48,2,10,0,0,5.0
96624,TL26,2,10,0,0,5.0
96625,TL27,4,10,2,0,2.5
96626,TL28,2,10,0,0,5.0
96627,TL29,4,10,2,0,2.5
96628,TL30,2,10,0,0,5.0
96629,TL31,4,10,2,0,2.5
96630,TL32,2,10,0,0,5.0
96631,TL33,4,10,2,0,2.5
98702,AD4,2,10,0,0,5.0
98703,AD3,2,10,0,0,5.0
98704,AD6,2,10,0,0,5.0
98705,AD5,2,10,0,0,5.0
98706,AD8,2,10,0,0,5.0
98707,AD7,2,10,0,0,5.0
98708,AD10,2,10,0,0,5.0
98709,AD9,2,10,0,0,5.0
98710,AD12,2,10,0,0,5.0
98711,AD11,2,10,0,0,5.0
98712,AD14,2,10,0,0,5.0
98713,AD13,2,10,0,0,5.0
98714,AD16,2,10,0,0,5.0
98873,B 73,2,10,0,0,5.0
98874,B76,2,10,0,0,5.0
95611,TL43,4,10,2,0,2.5
98717,AD 17,2,10,0,0,5.0
98718,AD20,2,10,0,0,5.0
98719,AD 19,2,10,0,0,5.0
98720,AD22,2,10,0,0,5.0
98721,AD21,2,10,0,0,5.0
98722,AD24,2,10,0,0,5.0
98723,AD23,2,10,0,0,5.0
98724,AD26,2,10,0,0,5.0
98725,AD25,2,10,0,0,5.0
98726,AD28,2,10,0,0,5.0
98727,AD27,2,10,0,0,5.0
98728,AD30,2,10,0,0,5.0
98729,AD29,2,10,0,0,5.0
98730,AD32,2,10,0,0,5.0
98700,AD2,2,10,0,0,5.0
98701,AD1,2,10,0,0,5.0
98733,AD 33,2,10,0,0,5.0
98734,AD36,2,10,0,0,5.0
98735,AD 35,2,10,0,0,5.0
98736,AD38,2,10,0,0,5.0
98737,AD 37,2,10,0,0,5.0
98738,AD40,2,10,0,0,5.0
98739,AD 39,2,10,0,0,5.0
98740,AD42,2,10,0,0,5.0
98741,AD 41,2,10,0,0,5.0
98742,AD44,2,10,0,0,5.0
98743,AD 43,2,10,0,0,5.0
98744,AD46,2,10,0,0,5.0
98745,AD 45,2,10,0,0,5.0
98746,AD48,2,10,0,0,5.0
98715,AD 15,2,10,0,0,5.0
98716,AD18,2,10,0,0,5.0
98749,AD 49,2,10,0,0,5.0
98750,AD52,2,10,0,0,5.0
98751,AD 51,2,10,0,0,5.0
98752,AD54,2,10,0,0,5.0
98753,AD 53,2,10,0,0,5.0
98754,AD56,2,10,0,0,5.0
98755,AD 55,2,10,0,0,5.0
98756,AD58,2,10,0,0,5.0
98757,AD 57,2,10,0,0,5.0
98758,AD60,2,10,0,0,5.0
98759,AD 59,2,10,0,0,5.0
98760,AD62,2,10,0,0,5.0
98761,AD 61,2,10,0,0,5.0
98762,AD64,2,10,0,0,5.0
98731,AD 31,2,10,0,0,5.0
98732,AD34,2,10,0,0,5.0
98765,AD65,2,10,0,0,5.0
98766,AD68,2,10,0,0,5.0
98767,AD 67,2,10,0,0,5.0
98768,AD70,2,10,0,0,5.0
98769,AD69,2,10,0,0,5.0
98770,AD72,2,10,0,0,5.0
98771,AD 71,2,10,0,0,5.0
98772,AD74,2,10,0,0,5.0
98773,AD 73,2,10,0,0,5.0
98774,AD76,2,10,0,0,5.0
98775,AD 75,2,10,0,0,5.0
98776,AD78,2,10,0,0,5.0
98777,AD 77,2,10,0,0,5.0
98778,AD80,2,10,0,0,5.0
98747,AD 47,2,10,0,0,5.0
98748,AD50,2,10,0,0,5.0
98781,AD 81,2,10,0,0,5.0
98782,AD84,2,10,0,0,5.0
98783,AD 83,2,10,0,0,5.0
98784,AD86,2,10,0,0,5.0
98785,AD 85,2,10,0,0,5.0
98800,B2,2,10,0,0,5.0
98801,B1,2,10,0,0,5.0
98802,B4,2,10,0,0,5.0
98803,B3,2,10,0,0,5.0
98804,B6,2,10,0,0,5.0
98805,B5,2,10,0,0,5.0
98806,B8,2,10,0,0,5.0
98807,B7,2,10,0,0,5.0
98808,B10,2,10,0,0,5.0
98763,AD 63,2,10,0,0,5.0
98764,AD66,2,10,0,0,5.0
98811,B11,2,10,0,0,5.0
98812,B14,2,10,0,0,5.0
98813,B13,2,10,0,0,5.0
98814,B16,2,10,0,0,5.0
98815,B 15,2,10,0,0,5.0
98816,B18,2,10,0,0,5.0
98817,B17,2,10,0,0,5.0
98818,B20,2,10,0,0,5.0
98819,B19,2,10,0,0,5.0
98820,B22,2,10,0,0,5.0
98821,B 21,2,10,0,0,5.0
98822,B24,2,10,0,0,5.0
98823,B 23,2,10,0,0,5.0
98824,B26,2,10,0,0,5.0
98779,AD 79,2,10,0,0,5.0
98780,AD82,2,10,0,0,5.0
98859,B59,2,10,0,0,5.0
98860,B62,2,10,0,0,5.0
98829,B29,2,10,0,0,5.0
98830,B32,2,10,0,0,5.0
98831,B31,2,10,0,0,5.0
98832,B34,2,10,0,0,5.0
98833,B 33,2,10,0,0,5.0
98834,B36,2,10,0,0,5.0
98835,BA 35,2,10,0,0,5.0
98836,B38,2,10,0,0,5.0
98837,BA 37,2,10,0,0,5.0
98838,B40,2,10,0,0,5.0
98839,B 39,2,10,0,0,5.0
98840,B42,2,10,0,0,5.0
98809,B9,2,10,0,0,5.0
98810,B12,2,10,0,0,5.0
98868,B70,2,10,0,0,5.0
98869,B69,2,10,0,0,5.0
98870,B72,2,10,0,0,5.0
98871,BA 71,2,10,0,0,5.0
98872,B74,2,10,0,0,5.0
98841,B 41,2,10,0,0,5.0
98842,B44,2,10,0,0,5.0
98843,B 43,2,10,0,0,5.0
98844,B46,2,10,0,0,5.0
6594,BYPL-WFD DEM,4,10,2,0,2.5
98196,BRPL4,2,10,0,0,5.0
98852,B54,2,10,0,0,5.0
98853,B 53,2,10,0,0,5.0
98854,B56,2,10,0,0,5.0
98855,B 55,2,10,0,0,5.0
98856,B58,2,10,0,0,5.0
98208,BRPL2,2,10,0,0,5.0
98214,BRPL6,2,10,0,0,5.0
96615,TTL1,4,10,2,0,2.5
96616,DTL2,2,10,0,0,5.0
96617,TL15,4,10,2,0,2.5
6852,NCR-KIK DEMU,3,10,1,0,3.3333333333333335
6593,WFD-BYPL DEM,4,10,2,0,2.5
98861,B61,2,10,0,0,5.0
98862,B64,2,10,0,0,5.0
98863,B63,2,10,0,0,5.0
98864,B66,2,10,0,0,5.0
98865,B 65,2,10,0,0,5.0
98866,B68,2,10,0,0,5.0
98867,BA 67,2,10,0,0,5.0
96601,CTL1,4,10,2,0,2.5
16185,NGT-VLNK LIN,2,10,0,0,5.0
51147,BD AMI PASSE,2,9,0,0,4.5
51150,AMI BD PASS,2,9,0,0,4.5
51136,AMI BD PASS,2,9,0,0,4.5
51138,AMI BD PASS,2,9,0,0,4.5
51139,BD AMI PASSE,2,9,0,0,4.5
51142,AMI BD PASS,2,9,0,0,4.5
51141,BD AMI PASSE,2,9,0,0,4.5
51140,AMI BD PASS,2,9,0,0,4.5
51146,AMI BD PASS,2,9,0,0,4.5
51135,BD AMI PASSE,2,9,0,0,4.5
51137,BD AMI PASSE,2,9,0,0,4.5
33212,DDJ - SDAH L,3,9,1,0,3.0
51149,BD AMI PASSE,2,9,0,0,4.5
51145,BD AMI MIXD,2,9,0,0,4.5
47196,SC-HYB,7,9,5,0,1.2857142857142858
51148,AMI BD PASS,2,9,0,0,4.5
30211,BBDB - DDJ L,8,9,6,0,1.125
37538,BDC-NH LOCAL,4,8,2,0,2.0
37548,BDC-NH LOCAL,4,8,2,0,2.0
37542,BDC-NH LOCAL,4,8,2,0,2.0
37544,BDC-NH LOCAL,4,8,2,0,2.0
37543,NH - BDC LOC,4,8,2,0,2.0
37554,BDC-NH LOCAL,4,8,2,0,2.0
37527,NH - BDC LOC,4,8,2,0,2.0
37521,NH-BDC LOCAL,4,8,2,0,2.0
37522,BDC-NH LOCAL,4,8,2,0,2.0
37524,BDC-NH LOCAL,4,8,2,0,2.0
37523,NH-BDC LOCAL,4,8,2,0,2.0
37558,BDC-NH LOCAL,4,8,2,0,2.0
37537,NH - BDC LOC,4,8,2,0,2.0
37553,NH - BDC LOC,4,8,2,0,2.0
37546,BDC-NH LOCAL,4,8,2,0,2.0
37545,NH - BDC LOC,4,8,2,0,2.0
37555,NH - BDC LOC,4,8,2,0,2.0
37551,NH - BDC LOC,4,8,2,0,2.0
37552,BDC-NH LOCAL,4,8,2,0,2.0
37549,NH - BDC LOC,4,8,2,0,2.0
37550,BDC-NH LOCAL,4,8,2,0,2.0
37547,NH - BDC LOC,4,8,2,0,2.0
37540,BDC-NH LOCAL,4,8,2,0,2.0
37539,NH - BDC LOC,4,8,2,0,2.0
37541,NH - BDC LOC,4,8,2,0,2.0
34313,BRP - SPR LO,4,8,2,0,2.0
34311,BRP - SPR LO,4,8,2,0,2.0
34312,SPR - BRP LO,4,8,2,0,2.0
37528,BDC-NH LOCAL,4,8,2,0,2.0
37533,NH - BDC LOC,4,8,2,0,2.0
37530,BDC-NH LOCAL,4,8,2,0,2.0
37531,NH - BDC LOC,4,8,2,0,2.0
37532,BDC-NH LOCAL,4,8,2,0,2.0
37529,NH - BDC LOC,4,8,2,0,2.0
37536,BDC-NH LOCAL,4,8,2,0,2.0
37534,BDC-NH LOCAL,4,8,2,0,2.0
37535,NH - BDC LOC,4,8,2,0,2.0
37556,BDC-NH LOCAL,4,8,2,0,2.0
37557,NH-BDC LOCAL,4,8,2,0,2.0
37526,BDC-NH LOCAL,4,8,2,0,2.0
68643,KGP-HIJ LOCA,2,8,0,0,4.0
37525,NH - BDC LOC,4,8,2,0,2.0
68644,HIJ-KGP LOCA,2,8,0,0,4.0
68645,KGP-HIJ LOCA,2,8,0,0,4.0
68646,HIJ-KGP LOCA,2,8,0,0,4.0
64088,NZM-NDLS 10C,4,7,2,0,1.75
33357,BT-DTK LOCAL,3,7,1,0,2.3333333333333335
55180,MGZ-DDA PASS,2,6,0,0,3.0
55179,DDA-MGZ PASS,2,6,0,0,3.0
95328,A50,2,6,0,0,3.0
63155,JSME - BDME,3,6,1,0,2.0
95331,A55,4,6,2,0,1.5
95332,A54,2,6,0,0,3.0
96326,A44,2,6,0,0,3.0
55178,MGZ-DDA PASS,2,6,0,0,3.0
96301,A1,4,6,2,0,1.5
96327,TA1,4,6,2,0,1.5
96305,A5,4,6,2,0,1.5
96308,A8,2,6,0,0,3.0
96306,A6,2,6,0,0,3.0
96307,A7,4,6,2,0,1.5
95311,A19,4,6,2,0,1.5
95312,A22,2,6,0,0,3.0
55176,MGZ-DDA PASS,2,6,0,0,3.0
55175,DDA-MGZ PASS,2,6,0,0,3.0
95314,A24,2,6,0,0,3.0
55174,MGZ-DDA PASS,2,6,0,0,3.0
55173,DDA-MGZ PASS,2,6,0,0,3.0
95315,A23,4,6,2,0,1.5
55824,DKGN - RPAN,4,6,2,0,1.5
96310,A10,2,6,0,0,3.0
95313,A21,4,6,2,0,1.5
96311,A25,4,6,2,0,1.5
55177,DDA-MGZ PASS,2,6,0,0,3.0
96304,A4,2,6,0,0,3.0
96302,A2,2,6,0,0,3.0
96303,A3,4,6,2,0,1.5
96325,A39,4,6,2,0,1.5
96324,A42,2,6,0,0,3.0
96323,A37,4,6,2,0,1.5
96322,A40,2,6,0,0,3.0
55172,MGZ-DDA PASS,2,6,0,0,3.0
96319,A33,4,6,2,0,1.5
96320,A38,2,6,0,0,3.0
96321,A35,4,6,2,0,1.5
63163,JSME - BDME,3,6,1,0,2.0
95338,A64,2,6,0,0,3.0
95336,A62,2,6,0,0,3.0
95334,A56,2,6,0,0,3.0
55171,DDA-MGZ PASS,2,6,0,0,3.0
95342,DA6,2,6,0,0,3.0
95327,A55,4,6,2,0,1.5
95326,A48,2,6,0,0,3.0
95330,A52,2,6,0,0,3.0
95329,DA3,4,6,2,0,1.5
95340,DA4,2,6,0,0,3.0
63156,BDME - JSME,3,6,1,0,2.0
63157,JSME - BDME,3,6,1,0,2.0
63158,BDME - JSME,3,6,1,0,2.0
63159,JSME - BDME,3,6,1,0,2.0
63151,JSME - BDME,3,6,1,0,2.0
63153,JSME - BDME,3,6,1,0,2.0
63154,BDME - JSME,3,6,1,0,2.0
95309,A17,4,6,2,0,1.5
95320,A58,2,6,0,0,3.0
95321,A47,4,6,2,0,1.5
73215,DIGHA-R BLOC,7,6,5,0,0.8571428571428571
55823,RPAN - DKGN,4,6,2,0,1.5
73216,R BLOCK-DIGH,7,6,5,0,0.8571428571428571
37112,BRMH - HWH L,3,6,1,0,2.0
37113,HWH-BRMH LOC,2,6,0,0,3.0
95310,A20,2,6,0,0,3.0
37115,HWH-BRMH LOC,2,6,0,0,3.0
37116,BRMH - HWH L,3,6,1,0,2.0
37117,HWH-BRMH LOC,2,6,0,0,3.0
37118,BRMH - HWH L,3,6,1,0,2.0
37119,HWH-BRMH LOC,2,6,0,0,3.0
95302,A12,2,6,0,0,3.0
95324,A46,2,6,0,0,3.0
95323,A49,4,6,2,0,1.5
95303,A11,4,6,2,0,1.5
95306,A16,2,6,0,0,3.0
95305,A13,4,6,2,0,1.5
95304,A14,2,6,0,0,3.0
37111,HWH-BELURMAT,2,6,0,0,3.0
37120,BRMH - HWH L,3,6,1,0,2.0
37121,HWH-BRMH LOC,2,6,0,0,3.0
95316,A26,2,6,0,0,3.0
95317,A41,4,6,2,0,1.5
95318,A32,2,6,0,0,3.0
95319,A45,4,6,2,0,1.5
63165,JSME-BDME PG,3,6,1,0,2.0
63166,BDME - JSME,3,6,1,0,2.0
63168,BDME - JSME,2,6,0,0,3.0
63169,JSME-BDME PG,3,6,1,0,2.0
63167,JSME - BDME,2,6,0,0,3.0
95322,DA2,2,6,0,0,3.0
95308,A18,2,6,0,0,3.0
95307,A15,4,6,2,0,1.5
95301,DA1,4,6,2,0,1.5
37114,BRMH - HWH L,3,6,1,0,2.0
96309,A9,4,6,2,0,1.5
96315,A29,4,6,2,0,1.5
96312,A28,2,6,0,0,3.0
96313,A27,4,6,2,0,1.5
96318,A36,2,6,0,0,3.0
96314,A30,2,6,0,0,3.0
96317,A31,4,6,2,0,1.5
96316,A34,2,6,0,0,3.0
96339,DA5,4,6,2,0,1.5
63164,BDME - JSME,3,6,1,0,2.0
63161,JSME - BDME,3,6,1,0,2.0
63162,BDME - JSME,3,6,1,0,2.0
37122,BRMH - HWH L,3,6,1,0,2.0
96328,A60,2,6,0,0,3.0
96331,TA3,4,6,2,0,1.5
95325,A51,4,6,2,0,1.5
96332,A68,2,6,0,0,3.0
96333,A57,4,6,2,0,1.5
96329,A43,4,6,2,0,1.5
96341,A63,4,6,2,0,1.5
63160,BDME - JSME,3,6,1,0,2.0
96345,A67,4,6,2,0,1.5
96343,A65,4,6,2,0,1.5
96330,A66,2,6,0,0,3.0
96335,A59,4,6,2,0,1.5
96337,A61,4,6,2,0,1.5
96334,A70,2,6,0,0,3.0
38034,SRC SHM LOCA,3,5,1,0,1.6666666666666667
38031,SHM SRC LOCA,3,5,1,0,1.6666666666666667
38033,SHM SRC LOCA,3,5,1,0,1.6666666666666667
38036,SRC SHM LOCA,3,5,1,0,1.6666666666666667
43921,TRL-KBT EMU,2,5,0,0,2.5
64586,HRS-HRF MEMU,2,5,0,0,2.5
38032,SRC SHM LOCA,3,5,1,0,1.6666666666666667
64585,HRF-HRS MEMU,2,5,0,0,2.5
3308,PLJE-SZE MEM,4,4,2,0,1.0
3307,SZE-PLJE MEM,4,4,2,0,1.0
43891,AVD-PTMS EMU,3,4,1,0,1.3333333333333333
3305,DHN-KUSUNDA,2,3,0,0,1.5
3306,KUSUNDA-DHN,2,3,0,0,1.5
96006,SKP6,2,2,0,0,1.0
96005,SKP3,2,2,0,0,1.0
96008,SKP8,2,2,0,0,1.0
96007,SKP5,2,2,0,0,1.0
96012,SKP12,2,2,0,0,1.0
96013,SKP11,2,2,0,0,1.0
96010,SKP10,2,2,0,0,1.0
96022,SKP20,2,2,0,0,1.0
96014,SKP14,2,2,0,0,1.0
96017,SKP15,2,2,0,0,1.0
96011,SKP9,2,2,0,0,1.0
96018,SKP18,2,2,0,0,1.0
96009,SKP7,2,2,0,0,1.0
96004,SKP4,2,2,0,0,1.0
96002,SKP2,2,2,0,0,1.0
96001,SKP1,2,2,0,0,1.0
96015,SKP13,2,2,0,0,1.0
96016,SKP16,2,2,0,0,1.0
79488,RB 79488,2,1,0,0,0.5
79485,RB 79485,2,1,0,0,0.5
79487,RB 79487,2,1,0,0,0.5
79486,RB 79486,2,1,0,0,0.5
79489,RB 79489,2,1,0,0,0.5
79490,RB 79490,2,1,0,0,0.5
