station_code,station_name,total_trains_handled,avg_halt_min,max_halt_min,total_anomalies,anomaly_rate_pct
CSMT,Cst-Mumbai,1027,0.0,0,1,0.09737098344693282
KYN,Kalyan Jn,828,0.9480676328502415,5,8,0.966183574879227
TNA,Thane,796,0.8341708542713567,5,1,0.12562814070351758
SDAH,Sealdah,745,0.0,0,1,0.1342281879194631
MSB,Chennai Beac,738,0.45257452574525747,25,0,0.0
HWH,Howrah Jn.,699,0.8226037195994278,50,30,4.291845493562231
DR,Dadar,567,1.1410934744268078,5,0,0.0
DDJ,Dum Dum Jn.,463,1.0129589632829374,6,0,0.0
CLA,Kurla,462,0.8679653679653679,1,0,0.0
TBM,Tambaram,434,0.9262672811059908,15,0,0.0
BZA,Vijaywada Jn,416,11.78125,40,83,19.951923076923077
GC,Ghat Kopar,406,0.9901477832512315,1,0,0.0
BNXR,Bidhannagar,404,1.0148514851485149,4,0,0.0
PNVL,Panvel,402,1.4477611940298507,30,17,4.228855721393035
MTN,Mumbai (Matu,393,0.9974554707379135,1,0,0.0
MLND,Mulund,393,1.0,1,0,0.0
BY,Mumbai (Bycu,392,0.9974489795918368,1,0,0.0
CNB,Kanpur Centr,383,6.535248041775457,35,99,25.848563968668408
BRC,Vadodara Jn.,378,8.492063492063492,60,51,13.492063492063492
BND,Bhandup,373,1.002680965147453,2,0,0.0
VK,Vikhroli,370,1.008108108108108,3,0,0.0
VVH,Vidyavihar,356,0.9775280898876404,1,0,0.0
NHU,Nahur,355,1.0,1,0,0.0
NDLS,New Delhi,355,7.284507042253521,150,77,21.69014084507042
PR,Mumbai(Parel,346,1.0,1,0,0.0
CRD,Mumbai Curre,344,0.997093023255814,1,0,0.0
CHG,Mumbai (Chin,344,1.0,1,0,0.0
MSD,Mumbai (Masj,344,0.997093023255814,1,0,0.0
SNRD,Mumbai Sandh,344,0.997093023255814,1,0,0.0
PER,Perambur,342,1.3070175438596492,20,3,0.8771929824561403
BDC,Bandel Jn.,325,1.436923076923077,11,0,0.0
BWN,Barddhaman J,319,2.2100313479623823,24,0,0.0
ST,Surat,318,5.836477987421383,40,21,6.60377358490566
KGP,Kharagpur,309,6.889967637540453,50,21,6.796116504854369
MS,Chennai Egmo,309,2.773462783171521,35,13,4.207119741100324
NH,Naihati Jn.,307,1.019543973941368,8,0,0.0
LLH,Liluah,306,1.0065359477124183,3,0,0.0
ADI,Ahmedabad,305,11.842622950819672,55,42,13.77049180327869
BLN,Ballygunge J,300,1.2733333333333334,32,1,0.33333333333333337
BSL,Bhusaval Jn.,298,8.95973154362416,15,55,18.456375838926174
BEQ,Belur,295,1.0,1,0,0.0
LKO,Lucknow Jn.,295,11.627118644067796,40,88,29.830508474576273
VLK,Villivakkam,293,1.0,1,0,0.0
MGS,Mughal Sarai,292,11.729452054794521,25,66,22.602739726027394
ET,Itarsi,291,9.374570446735396,35,56,19.243986254295535
AVD,Avadi,291,0.7422680412371134,2,0,0.0
SC,Secunderabad,288,4.208333333333333,40,18,6.25
ABU,Ambattur,281,1.0,1,0,0.0
PUNE,Pune Jn.,278,3.633093525179856,20,19,6.83453237410072
UMB,Ambala Cantt,274,7.7226277372262775,43,13,4.744525547445255
VPY,Veysarpadi,274,1.0,1,0,0.0
BBQ,Basin Bridge,268,1.0037313432835822,2,0,0.0
DI,Dombivli,267,0.7640449438202247,1,0,0.0
MMCC,Moor Market,267,0.0,0,0,0.0
SRP,Shrirampur,266,1.0338345864661653,7,0,0.0
SHE,Seoraphuli J,265,1.0641509433962264,5,0,0.0
DIVA,Diva Jn,265,0.9509433962264151,2,0,0.0
BP,Barrackpore,264,0.9053030303030303,8,0,0.0
ASN,Asansol Main,263,7.0456273764258555,60,13,4.942965779467681
GZB,Ghaziabad Jn,262,1.6374045801526718,5,4,1.5267175572519083
CGL,Chengalpattu,254,1.4606299212598426,45,1,0.39370078740157477
NGP,Nagpur Jn.(C,252,10.198412698412698,55,84,33.33333333333333
NZM,Hazrat Nizam,249,3.6184738955823295,60,33,13.253012048192772
BBS,Bhubaneswar,248,4.016129032258065,20,6,2.4193548387096775
KLVA,Kalva,248,1.0,1,0,0.0
KOPR,Kopar,248,1.0040322580645162,2,0,0.0
MBQ,Mumbra,248,0.9959677419354839,1,0,0.0
PNBE,Patna Jn.,246,5.020325203252033,70,22,8.94308943089431
JHS,Jhansi Jn,246,9.475609756097562,25,57,23.170731707317074
KPD,Katpadi Jn,245,3.8816326530612244,40,7,2.857142857142857
ANND,Anand Jn.,243,1.4444444444444444,5,0,0.0
DLI,Delhi Jn.,240,5.804166666666666,120,26,10.833333333333334
BPL,Bhopal,239,7.648535564853557,45,51,21.338912133891213
UPA,Uttarpara,238,1.0,1,0,0.0
BLY,Bally,238,0.9957983193277311,3,0,0.0
MB,Moradabad Jn,238,8.235294117647058,80,17,7.142857142857142
KUR,Khurda Road,236,11.211864406779661,35,36,15.254237288135593
LDH,Ludhiana Jn.,235,8.527659574468085,30,9,3.829787234042553
KOG,Konnagar,235,1.0,1,0,0.0
SPR,Sonarpur Jn.,235,0.8468085106382979,2,0,0.0
VSKP,Visakhapatna,233,11.866952789699571,65,51,21.888412017167383
RIS,Rishra,233,1.0,1,0,0.0
VLCY,Velacheery,233,0.0,0,0,0.0
HMZ,Hindmotor,231,1.0,1,0,0.0
BSB,Varanasi Jn.,230,9.539130434782608,55,21,9.130434782608695
SRC,Santragachi,230,1.0565217391304347,7,0,0.0
MTMY,Thirumayilai,230,1.0043478260869565,2,0,0.0
AJJ,Arakkonam Jn,227,1.8854625550660793,50,1,0.4405286343612335
ABH,Ambernath,225,0.6622222222222223,2,0,0.0
RJY,Rajahmundry,220,2.290909090909091,20,0,0.0
SEP,Sodpur,219,1.0,1,0,0.0
GKP,Gorakhpur Jn,219,5.639269406392694,35,9,4.10958904109589
BLH,Belgharia,219,1.0136986301369864,4,0,0.0
BGJT,.Baghajatin,217,1.0,1,0,0.0
STM,St. Thomas M,217,0.9907834101382489,1,0,0.0
DHK,Dhakuria,217,1.0138248847926268,4,0,0.0
JDP,Jadabpur,217,1.0046082949308757,2,0,0.0
GIA,Garia,217,1.0092165898617511,2,0,0.0
PV,Pallavaram,214,0.985981308411215,1,0,0.0
ED,Erode Jn.,214,6.813084112149533,25,3,1.4018691588785046
MKK,Kodambakkam,214,1.0,1,0,0.0
MTJ,Mathura Jn.,212,4.30188679245283,25,3,1.4150943396226416
MMR,Manmad Jn.,212,4.1745283018867925,10,4,1.8867924528301887
SA,Salem Jn.,210,4.190476190476191,35,11,5.238095238095238
AGP,Agarpara,210,0.9952380952380953,1,0,0.0
TGH,Tita Garh,210,1.0095238095238095,2,0,0.0
KDH,Khardaha,210,1.0,1,0,0.0
TRL,Tiruvallur,209,0.6650717703349283,4,0,0.0
RHA,Ranaghat Jn.,207,0.6859903381642513,8,0,0.0
TCR,Trichur,206,2.79126213592233,5,0,0.0
ALD,Allahabad Jn,205,12.682926829268293,50,55,26.82926829268293
GDR,Gudur Jn.,203,2.4827586206896552,25,11,5.41871921182266
NRPR,Narendrapur,200,1.0,1,0,0.0
PRES,Pattabiram E,200,1.005,3,0,0.0
SNR,Shyam Nagar,200,0.99,1,0,0.0
OGL,Ongole,198,1.3686868686868687,5,10,5.05050505050505
JTJ,Jolarpettai,197,3.16751269035533,105,2,1.015228426395939
RU,Renigunta Jn,197,7.456852791878172,65,15,7.614213197969544
MBM,Mambalam,196,1.086734693877551,7,0,0.0
NLR,Nellore,195,1.3794871794871795,2,9,4.615384615384616
RVJ,Ravli Jn,192,0.0,0,0,0.0
MAS,Chennai Cent,192,4.895833333333333,55,40,20.833333333333336
KOTA,Kota,191,7.0680628272251305,30,50,26.17801047120419
CTC,Cuttack Jn.,189,4.4867724867724865,30,4,2.1164021164021163
IP,Ichhapur,188,1.0,1,0,0.0
KCG,Kacheguda,186,2.510752688172043,20,2,1.0752688172043012
PTF,Palta,186,1.0,1,0,0.0
YPR,Yesvantpur J,186,3.3870967741935485,135,10,5.376344086021505
TI,Tiruninravur,186,0.9946236559139785,1,0,0.0
CBE,Coimbatore,186,3.096774193548387,25,0,0.0
THK,Thakurli,185,1.027027027027027,2,0,0.0
VSH,Vashi,185,0.0,0,0,0.0
TMVL,Thirumullaiv,184,1.0,1,0,0.0
ANNR,Annanur,184,1.0108695652173914,3,0,0.0
KOTR,Korattur,184,1.0,1,0,0.0
PVM,Pattaravakka,184,1.0,1,0,0.0
KNR,Kankinara,184,1.0108695652173914,2,0,0.0
VZM,Vizianagaram,183,5.73224043715847,45,14,7.650273224043716
R,Raipur Jn.,183,9.475409836065573,35,6,3.278688524590164
JP,Jaipur Jn.,182,8.324175824175825,235,7,3.8461538461538463
QLN,Quilon,179,3.642458100558659,45,1,0.5586592178770949
BJU,Barauni Jn.,179,11.927374301675977,155,8,4.4692737430167595
BT,Barasat Jn.,178,0.8258426966292135,4,0,0.0
JBP,Jabalpur,178,6.640449438202247,10,29,16.292134831460675
ND,Nadiad Jn.,177,1.6779661016949152,5,0,0.0
AGC,Agra Cantt,176,4.676136363636363,30,2,1.1363636363636365
RTM,Ratlam Jn,173,9.508670520231213,35,58,33.52601156069364
SPJ,Samastipur J,173,7.601156069364162,50,9,5.202312138728324
CGR,Chandan Naga,173,1.0404624277456647,3,0,0.0
CNS,Chuchura,171,1.0175438596491229,3,0,0.0
BE,Bareilly Jn.,170,3.4941176470588236,10,24,14.117647058823529
GDY,Guindy,170,1.0058823529411764,2,0,0.0
VAPI,Vapi,169,2.42603550295858,12,0,0.0
BSP,Bilaspur Jn.,169,10.710059171597633,75,20,11.834319526627219
TLM,Tirusulam,169,1.0,1,0,0.0
MPK,Chennai Park,169,1.0,1,0,0.0
MSC,Chennai Chet,169,1.0,1,0,0.0
SP,Saidapet,169,1.0,1,0,0.0
PZA,Palavanthang,169,1.0,1,0,0.0
NBK,Nungambakkam,169,1.0,1,0,0.0
MN,Minambakkam,169,1.0,1,0,0.0
MSF,Chennai Fort,169,1.0,1,0,0.0
CMP,Chromepet,168,1.0,1,0,0.0
TBMS,Tambaram San,168,1.130952380952381,2,0,0.0
SBC,Krantivira S,167,3.5748502994011977,40,8,4.790419161676647
KPA,Kanchrapara,166,1.0120481927710843,4,0,0.0
KYI,Kalyani Jn.,166,1.0,1,0,0.0
KTE,Katni,165,6.781818181818182,35,1,0.6060606060606061
KJT,Karjat,164,1.0731707317073171,5,0,0.0
KIUL,Kiul Jn.,164,5.060975609756097,30,4,2.4390243902439024
AWY,Alwaye,164,2.0060975609756095,5,0,0.0
DURG,Durg,163,4.104294478527607,75,2,1.2269938650306749
STA,Satna,163,9.950920245398773,150,9,5.521472392638037
PGT,Palakkad Jn,162,5.117283950617284,20,0,0.0
DDC,Dumdum Canto,161,1.0,3,0,0.0
BMT,Begampet,160,1.11875,2,1,0.625
JUC,Jalandhar Ci,160,4.35,30,3,1.875
GWL,Gwalior Jn,160,4.91875,40,5,3.125
TUP,Tiruppur,160,2.04375,5,0,0.0
LPI,Lingampalli,160,0.35625,2,0,0.0
MMG,Madhyam Gram,159,0.9811320754716981,2,0,0.0
BBT,Birati,159,0.9937106918238994,1,0,0.0
GAYA,Gaya Jn.,158,4.594936708860759,25,11,6.962025316455696
JGDL,Jagadal,158,1.0,1,0,0.0
DGR,Durgapur,158,4.6265822784810124,25,4,2.5316455696202533
LNL,Lonavla,157,1.643312101910828,3,0,0.0
SRE,Saharanpur J,156,10.512820512820513,65,15,9.615384615384617
BRP,Baruipur Jn.,156,0.7371794871794872,3,0,0.0
JSME,Jasidih Jn.,156,3.2243589743589745,20,2,1.282051282051282
TLA,Titvala,155,0.4967741935483871,1,0,0.0
CPR,Chhapra Jn.,155,7.561290322580645,20,0,0.0
HC,Hindu Colleg,155,1.0,1,0,0.0
BH,Bharuch Jn.,155,1.735483870967742,5,0,0.0
PRWS,Pattabiram W,155,1.0193548387096774,2,0,0.0
PNC,Patna Saheb,154,2.064935064935065,5,1,0.6493506493506493
BPQ,Balharshah,154,10.064935064935066,30,51,33.116883116883116
SLO,Samalkot Jn.,152,1.7236842105263157,20,0,0.0
KYJ,Kayankulam J,152,1.9013157894736843,5,0,0.0
BLS,Balasore,152,3.164473684210526,10,1,0.6578947368421052
NJP,New Jalpaigu,151,11.258278145695364,20,11,7.28476821192053
WL,Warangal,151,2.4701986754966887,5,15,9.933774834437086
MFP,Muzaffarpur,149,5.771812080536913,35,12,8.053691275167784
EE,Eluru,148,1.3716216216216217,2,1,0.6756756756756757
HLR,Halisahar,148,1.0067567567567568,2,0,0.0
TPJ,Tiruchirappa,147,5.204081632653061,45,3,2.0408163265306123
BUD,Badlapur,147,0.5374149659863946,2,0,0.0
BINA,Bina,147,5.891156462585034,50,6,4.081632653061225
TPTY,Tirupati,147,1.0952380952380953,5,1,0.6802721088435374
SBGR,Subhasgram,146,1.0205479452054795,4,0,0.0
MAK,Mallikpur,146,1.0068493150684932,2,0,0.0
JL,Jalgaon Jn.,145,3.6344827586206896,20,8,5.517241379310345
BAM,Berhampur,145,3.8,10,4,2.7586206896551726
BBAE,Baidyabati,144,1.0,1,0,0.0
BHR,Bhadreshwar,144,1.0069444444444444,2,0,0.0
DGNR,Durganagar,144,1.0,1,0,0.0
MUU,Mankundu,143,1.0,1,0,0.0
HGY,Hooghly,143,1.0,1,0,0.0
BVI,Borivli,143,3.3916083916083917,10,11,7.6923076923076925
TEL,Tenali Jn.,143,1.832167832167832,15,0,0.0
SRR,Shoranur Jn.,142,7.570422535211268,30,2,1.4084507042253522
KNW,Khandwa Jn.,142,6.345070422535211,215,5,3.5211267605633805
TATA,Tatanagar Jn,141,5.702127659574468,40,10,7.092198581560284
G,Gondia Jn.,141,2.5815602836879434,20,2,1.4184397163120568
HHR,Hridaypur,139,1.0071942446043165,2,0,0.0
LTT,Lokmanya Til,139,0.0,0,1,0.7194244604316548
NK,Nasik Road,139,4.402877697841727,5,19,13.66906474820144
BL,Valsad,139,3.5899280575539567,20,0,0.0
DD,Daund Jn.,138,9.123188405797102,50,6,4.3478260869565215
ERS,Ernakulam. J,137,2.335766423357664,10,2,1.4598540145985401
SWM,Sawai Madhop,137,8.861313868613138,235,3,2.18978102189781
NBE,New Barrackp,137,1.0,1,0,0.0
BRPK,Bisharpara-K,137,1.0,1,0,0.0
MCA,Mecheda,136,1.0661764705882353,5,0,0.0
KIR,Katihar Jn.,136,11.176470588235293,75,30,22.058823529411764
GD,Gonda Jn.,135,8.192592592592593,125,5,3.7037037037037033
JRC,Jalandhar Ca,135,3.7185185185185183,27,1,0.7407407407407408
AK,Akola Jn.,134,5.253731343283582,10,4,2.9850746268656714
ULB,Ulubaria,134,1.0,4,0,0.0
HJP,Hajipur Jn.,133,4.676691729323308,5,0,0.0
VM,Villupuram J,133,5.586466165413534,25,0,0.0
CDH,Chakdaha,133,1.0,1,0,0.0
RPH,Rampur Hat,131,3.0229007633587788,20,0,0.0
BHC,Bhadrakh,130,2.0384615384615383,5,0,0.0
AII,Ajmer Jn.,129,7.937984496124031,70,12,9.30232558139535
KNE,Kishanganj,129,2.9612403100775193,5,0,0.0
PKU,Panskura,129,1.4031007751937985,12,0,0.0
RE,Rewari Jn.,129,5.224806201550388,55,7,5.426356589147287
NAD,Nagda Jn,128,7.859375,35,10,7.8125
BSR,Vasai Road,128,7.6328125,30,19,14.84375
ASR,Amritsar Jn.,127,2.2440944881889764,35,4,3.149606299212598
MLDT,Malda Town,126,9.722222222222221,30,3,2.380952380952381
KZJ,Kazipet Jn.,125,2.088,20,6,4.8
UJN,Ujjain Jn,124,12.137096774193548,55,4,3.225806451612903
HFZ,Hafizpeta,124,1.0,1,0,0.0
JSG,Jharsuguda J,124,6.935483870967742,47,5,4.032258064516129
BZN,Bagnan,122,1.0,2,0,0.0
BD,Badnera Jn.,122,5.647540983606557,110,3,2.459016393442623
MDP,Madhupur Jn.,122,4.377049180327869,57,4,3.278688524590164
SBB,Sahibabad,121,1.1074380165289257,2,0,0.0
SMX,Simurali,121,0.9917355371900827,1,0,0.0
ERN,Ernakulam To,121,4.1735537190082646,10,0,0.0
GTL,Guntakal Jn.,121,6.958677685950414,50,6,4.958677685950414
NBQ,New Bongaiga,121,6.528925619834711,50,6,4.958677685950414
RPM,Royapuram,120,1.0,1,0,0.0
WST,Washermanpet,120,1.0,1,0,0.0
GHY,Guwahati,119,9.243697478991596,40,26,21.84873949579832
HYB,Hyderabad De,118,0.0,0,0,0.0
PNP,Panipat Jn.,118,2.7796610169491527,32,2,1.694915254237288
FM,Falaknuma,118,0.19491525423728814,1,0,0.0
TDL,Tundla Jn,118,6.288135593220339,50,13,11.016949152542372
MSH,Mahesana Jn,118,2.0254237288135593,30,1,0.847457627118644
MKA,Mokama Jn.,118,2.1186440677966103,5,0,0.0
PTLR,Puttlur,117,1.0,1,0,0.0
KJM,Krishna Raja,117,1.8632478632478633,10,1,0.8547008547008548
BWT,Bangarpet Jn,117,2.4786324786324787,25,0,0.0
VEU,Veppampattu,117,1.0,1,0,0.0
SVR,Sevvapet Roa,117,1.0,1,0,0.0
KTYM,Kottayam,116,2.8448275862068964,5,0,0.0
PDX,Payra Danga,115,1.0,1,0,0.0
VG,Viramgam Jn,115,1.991304347826087,15,0,0.0
SUR,Solapur,115,7.008695652173913,25,16,13.91304347826087
DNR,Danapur,115,2.7043478260869565,10,0,0.0
MPJ,Madanpur,115,1.0260869565217392,4,0,0.0
MAO,Madgoan Jn.,115,6.478260869565218,45,15,13.043478260869565
ADL,Andul,115,1.0347826086956522,5,0,0.0
CLT,Calicut,114,4.93859649122807,40,1,0.8771929824561403
BKP,Bakhtiyarpur,114,2.675438596491228,31,3,2.631578947368421
ROU,Rourkela,114,12.157894736842104,40,9,7.894736842105263
BVA,Bauria Jn,114,1.0087719298245614,2,0,0.0
JAJ,Jhajha,114,5.333333333333333,10,0,0.0
DKAE,Dankuni Jn.,113,0.6460176991150443,2,0,0.0
ULNR,Ulhasnagar,113,1.0176991150442478,2,0,0.0
ARA,Ara,113,2.336283185840708,10,0,0.0
DTK,Dattapukur,112,0.8303571428571429,3,0,0.0
BMG,Bamangachhi,112,1.0089285714285714,2,0,0.0
FDB,Faridabad,112,1.5625,2,0,0.0
DHN,Dhanbad Jn.,111,4.954954954954955,50,6,5.405405405405405
ON,Unnao Jn.,110,1.9181818181818182,5,1,0.9090909090909091
PXR,Palpara,109,1.0,1,0,0.0
VLDI,Vithalwadi,109,1.0,1,0,0.0
JAT,Jammu Tawi,109,5.522935779816514,30,4,3.669724770642202
SPN,Shahjahanpur,109,3.146788990825688,10,0,0.0
FLR,Fuleswar,109,1.0,1,0,0.0
UBL,Hubli Jn.,109,4.394495412844036,35,1,0.9174311926605505
STPD,Sitafalmandi,109,1.0091743119266054,2,0,0.0
CAN,Kannur,109,4.064220183486238,10,0,0.0
BRBD,Borabanda,108,1.0,1,0,0.0
BTNR,Bharatnagar,108,1.0,1,0,0.0
CDNR,Chandanagar,108,1.0,1,0,0.0
CNGR,Chengannur,108,2.3425925925925926,5,0,0.0
GNT,Guntur Jn.,108,5.675925925925926,40,4,3.7037037037037033
FNB,Fatehnagar,108,1.0,1,0,0.0
PSA,Palasa,108,2.462962962962963,35,2,1.8518518518518516
PNU,Palanpur Jn,108,5.046296296296297,40,8,7.4074074074074066
BEAS,Beas Jn,108,1.8703703703703705,5,0,0.0
NCHS,Nature Cure,108,1.0,1,0,0.0
HTCY,Hitech City,108,1.0,1,0,0.0
TKJ,Tilak Bridge,107,0.9345794392523364,2,0,0.0
KYQ,Kamakhya Jn,107,2.1588785046728973,5,2,1.8691588785046727
BBK,Bara Banki J,107,1.9158878504672898,5,1,0.9345794392523363
IGP,Igatpuri,106,5.330188679245283,20,6,5.660377358490567
SEE,Sonpur Jn.,105,3.619047619047619,78,1,0.9523809523809524
CSB,Shivaji Brid,105,1.0,1,0,0.0
JU,Jodhpur Jn.,105,5.857142857142857,35,4,3.8095238095238098
TNP,Tondiarpet,104,1.0096153846153846,2,0,0.0
TVT,Tiruvottiyur,104,1.0,1,0,0.0
TRVL,Tiruvalla,104,1.4615384615384615,10,0,0.0
ENR,Ennore,104,1.0288461538461537,6,0,0.0
KOK,Korukkupet,104,1.0,1,0,0.0
NALR,Nalpur,103,1.0097087378640777,2,0,0.0
MXT,Malakpet,103,1.0,1,0,0.0
SEL,Sankrail,103,1.0,1,0,0.0
BST,Basti,103,2.9029126213592233,5,0,0.0
CGA,Chengel,103,1.0194174757281553,3,0,0.0
ROK,Rohtak Jn.,102,3.343137254901961,30,2,1.9607843137254901
MDU,Madurai Jn,102,3.1470588235294117,10,1,0.9803921568627451
MJR,Minjur,102,1.0294117647058822,4,0,0.0
JJKR,Jajpur Keonj,102,2.0588235294117645,5,0,0.0
DSA,Delhi-Shahda,102,1.4607843137254901,2,0,0.0
PON,Ponneri,102,1.0098039215686274,5,0,0.0
TVC,Trivandrum C,102,1.7647058823529411,10,0,0.0
AIP,Attipattu,102,1.0,1,0,0.0
BXR,Buxar,101,2.910891089108911,25,0,0.0
AIPP,Attipattu Pu,101,1.00990099009901,2,0,0.0
DVD,Duvvada,101,1.9306930693069306,12,5,4.9504950495049505
DQR,Dabir Pura,101,1.0,1,0,0.0
HPG,Huppuguda,101,1.0,1,0,0.0
YKA,Yakut Pura,101,1.0,1,0,0.0
KIG,Kolaghat,101,0.9702970297029703,1,0,0.0
MJT,Majerhat,100,1.43,18,0,0.0
PAU,Purna  Jn.,100,6.24,50,2,2.0
ABR,Abu Road,100,11.69,55,6,6.0
HBJ,Habibganj,100,3.65,80,13,13.0
DTE,Deulti,100,1.0,1,0,0.0
VAR,Vidya Nagar,99,1.0,1,0,0.0
SV,Siwan Jn.,99,4.626262626262626,15,0,0.0
ALJN,Aligarh Jn.,99,3.04040404040404,20,10,10.1010101010101
NED,Nanded,99,2.95959595959596,10,0,0.0
ATC,Arts Collage,99,1.0,1,0,0.0
BEPR,Belapur C.B.,99,0.0,0,0,0.0
JMP,Jamalpur Jn.,99,4.98989898989899,30,1,1.0101010101010102
KOAA,Kolkata,99,0.25252525252525254,1,4,4.040404040404041
KGG,Khagaria Jn.,99,3.323232323232323,10,0,0.0
JOO,Jamai-Osmani,99,0.98989898989899,1,0,0.0
BNC,Bangalore Ca,99,1.898989898989899,12,1,1.0101010101010102
FL,Phulera Jn.,99,2.787878787878788,55,1,1.0101010101010102
BDTS,Bandra Termi,98,0.0,0,2,2.0408163265306123
KGY,Kulgachia,98,1.0,1,0,0.0
RMJ,Ramrajatala,98,1.0,1,0,0.0
KLNP,Kalinarayanp,98,1.0204081632653061,3,0,0.0
PURI,Puri,98,0.0,0,1,1.0204081632653061
KMT,Khammam,98,1.5714285714285714,2,0,0.0
BSBP,Birshibpur,98,1.0,1,0,0.0
GMO,Nsc Bose J G,98,10.989795918367347,70,7,7.142857142857142
SKZR,Sirpurkaghaz,98,1.9387755102040816,50,1,1.0204081632653061
GPD,Gummidipundi,98,0.8877551020408163,15,0,0.0
NCB,New Cooch Be,97,3.804123711340206,10,0,0.0
SKG,Sakti Garh J,97,0.9896907216494846,1,0,0.0
GRP,Gangpur,97,1.0,1,0,0.0
RN,Ratnagiri,97,4.793814432989691,5,22,22.68041237113402
SUNR,Surendranaga,96,3.21875,30,1,1.0416666666666665
MTD,Merta Road J,96,5.833333333333333,40,7,7.291666666666667
RJT,Rajkot,96,7.947916666666667,100,6,6.25
TPKR,Tikiapara,96,1.0,1,0,0.0
ADRA,Adra,96,8.270833333333334,45,9,9.375
BNJ,Bangaon Jn.,96,0.0,0,0,0.0
BTE,Bharatpur Jn,95,4.768421052631579,225,1,1.0526315789473684
DSNR,Dashnagar,95,1.0,1,0,0.0
MJ,Marwar Jn.,94,4.117021276595745,25,1,1.0638297872340425
CLX,Chirala,94,1.372340425531915,2,0,0.0
DRD,Dahanu Road,94,1.0,4,0,0.0
INDB,Indore Bg,94,0.6382978723404256,10,0,0.0
RJPB,Rajendranaga,94,1.2765957446808511,2,0,0.0
KVP,Kavaraippett,94,1.0106382978723405,2,0,0.0
RNY,Rangiya Jn.,94,6.76595744680851,25,1,1.0638297872340425
ANVT,Anand Vihar,93,0.0,0,12,12.903225806451612
CHE,Srikakulam R,93,2.3333333333333335,5,0,0.0
KBT,Kadambattur,93,0.989247311827957,5,0,0.0
PTKC,Pathankot Ca,93,4.774193548387097,10,0,0.0
GGTA,Ghoraghata,93,1.0,1,0,0.0
WR,Wardha Jn.,92,3.4239130434782608,36,2,2.1739130434782608
DMM,Dharmavaram,92,3.9782608695652173,15,0,0.0
DBG,Darbhanga Jn,92,5.271739130434782,10,0,0.0
BOE,Barsoi Jn.,92,2.2065217391304346,10,0,0.0
BIRA,Bira,91,1.010989010989011,2,0,0.0
HB,Habra,91,0.8461538461538461,3,0,0.0
GUMA,Guma,91,1.0,1,0,0.0
ASK,Arsikere Jn.,91,4.142857142857143,10,0,0.0
DEC,Delhi Cantt,91,1.879120879120879,2,0,0.0
MDN,Midnapore,91,1.3626373626373627,5,0,0.0
ASKR,Ashoknagar R,91,1.0,1,0,0.0
LJN,Lucknow Jn.,90,8.311111111111112,40,16,17.77777777777778
KWAE,Katwa Jn.,90,1.3222222222222222,5,0,0.0
ABB,Abada,90,1.0,1,0,0.0
CRJ,Chittaranjan,90,1.7333333333333334,6,0,0.0
AKV,Ankleshwar J,90,1.6222222222222222,3,0,0.0
DG,Dindigul Jn,90,3.688888888888889,30,1,1.1111111111111112
GY,Gooty Jn.,89,2.1123595505617976,10,0,0.0
BHP,Bolpur,89,3.168539325842697,5,0,0.0
PGW,Phagwara Jn.,89,2.0112359550561796,4,0,0.0
GGN,Gurgaon,89,1.8426966292134832,2,1,1.1235955056179776
BZU,Betul,88,2.0454545454545454,3,0,0.0
DHD,Dahod,88,1.6363636363636365,2,0,0.0
DEOS,Deoria Sadar,87,2.67816091954023,5,0,0.0
MURI,Muri,87,5.252873563218391,40,2,2.2988505747126435
BOP,Bhogpur,87,1.0,1,0,0.0
RNC,Ranchi,87,4.252873563218391,15,3,3.4482758620689653
MRJ,Miraj Jn.,86,5.976744186046512,35,4,4.651162790697675
NFK,New Farakka,85,2.847058823529412,10,0,0.0
TO,Tiruvalangad,85,1.0,1,0,0.0
RK,Roorkee,85,2.4941176470588236,5,0,0.0
NACC,New Alipur (,85,0.9764705882352941,1,0,0.0
NVS,Navsari,85,2.2823529411764705,6,0,0.0
FUT,Fatuha,85,1.7882352941176471,5,0,0.0
KKDE,Kurukshetra,84,2.2857142857142856,32,2,2.380952380952381
GR,Gulbarga,84,2.869047619047619,10,0,0.0
BYT,Bhatapara,84,2.0,5,0,0.0
KGQ,Kasaragod,84,1.9166666666666667,2,0,0.0
TDD,Tadepalli Gu,84,1.3214285714285714,3,0,0.0
SSB,Shakur Basti,84,1.5357142857142858,12,0,0.0
ATP,Anantapur,84,1.7619047619047619,5,0,0.0
HW,Haridwar Jn,83,11.867469879518072,60,20,24.096385542168676
KQR,Koderma,83,2.0,5,1,1.2048192771084338
RPJ,Rajpura Jn.,83,3.036144578313253,40,3,3.614457831325301
LKF,Lake Gardens,83,1.0,1,0,0.0
TLG,Tolly Ganj,83,1.0,1,0,0.0
PPI,Pipariya,83,1.9759036144578312,3,2,2.4096385542168677
SSM,Sasaram,82,1.5121951219512195,10,0,0.0
FD,Faizabad Jn.,82,4.536585365853658,35,1,1.2195121951219512
PBN,Parbhani Jn.,82,4.158536585365853,40,1,1.2195121951219512
CD,Chandrapur (,82,2.182926829268293,3,0,0.0
MJF,Malkajgiri,82,1.1097560975609757,2,0,0.0
DOS,Dehri-On-Son,82,2.2439024390243905,25,0,0.0
RDM,Ramgundam,82,1.2439024390243902,5,0,0.0
BTI,Bathinda Jn,82,14.475609756097562,150,16,19.51219512195122
RBL,Rae Bareli J,81,3.8518518518518516,10,0,0.0
DEE,Delhi-Sarai,81,0.6419753086419753,2,2,2.4691358024691357
LKPR,Lakshmikanta,81,0.2345679012345679,12,0,0.0
TIR,Tirur,80,1.85,2,0,0.0
AZ,Azimganj Jn.,80,3.1875,45,1,1.25
TK,Tumkur,80,1.7375,3,1,1.25
FA,Falna,79,2.1265822784810124,5,0,0.0
TEN,Tirunelveli,79,2.8354430379746836,15,0,0.0
KAVM,Kathivakkam,79,1.0,1,0,0.0
KPG,Kopargaon,79,1.8481012658227849,5,0,0.0
UDL,Andal Jn.,79,1.9240506329113924,20,0,0.0
MAJN,Mangalore Jn,79,8.481012658227849,35,6,7.59493670886076
WCN,Wimco Nagar,79,1.0,1,0,0.0
ABY,Ambivli,78,1.0,1,0,0.0
BQA,Bankura,78,2.3333333333333335,10,0,0.0
LKR,Luckeesarai,78,1.858974358974359,5,0,0.0
ASO,Asangaon,78,0.48717948717948717,1,0,0.0
KDV,Khadavali,78,1.0,1,0,0.0
VSD,Vasind,78,1.0,1,0,0.0
SHAD,Shahad,78,1.0,1,0,0.0
CKP,Chakaradharp,78,5.102564102564102,45,1,1.282051282051282
APB,Anuppambattu,78,1.0,1,0,0.0
KNJ,Krishna Naga,78,0.6538461538461539,6,0,0.0
BGP,Bhagalpur,78,6.8076923076923075,110,2,2.564102564102564
PRR,Purulia Jn.,78,5.743589743589744,55,4,5.128205128205128
GDA,Godhra Jn.,77,2.5714285714285716,15,0,0.0
WADI,Wadi Jn.,77,5.402597402597403,20,0,0.0
LRJ,Laksar Jn.,77,8.441558441558442,105,9,11.688311688311687
MZP,Mirzapur,77,3.948051948051948,5,2,2.5974025974025974
NRL,Neral,76,1.013157894736842,2,0,0.0
NPKM,Nandiyambakk,76,1.0,1,0,0.0
MYS,Mysore Jn.,76,0.5263157894736842,15,0,0.0
ARJ,Aunrihar Jn.,76,2.8947368421052633,26,0,0.0
RC,Raichur,76,1.8421052631578947,5,2,2.631578947368421
BUI,Ballia,76,4.565789473684211,20,0,0.0
MTC,Meerut City,75,6.1466666666666665,55,8,10.666666666666668
TRT,Tiruttani,75,1.1333333333333333,2,0,0.0
RNG,Rani Ganj,75,1.4933333333333334,7,0,0.0
DKZ,Delhi-Kishan,75,1.24,2,0,0.0
BALU,Balugan,75,2.2533333333333334,5,0,0.0
MSL,Machhalandap,75,1.0133333333333334,2,0,0.0
GBG,Gobardanga,75,0.8933333333333333,2,0,0.0
SPE,Sullurupetta,74,1.0405405405405406,10,0,0.0
SGO,Saugor,74,4.513513513513513,10,0,0.0
BTT,Bhatni Jn.,74,6.351351351351352,50,5,6.756756756756757
SBP,Sambalpur Jn,74,9.594594594594595,30,3,4.054054054054054
YJUD,Yamunanager,74,2.6621621621621623,12,0,0.0
SNT,Sainthia Jn.,74,1.9324324324324325,35,1,1.3513513513513513
NZB,Nizamabad,73,2.8493150684931505,15,0,0.0
BGS,Begu Sarai,73,2.2465753424657535,5,0,0.0
ETW,Etawah,73,2.643835616438356,30,2,2.73972602739726
DHNE,Dhone Jn,73,6.315068493150685,35,3,4.10958904109589
MUR,Mankapur Jn.,73,4.068493150684931,35,4,5.47945205479452
RRB,Birur Jn.,73,1.9726027397260273,5,0,0.0
VGI,Vangani,73,1.0,1,0,0.0
PDA,Pundooah,73,0.9452054794520548,1,0,0.0
KQU,Kamarkundu J,73,1.0,2,0,0.0
BVS,Bhivpuri Roa,73,1.0,1,0,0.0
BARH,Barh,72,1.875,2,0,0.0
APR,Anuppur Jn.,72,6.805555555555555,30,4,5.555555555555555
HRI,Hardoi,72,3.2777777777777777,15,0,0.0
CPH,Champa Jn.,72,3.6944444444444446,10,0,0.0
NU,Narsinghpur,72,1.9861111111111112,5,0,0.0
TAK,Tarakeshwar,72,0.4861111111111111,5,0,0.0
NDD,Nidadavolu J,72,2.0416666666666665,61,1,1.3888888888888888
AKP,Anakapalle,72,1.4722222222222223,6,1,1.3888888888888888
JOX,Janai Road,71,1.0,1,0,0.0
MKP,Manikpur Jn.,71,4.704225352112676,30,2,2.8169014084507045
BHS,Vidisha,71,2.0,2,4,5.633802816901409
MVLK,Mavelikara,71,1.2253521126760563,2,0,0.0
HPU,Hapur Jn.,71,7.154929577464789,80,5,7.042253521126761
RJN,Rajnandgaon,71,2.380281690140845,5,0,0.0
PBH,Partapgarh J,71,4.816901408450704,33,2,2.8169014084507045
MBNR,Mahbubnagar,71,2.352112676056338,15,0,0.0
NOQ,New Alipurdu,71,3.6901408450704225,10,0,0.0
GBRA,Gobra,70,1.0,1,0,0.0
NPMR,Narayan Paku,70,1.0,1,0,0.0
WKR,Wankaner,70,3.9857142857142858,80,2,2.857142857142857
MUG,Magra,70,1.0,1,0,0.0
LAR,Lalitpur,70,2.1714285714285713,5,0,0.0
TLY,Thalassery,70,1.8714285714285714,2,0,0.0
BPAE,Begampur,70,1.0,1,0,0.0
JIND,Jind Jn,70,3.1142857142857143,30,1,1.4285714285714286
BRPA,Barui Para,70,1.0571428571428572,11,0,0.0
VPT,Virudunagar,70,1.6285714285714286,5,0,0.0
SLN,Sultanpur Jn,70,3.342857142857143,15,0,0.0
NDB,Nandurbar,70,8.571428571428571,110,2,2.857142857142857
PKR,Pakur,69,1.608695652173913,5,0,0.0
NDGJ,Nandaigajan,69,1.0,1,0,0.0
DWX,Dewas,69,2.0869565217391304,8,0,0.0
NSF,Nasibpur,69,1.0,1,0,0.0
BVH,Ballabgarh,69,1.2608695652173914,2,0,0.0
DEA,Diara,69,1.0,1,0,0.0
GDV,Gudivada Jn.,69,2.5072463768115942,35,2,2.898550724637681
KLD,Khalilabad,69,2.0,2,0,0.0
SIU,Singur,69,0.9420289855072463,1,0,0.0
KOJ,Kokrajhar,69,1.826086956521739,2,0,0.0
KQD,Khairatabad,69,1.0,1,0,0.0
UD,Udupi,69,1.8405797101449275,2,3,4.3478260869565215
NDAE,Nabadwip Dha,68,2.3088235294117645,5,0,0.0
MKU,Malkapur,68,1.8088235294117647,3,0,0.0
SJVP,Sanjivaiah P,68,1.0,1,0,0.0
TJ,Thanjavur Jn,68,3.426470588235294,40,1,1.4705882352941175
BOR,Boisar,68,1.838235294117647,10,0,0.0
TIG,Titla Garh J,68,13.235294117647058,30,14,20.588235294117645
ALLP,Alleppey,68,2.073529411764706,3,0,0.0
AWB,Aurangabad,68,5.529411764705882,55,1,1.4705882352941175
DMO,Damoh,68,2.3529411764705883,5,0,0.0
JET,James Street,68,1.0,1,0,0.0
KRR,Karur Jn.,67,2.537313432835821,5,0,0.0
TKNR,Thakurnagar,67,0.9850746268656716,2,0,0.0
SEGM,Sewagram,67,1.5820895522388059,3,0,0.0
MUE,Mudkhed Jn.,67,2.5970149253731343,22,0,0.0
J,Jalna,67,1.8059701492537314,5,0,0.0
MYM,Memari,67,0.8507462686567164,1,0,0.0
KHN,Khanyan,67,1.0,1,0,0.0
KUN,Karnal,67,1.955223880597015,5,0,0.0
MAU,Mau Jn.,67,8.925373134328359,65,4,5.970149253731343
KRNT,Kurnool Town,67,2.4029850746268657,15,1,1.4925373134328357
SVJR,Shivajinagar,66,1.1363636363636365,3,0,0.0
KWV,Kurduvadi Jn,66,5.393939393939394,65,2,3.0303030303030303
SIR,Sirhind Jn.,66,2.272727272727273,12,0,0.0
CDG,Chandigarh,66,8.136363636363637,55,7,10.606060606060606
HUP,Hindupur,66,1.621212121212121,2,0,0.0
BKSC,Bokaro Steel,66,5.4393939393939394,10,0,0.0
BZL,Bela Nagar,66,1.0303030303030303,3,0,0.0
JNU,Jaunpur Jn.,66,3.757575757575758,30,1,1.5151515151515151
FZR,Firozpur Can,66,3.712121212121212,30,3,4.545454545454546
SNP,Sonipat,66,1.7575757575757576,5,0,0.0
ORAI,Orai,66,4.181818181818182,5,0,0.0
BOI,Bainchi,66,1.0,1,0,0.0
KSG,Kishangarh,66,2.0,3,0,0.0
PAR,Pandhurna,66,1.5909090909090908,3,0,0.0
DVG,Davangere,65,2.0,5,0,0.0
NBD,Najibabad Jn,65,4.2,35,2,3.076923076923077
BPP,Bapatia,65,1.2615384615384615,2,0,0.0
BKI,Bandikui Jn.,65,3.076923076923077,21,0,0.0
BKN,Bikaner Jn.,65,4.923076923076923,100,3,4.615384615384616
MNE,Mansi Jn.,65,3.169230769230769,10,0,0.0
CDP,Chandpara,65,1.0307692307692307,2,0,0.0
KQLS,Kamarkundu H,65,1.0,1,0,0.0
MLYA,Maliya,65,1.0,1,0,0.0
HPL,Hari Pal,65,0.9692307692307692,1,0,0.0
ADST,Adi Saptagra,65,1.0,1,0,0.0
TLO,Talandu,65,1.0,1,0,0.0
COR,Chittaurgarh,65,18.353846153846153,115,16,24.615384615384617
NKL,Nalikul,65,0.9846153846153847,1,0,0.0
VRI,Vridha Chala,65,2.876923076923077,10,0,0.0
LMG,Lumding Jn.,64,13.375,45,17,26.5625
DWR,Dharwad,64,1.71875,5,0,0.0
DAKE,Dakhineswar,64,1.109375,2,0,0.0
CDAE,Chandanpur,64,0.875,1,0,0.0
MBE,Mirzapur Ban,64,1.015625,2,0,0.0
KTHU,Kathua,64,1.96875,2,0,0.0
SDL,Shahdol,64,4.796875,15,0,0.0
BLAE,Balarambati,64,1.0,1,0,0.0
BBU,Bhabua Road,64,1.265625,2,0,0.0
MALM,Manthralayam,64,1.609375,5,1,1.5625
BRYA,Barhiya,64,1.90625,5,0,0.0
SJP,Shujalpur,64,1.984375,4,0,0.0
PWL,Palwal,64,1.875,60,1,1.5625
CCH,Chinchvad,64,1.171875,2,0,0.0
MDSE,Madhusudanpu,63,1.0,1,0,0.0
LOK,Loknath,63,1.0,1,0,0.0
MAN,Maninagar,63,1.6031746031746033,2,0,0.0
AWR,Alwar Jn.,63,3.746031746031746,30,1,1.5873015873015872
NCJ,Nagercoil Jn,63,2.8095238095238093,15,0,0.0
SHG,Shahganj Jn.,63,10.317460317460318,30,14,22.22222222222222
KAWR,Kawr,63,1.619047619047619,2,0,0.0
DUI,Dhuri Jn.,63,8.746031746031745,45,6,9.523809523809524
ANG,Ahmadnagar,63,3.365079365079365,5,0,0.0
KKAE,Kaikala,63,1.0158730158730158,2,0,0.0
HAPA,Hapa,63,5.0,36,3,4.761904761904762
BAHW,Bahir Khanda,63,1.0,1,0,0.0
MV,Mayiladutura,63,1.9682539682539681,45,1,1.5873015873015872
DBP,Debipur,62,1.0,1,0,0.0
SLG,Simlagarh,62,1.0,1,0,0.0
BGF,Bagila,62,1.0,1,0,0.0
BGB,Budge Budge,62,0.0,0,0,0.0
SNHT,Sanhati,62,1.0,1,0,0.0
SSP,Santosh Pur,62,1.0,1,0,0.0
AHA,Abhaipur,62,1.0,1,0,0.0
MCI,Manchiryal,62,1.1290322580645162,2,0,0.0
BCGM,Bainchi Gram,62,1.0,1,0,0.0
NAI,Nangi,62,1.0,1,0,0.0
KK,Khadki,62,1.1451612903225807,2,0,0.0
AKRA,Akra,62,1.0,1,0,0.0
BCK,Balichak,62,1.0,2,0,0.0
BRJ,Brace Bridge,62,1.0,1,0,0.0
MKC,Maksi Jn,61,1.7540983606557377,2,0,0.0
DSB,Sadar Bazar,61,1.0,1,0,0.0
MYR,Maihar,61,2.0655737704918034,5,0,0.0
RMU,Rampur,61,4.524590163934426,25,1,1.639344262295082
RKM,Raja-Ki-Mand,61,1.8360655737704918,2,0,0.0
BDJ,Vadakara,60,1.85,2,0,0.0
BDYP,Bidyadharpur,60,1.0,1,0,0.0
CHT,Champahati,60,0.9833333333333333,1,0,0.0
KLKR,Kalikapur,60,1.0,1,0,0.0
GUNA,Guna,60,11.5,105,3,5.0
VKB,Vikrabad Jn.,60,3.6,15,0,0.0
DNA,Degana Jn.,60,3.45,14,0,0.0
GOF,Ghutiari Sha,59,0.9830508474576272,1,0,0.0
KMC,Kamareddi,59,1.6271186440677967,2,0,0.0
BGZ,Bahadurgarh,59,1.6779661016949152,5,0,0.0
GCT,Ghazipur Cit,59,3.711864406779661,10,0,0.0
CG,Canning,58,0.0,0,0,0.0
DLN,Dildarnagar,58,1.9137931034482758,5,0,0.0
UBC,Ambala City,58,1.7241379310344827,4,0,0.0
HAUR,Haur,58,1.0,1,0,0.0
HD,Harda,58,2.0,2,1,1.7241379310344827
RIG,Raigarh,58,3.7241379310344827,30,1,1.7241379310344827
AF,Agra  Fort,58,10.517241379310345,25,15,25.862068965517242
AY,Ayodhya,58,3.8275862068965516,30,1,1.7241379310344827
HSR,Hisar Jn,58,12.206896551724139,70,16,27.586206896551722
TLX,Taldi,58,1.0,1,0,0.0
NLRD,Necklace Roa,58,1.0,1,0,0.0
MABD,Mahbubabad,58,1.0,2,0,0.0
LKPL,Lakdi Ka Pul,58,1.0,1,0,0.0
TGN,Talegaon,58,0.9827586206896551,2,0,0.0
RGDA,Rayagada Jn.,58,14.224137931034482,45,5,8.620689655172415
KSRA,Kasara,57,0.7017543859649122,2,0,0.0
MRA,Morena,57,2.0,5,0,0.0
NNA,Naugachia,57,1.7017543859649122,2,0,0.0
VR,Virar,57,1.1403508771929824,17,0,0.0
MOZ,Muzaffarnaga,57,1.9649122807017543,2,0,0.0
BPHB,Bhilai Power,57,1.5964912280701755,2,0,0.0
PLF,Piali,57,1.0,1,0,0.0
RDU,Radhamohanpu,57,1.0,1,0,0.0
DPA,Durgapura,57,4.666666666666667,120,1,1.7543859649122806
HX,Cuddapah,57,1.8245614035087718,7,0,0.0
SGG,Sultanganj,57,0.9473684210526315,5,0,0.0
AD,Adoni,57,1.631578947368421,3,0,0.0
RMA,Ramganj Mand,57,2.0701754385964914,5,0,0.0
GWD,Gadwal,57,1.1929824561403508,2,0,0.0
GQD,Gourdaha (Ha,57,1.0,1,0,0.0
BMAE,Belmuri,57,1.0175438596491229,2,0,0.0
GRAE,Gurap,57,0.9649122807017544,1,0,0.0
GCN,Gocharan,56,1.0,1,0,0.0
NEU,Nerul,56,0.0,0,0,0.0
DKDP,Dakshin Durg,56,1.0,1,0,0.0
BARU,Baharu F,56,1.0178571428571428,2,0,0.0
BIJ,Birnagar,56,1.0,1,0,0.0
JNM,Jaynagar Maj,56,1.0178571428571428,2,0,0.0
DPDP,Dhapdhapi,56,1.0,1,0,0.0
HT,Hotar,56,1.0178571428571428,2,0,0.0
AME,Amethi,56,1.9107142857142858,2,0,0.0
DBT,Dakshin Bara,56,1.0,1,0,0.0
ABKA,Ambika Kalna,56,1.1607142857142858,5,0,0.0
SJPR,Surjyapur,56,1.0,2,0,0.0
TKD,Tugalakabad,56,1.1428571428571428,2,0,0.0
CVP,Kovilpatti,56,1.1428571428571428,2,0,0.0
OTP,Ottappalam,56,1.8035714285714286,2,0,0.0
BDZ,Badkulla,56,1.0,1,0,0.0
PBZ,Pora Bazar,56,1.0,1,0,0.0
KSJ,Kasganj Jn.,56,5.0,30,2,3.571428571428571
GGC,Gangapur Cit,56,3.857142857142857,9,0,0.0
THP,Taherpur,56,1.0178571428571428,2,0,0.0
CRP,Chandrapura,56,2.232142857142857,5,0,0.0
MPRD,Mathurapur R,56,1.0357142857142858,3,0,0.0
GADJ,Gandhinagar,56,6.5,240,1,1.7857142857142856
DBSI,Daya Basti,56,1.0,1,0,0.0
VVKP,Vivekanandpu,56,1.0,1,0,0.0
MAQ,Mangalore Ce,56,2.4107142857142856,115,1,1.7857142857142856
LUNI,Luni Jn.,56,3.107142857142857,11,0,0.0
SZM,Subzi Mandi,56,1.7321428571428572,2,0,0.0
MGT,Magrahat,56,0.9821428571428571,2,0,0.0
BMO,Bolarum,56,1.0714285714285714,5,0,0.0
KYP,Kalyanpur,56,1.0,1,0,0.0
HIH,Hajigarh,56,1.0,1,0,0.0
MSAE,Masagram,55,0.8545454545454545,1,0,0.0
TUNI,Tuni,55,1.1454545454545455,2,0,0.0
JHL,Jakhal Jn.,55,5.963636363636364,45,1,1.8181818181818181
KVZ,Kavali,55,1.4363636363636363,11,0,0.0
HGA,Hoglahalt E,55,1.0,1,0,0.0
JAM,Jamnagar,55,3.381818181818182,10,0,0.0
ACOI,Chheoki,55,6.654545454545454,30,4,7.2727272727272725
VVB,Vivek Vihar,55,1.0,1,0,0.0
CHI,Chiplun,55,2.7454545454545456,10,0,0.0
BXN,Bayana,54,2.5,5,0,0.0
BSD,Basuldanga,54,1.0,1,0,0.0
SRT,Satur,54,1.0740740740740742,2,0,0.0
MDBP,Madhabpur,54,1.0,1,0,0.0
OKA,Okhla,54,1.0740740740740742,2,0,0.0
YG,Yadgir,54,1.6296296296296295,2,0,0.0
DH,Diamond Harb,54,0.0,0,0,0.0
NTA,Netra,54,0.9814814814814815,1,0,0.0
CTO,Chittoor,54,1.5,2,0,0.0
BHW,Barharwa Jn.,54,3.611111111111111,10,0,0.0
NBAE,Nabagram,54,1.0,1,0,0.0
D,Deula,54,1.0185185185185186,2,0,0.0
UDN,Udhna Jn.,54,3.259259259259259,25,1,1.8518518518518516
PMP,Pimpri,54,1.1111111111111112,3,0,0.0
PNME,Parasnath,54,3.3333333333333335,5,0,0.0
PND,Pendra Road,54,3.1666666666666665,10,0,0.0
KOO,Khusropur,54,1.7592592592592593,2,0,0.0
SGL,Sagauli Jn.,54,7.944444444444445,25,2,3.7037037037037033
AMLA,Amla Jn.,54,6.907407407407407,95,5,9.25925925925926
HTZ,Hathidah Jn,54,1.8333333333333333,5,0,0.0
DMU,Dhamua,54,1.0,1,0,0.0
UTN,Uttar Radhan,54,1.0,1,0,0.0
JPQ,Jhapandanga,54,1.0,1,0,0.0
JRAE,Jaugram,54,1.0,1,0,0.0
SBG,Sahibganj,54,4.296296296296297,20,0,0.0
YA,Yerra Guntla,53,1.9245283018867925,10,0,0.0
MHD,Mahemadavad,53,1.3584905660377358,2,0,0.0
MED,Medchal,53,0.8113207547169812,2,0,0.0
PLG,Palghar,53,2.2452830188679247,10,0,0.0
BGM,Belgaum,53,2.6226415094339623,10,0,0.0
LD,Londa Jn.,53,2.509433962264151,10,0,0.0
GURN,Gurudas Naga,53,1.0,1,0,0.0
HRR,Harihar Jn.,53,2.2641509433962264,10,0,0.0
VSU,Bishnupur,53,1.490566037735849,2,0,0.0
CGY,Changanacher,53,1.320754716981132,6,0,0.0
THVM,Thivim,52,1.8846153846153846,5,0,0.0
BAU,Burhanpur,52,1.9230769230769231,5,0,0.0
KHT,Sri Kalahast,52,1.5576923076923077,2,0,0.0
PTK,Pathankot Jn,52,6.153846153846154,80,5,9.615384615384617
PAN,Pana Garh,52,1.1923076923076923,2,0,0.0
EGT,Egattur,52,1.0,1,0,0.0
BTPG,Betheria Gho,52,1.0,1,0,0.0
JNH,Janghai Jn.,52,2.7115384615384617,20,0,0.0
RSLR,Rasulpur,52,1.0,1,0,0.0
UHP,Udhampur,52,2.480769230769231,10,0,0.0
VAK,Varkala,52,1.0,1,0,0.0
MLMR,Melmaruvathu,52,2.423076923076923,15,0,0.0
DEHR,Dehu Road,52,1.0769230769230769,2,0,0.0
PHR,Phillaur Jn.,52,1.8846153846153846,2,0,0.0
AH,Achhnera Jn.,52,8.23076923076923,25,6,11.538461538461538
KRJ,Khurja Jn,52,2.173076923076923,10,0,0.0
PLAE,Palsit,52,1.0,1,0,0.0
PAY,Payyanur,51,1.8235294117647058,2,0,0.0
AMRO,Amroha,51,2.5098039215686274,5,0,0.0
SHC,Saharsa Jn.,50,2.0,25,2,4.0
WFD,White Field,50,1.16,2,0,0.0
YNK,Yelahanka Jn,50,1.76,5,0,0.0
TPH,Tinpahar Jn.,50,0.68,1,0,0.0
HBD,Hoshangabad,50,2.0,2,0,0.0
KAN,Khana Jn.,50,1.02,2,0,0.0
BNW,Bhiwani Jn.,50,9.0,30,7,14.000000000000002
NKE,Narkatiaganj,50,2.6,5,0,0.0
JMU,Jamui,50,2.04,12,0,0.0
DGG,Dongar Garh,50,5.28,120,1,2.0
MPD,Madpur,50,1.02,2,0,0.0
SKB,Shikohabad J,50,2.64,10,0,0.0
GMDN,Giri Maidan,50,1.02,2,0,0.0
HVR,Haveri,50,1.88,5,0,0.0
BAQ,Ganj Basoda,49,1.6734693877551021,2,0,0.0
JER,Jaleswar,49,1.3265306122448979,3,0,0.0
DO,Dausa,49,1.9591836734693877,2,0,0.0
MEJ,Vanchi Maniy,49,2.3469387755102042,15,0,0.0
TTR,Tiptur,49,1.7142857142857142,2,0,0.0
JOC,Joychandi Pa,49,2.816326530612245,62,1,2.0408163265306123
FDN,Faridabad Ne,49,1.0,1,0,0.0
SMCK,Shyam Chak,49,1.0,1,0,0.0
BPA,Bellampalli,49,1.163265306122449,2,0,0.0
CAP,Chatrapur,49,1.816326530612245,5,0,0.0
KHAI,Khirai,49,1.0,1,0,0.0
KGI,Kengeri,48,1.5625,12,0,0.0
DNKL,Dhenkanal,48,2.2916666666666665,5,0,0.0
SIL,Sakhigopal,48,1.625,2,0,0.0
MRGA,Miryalaguda,48,1.0833333333333333,2,0,0.0
DAPD,Dapodi,48,1.0416666666666667,2,0,0.0
AST,Asaoti,48,1.0208333333333333,2,0,0.0
CSN,Chalisgaon J,48,1.9375,5,0,0.0
BIRD,Bhiwandi Roa,48,1.7083333333333333,2,0,0.0
RNR,Ranibennur,48,1.7291666666666667,2,0,0.0
AKRD,Akurdi,48,1.0416666666666667,2,0,0.0
NLDA,Nalgonda,48,1.2083333333333333,2,0,0.0
MGN,Meghnagar,48,1.9375,2,0,0.0
SGUJ,Siliguri Jn.,48,1.8958333333333333,10,0,0.0
KPY,Karunagappal,48,1.0,1,0,0.0
JPR,Jakpur,48,1.0416666666666667,3,0,0.0
KSNG,Kesinga,48,2.4375,5,0,0.0
GKL,Gokulpur,48,1.0,1,0,0.0
AFK,Angamali (Fo,48,1.0,1,0,0.0
GYN,Gyanpur Road,47,1.7659574468085106,2,0,0.0
PLMG,Puliyamangal,47,1.0,1,0,0.0
NDO,Nidubrolu,47,1.297872340425532,2,0,0.0
BCT,Mumbai Centr,47,0.0,0,5,10.638297872340425
SBI,Sabarmati Jn,47,2.0,2,0,0.0
SPAM,Senjipanamba,47,1.0,1,0,0.0
MSU,Mosur,47,1.0,1,0,0.0
MAF,Manavur,47,1.0,1,0,0.0
CKI,Chalakudi,47,1.0212765957446808,2,0,0.0
SHBC,Sibaichandi,47,1.0,1,0,0.0
KMZ,Katni Murwar,47,8.74468085106383,20,2,4.25531914893617
DKJ,Dornakal Jn.,47,2.404255319148936,15,0,0.0
VN,Vaniyambadi,47,1.8085106382978724,2,0,0.0
BCY,Varanasi Cit,47,0.9361702127659575,5,0,0.0
ANVR,Anand Vihar,47,1.0,1,0,0.0
HTE,Hatia,47,1.0638297872340425,10,0,0.0
DNHL,Dhanioiakhal,47,1.0,1,0,0.0
DRU,Kadur,47,2.0425531914893615,15,0,0.0
TDU,Tandur,46,1.065217391304348,2,0,0.0
RCD,Rajchandrapu,46,1.0,1,0,0.0
BRKA,Barkakana,46,10.76086956521739,30,5,10.869565217391305
AMP,Ahmadpur Jn.,46,1.1304347826086956,2,0,0.0
HJI,Hojai,46,2.152173913043478,10,0,0.0
BLGR,Balangir,46,4.6521739130434785,5,0,0.0
KGLE,Khagraghat R,46,1.0869565217391304,2,0,0.0
AKT,Akaltara,46,1.9782608695652173,2,0,0.0
BWM,Bhawani Mand,46,1.9130434782608696,5,0,0.0
KZE,Kanhangad,46,1.826086956521739,2,0,0.0
GDG,Gadag Jn.,46,4.108695652173913,25,1,2.1739130434782608
LKU,Lalkua Jn.,46,6.586956521739131,50,4,8.695652173913043
SEH,Sehore,46,1.7826086956521738,2,0,0.0
AN,Amalner,46,2.3043478260869565,5,1,2.1739130434782608
ANGL,Angul,46,2.1739130434782608,5,0,0.0
LSI,Laheria Sara,46,4.586956521739131,7,0,0.0
BRD,Bhandara Rd,46,1.9782608695652173,3,0,0.0
PRAE,Palla Road,46,1.0,1,0,0.0
KSWD,Kasarwadi,46,1.0217391304347827,2,0,0.0
VDLR,Mumbai Vadal,46,0.32608695652173914,8,0,0.0
VBL,Bobbili Jn.,46,2.130434782608696,5,0,0.0
BARN,Baranagar Ro,46,1.0,1,0,0.0
STR,Satara,46,4.0,35,2,4.3478260869565215
BRGA,Bargarh Road,46,2.9130434782608696,5,0,0.0
BLYH,Bally Halt,46,1.0,1,0,0.0
IJK,Irinjalakuda,46,1.0217391304347827,2,0,0.0
NMF,Nimo,46,1.0,1,0,0.0
GRWD,Ghorawadi,46,1.0217391304347827,2,0,0.0
NHT,Nalhati Jn.,46,1.9130434782608696,5,0,0.0
BLYG,Bally Ghat,46,1.0,1,0,0.0
NRW,Narwana Jn.,45,2.2,10,0,0.0
SALE,Salar,45,1.0888888888888888,2,0,0.0
DMV,Dimapur,45,6.7555555555555555,15,0,0.0
SPT,Sompeta,45,1.8,2,0,0.0
HYG,Hooghly Ghat,45,1.0,1,0,0.0
GFAE,Garifa,45,1.0,1,0,0.0
FBD,Farrukhabad,45,7.622222222222222,50,5,11.11111111111111
DSS,Dalsingh Sar,45,1.6666666666666667,2,0,0.0
MXN,Mariani Jn.,45,10.222222222222221,30,2,4.444444444444445
BGWI,Begdaewai,45,1.0222222222222221,2,0,0.0
PPTA,Patliputra,45,4.666666666666667,10,2,4.444444444444445
JGM,Jhargram,44,0.8863636363636364,2,0,0.0
BSHT,Basirhat,44,1.4772727272727273,6,0,0.0
BSLA,Bhasila,44,1.0,1,0,0.0
BGRD,Beliaghata R,44,1.0,1,0,0.0
KZPR,Kazipara  Ha,44,1.0,1,0,0.0
MYA,Mandya,44,1.6818181818181819,2,0,0.0
BVRT,Bhimavaram T,44,1.25,5,0,0.0
KTU,Kuttippuram,44,1.7727272727272727,2,0,0.0
CQR,Champapukur,44,1.0227272727272727,2,0,0.0
GGV,Ghovarash Gh,44,1.0,1,0,0.0
DBA,Dabra,44,1.8863636363636365,2,0,0.0
PTMS,Pattabiram E,44,0.0,0,0,0.0
HNB,Hasanabad,44,0.0,0,0,0.0
HRO,Harua Road,44,1.0,1,0,0.0
DVL,Devlali,44,1.8181818181818181,5,0,0.0
BBLA,Bhyabla,44,1.0,1,0,0.0
MPE,Malati Pur,44,1.0,1,0,0.0
UMR,Umaria,44,2.659090909090909,5,0,0.0
MPN,Madhyampur,44,1.7045454545454546,7,0,0.0
RTGH,Ratanagarh J,44,6.2272727272727275,25,0,0.0
BTA,Bihta,44,1.6590909090909092,2,0,0.0
LBTL,Lebutala,44,1.0,1,0,0.0
BMKI,Bapudham Mot,44,5.0,5,0,0.0
FZD,Firozabad,44,2.477272727272727,8,0,0.0
NSL,Nagarsol,44,3.0,45,1,2.272727272727273
TLD,Tilda,44,1.8181818181818181,2,0,0.0
TKF,Taki Road,44,1.0,1,0,0.0
BPRD,Barpeta Road,44,2.7045454545454546,5,1,2.272727272727273
SDB,Shahabad,44,1.3636363636363635,2,0,0.0
SCM,Simhachalam,44,1.9772727272727273,2,0,0.0
BCH,Berchha,44,1.7272727272727273,2,0,0.0
SXC,Sondalia,44,1.0227272727272727,2,0,0.0
KMZA,Kankra Mirza,44,1.0227272727272727,2,0,0.0
NGO,Nagaur,44,5.0,5,0,0.0
TMR,Tumsar Rd,44,1.9545454545454546,5,0,0.0
NHH,Nihalgarh,44,1.75,2,0,0.0
NMDR,Nimdanri,44,1.0,1,0,0.0
BHKA,Bahira Kalib,44,1.0227272727272727,2,0,0.0
KMU,Kumbakonam,44,1.8863636363636365,5,0,0.0
KUDL,Kudal,44,1.8181818181818181,2,0,0.0
KBGH,Karea Kadamb,44,1.0,1,0,0.0
GDYA,Ghoradongri,44,1.6136363636363635,2,0,0.0
BUP,Bariarpur,44,1.0,1,0,0.0
SGZ,Shamgarh,44,2.2954545454545454,5,0,0.0
BSX,Basar,43,1.744186046511628,2,0,0.0
MKN,Makrana Jn.,43,2.604651162790698,3,0,0.0
DPU,Diphu,43,2.13953488372093,5,0,0.0
BHPA,Bahirpuya Ha,43,1.0232558139534884,2,0,0.0
SVDK,Shri Mata Va,43,0.0,0,1,2.3255813953488373
STB,Shantipur Jn,43,0.023255813953488372,1,0,0.0
SNU,Sangrampur,43,1.0,1,0,0.0
BNCE,Bangalore Ea,43,1.186046511627907,2,0,0.0
TU,Tadipatri,43,1.6744186046511629,2,0,0.0
TPZ,Tapri Jn.,43,1.4186046511627908,2,0,0.0
BIH,Bairagarh,42,1.9761904761904763,2,0,0.0
SKI,Sakri Jn.,42,4.571428571428571,5,0,0.0
BSAE,Bansh Baria,42,1.0,1,0,0.0
KJU,Kuntighat,42,1.0,1,0,0.0
ABP,Akbarpur Jn.,42,2.380952380952381,4,0,0.0
DMN,Dhamangaon,42,1.6666666666666667,3,0,0.0
SDLP,Sadulpur Jn,42,6.071428571428571,35,2,4.761904761904762
DBD,Deoband,42,1.8095238095238095,2,0,0.0
PSAE,Purba Sthali,42,1.0,1,0,0.0
SEG,Shegaon,42,1.9047619047619047,5,0,0.0
BGAE,Bala Garh,42,1.0,1,0,0.0
TBAE,Tribeni,42,1.0,1,0,0.0
NNO,Nangloi,42,1.4047619047619047,2,0,0.0
APDJ,Alipur Duar,42,3.1904761904761907,10,0,0.0
BDL,Vindhyachal,42,1.8571428571428572,2,0,0.0
ANDN,Anand Nagar,42,4.0,8,0,0.0
ANR,Anara,42,1.3333333333333333,2,0,0.0
TIT,Talit,42,1.0,1,0,0.0
KMAE,Khamargachhi,42,1.0238095238095237,2,0,0.0
PRG,Prayag Jn.,42,1.380952380952381,5,0,0.0
DURE,Dumraon,42,1.7142857142857142,2,0,0.0
BHL,Bhilwara,42,4.809523809523809,15,0,0.0
CH,Chandausi Jn,42,8.976190476190476,60,3,7.142857142857142
SGNR,Shri Gangana,42,0.9523809523809523,20,0,0.0
RJP,Razampeta,42,1.619047619047619,2,0,0.0
GHD,Garwa Road J,42,7.119047619047619,30,1,2.380952380952381
SOAE,Somra Bazar,42,1.0,1,0,0.0
PGI,Parpanangadi,42,1.5,2,0,0.0
CPA,Kanpur Anwar,42,3.9761904761904763,30,1,2.380952380952381
CPJ,Kaptanganj J,42,4.261904761904762,10,0,0.0
PGRL,Piduguralla,42,1.1904761904761905,2,0,0.0
KSV,Kosi Kalan,42,1.4285714285714286,2,0,0.0
GPAE,Guptipara,42,1.0,1,0,0.0
STN,Sitarampur J,42,1.7380952380952381,20,0,0.0
BVRM,Bhimavaram J,42,3.8095238095238093,45,2,4.761904761904762
BCA,Bachwara Jn.,42,1.4047619047619047,3,0,0.0
MNGD,Muniguda,42,2.4761904761904763,10,0,0.0
JIT,Jirat,42,1.0,1,0,0.0
DHO,Dhaulpur,42,1.9523809523809523,5,0,0.0
AUBR,Anugrah Nara,42,1.3333333333333333,2,0,0.0
DGA,Dighwara,42,1.7619047619047619,2,0,0.0
BNZ,Badshahnagar,41,2.1951219512195124,5,0,0.0
CPK,Chaparmukh J,41,3.024390243902439,5,0,0.0
SRTL,Shertalai,41,1.048780487804878,2,0,0.0
DLK,Dalkolha,41,2.048780487804878,4,0,0.0
PAK,Pakala Jn.,41,1.3414634146341464,5,0,0.0
KKLR,Kaikalur,41,1.1219512195121952,2,0,0.0
SHR,Sihoraroad,41,2.0,2,0,0.0
DTAE,Dhatri Gram,41,1.0,1,0,0.0
SKL,Singaperumal,41,1.0,1,0,0.0
HIJ,Hijli,41,1.7804878048780488,5,1,2.4390243902439024
BIM,Bilimora Jn.,41,2.317073170731707,9,0,0.0
CNJ,Chander Naga,41,1.0,1,0,0.0
BJE,Bhojudih Jn.,41,1.7317073170731707,5,0,0.0
SLI,Sangli,41,2.8048780487804876,3,0,0.0
SMAE,Samudra Garh,41,1.0,1,0,0.0
PMY,Pali Marwar,41,5.024390243902439,6,0,0.0
AKVD,Akividu,41,1.3414634146341464,2,0,0.0
SELU,Selu,41,1.7317073170731707,30,1,2.4390243902439024
BER,Beawar,41,2.2439024390243905,10,0,0.0
PTRD,Pataudi Road,41,1.5609756097560976,2,0,0.0
KMST,Kamshet,41,1.024390243902439,2,0,0.0
KQN,Kodaikkanal,41,1.2195121951219512,2,0,0.0
DDA,Duraundha Jn,40,1.075,2,0,0.0
GIMB,Gandhidham J,40,11.125,30,3,7.5
BGRA,Baghnapara,40,1.0,1,0,0.0
LGDH,Lalaguda Gat,40,1.0,1,0,0.0
GHH,Garhi Harsar,40,1.275,2,0,0.0
DHAE,Dainhat,40,1.0,1,0,0.0
GKH,Guskara,40,1.225,5,0,0.0
MDR,Madhira,40,1.125,2,0,0.0
SIOB,Samakhiyali,40,2.0,2,1,2.5
BTH,Bettiah,40,4.375,5,0,0.0
NIA,Naila,40,2.075,5,0,0.0
HAN,Hindaun City,40,1.85,5,0,0.0
GTS,Ghatsila,40,1.325,2,0,0.0
DMLE,Dumurdaha,40,1.0,1,0,0.0
CAR,Chunar Jn.,40,7.6,35,6,15.0
HBE,Habibpur,40,1.0,1,0,0.0
RXL,Raxaul Jn.,40,0.5,10,0,0.0
TLHD,Talcher Road,40,1.75,4,0,0.0
ANV,Annavaram,40,1.1,2,0,0.0
DQG,Dhupguri,40,3.4,5,0,0.0
DAA,Datia,40,2.0,2,0,0.0
PTU,Partur,40,1.05,2,0,0.0
SAP,Sattenapalle,40,1.2,2,0,0.0
QLD,Quilandi,40,1.5,2,0,0.0
IAA,Indara Jn.,40,1.875,5,0,0.0
AGAE,Agradwip,40,1.0,1,0,0.0
GEDE,Gede,40,0.0,0,0,0.0
NOK,Nokha,40,2.0,2,0,0.0
KRMI,Karmali,40,1.3,5,0,0.0
FLU,Phulia,40,1.0,1,0,0.0
PTAE,Patuli,40,1.1,5,0,0.0
SBV,Simri Bakhti,40,2.0,2,0,0.0
DTO,Daltonganj,40,4.325,5,0,0.0
KPN,Kuppam,39,2.5641025641025643,45,1,2.564102564102564
OYR,Waria,39,1.0256410256410255,2,0,0.0
VDN,Vadgaon,39,1.0,1,0,0.0
NTSK,New Tinsukia,39,8.384615384615385,15,0,0.0
PDPL,Peddapalli,39,1.8974358974358974,20,0,0.0
BURN,Burnpur,39,1.435897435897436,2,0,0.0
BFZ,Bhandartikur,39,1.0,1,0,0.0
KSB,Kosamba Jn.,39,1.205128205128205,2,0,0.0
BHLA,Behula,39,1.0,1,0,0.0
PWS,Phulwari Sha,39,1.3333333333333333,2,0,0.0
BAP,Belapur,39,2.0,10,0,0.0
SHM,Shalimar,39,0.0,0,1,2.564102564102564
JCL,Jadcharla,39,1.2564102564102564,2,0,0.0
BOY,Bhadohi,39,1.8461538461538463,2,0,0.0
LKX,Lakshmipur,39,1.0,1,0,0.0
RMGM,Ramanagaram,39,0.9743589743589743,2,0,0.0
JMT,Jamtara,38,1.1842105263157894,2,0,0.0
SAG,Sangrur,38,2.236842105263158,12,0,0.0
JAA,Jhalida,38,1.0789473684210527,2,0,0.0
KLNT,Kalinagar,38,1.0,1,0,0.0
ATG,Atgaon,38,1.0,1,0,0.0
DUAN,Duan,38,1.0,1,0,0.0
BZLE,Bazarasu,38,1.0263157894736843,2,0,0.0
BHNA,Bhaina H,38,1.0,1,0,0.0
BNAA,Bibhuti Bhus,38,1.0,1,0,0.0
BC,Bareilly Cit,38,2.236842105263158,22,0,0.0
SPZ,Sampla,38,1.3157894736842106,2,0,0.0
MML,Madanmahal,38,1.8157894736842106,2,0,0.0
BAY,Bellary Jn.,38,3.5,15,0,0.0
MYHT,Mayurhat,38,1.0,1,0,0.0
DDN,Dehra Dun,38,0.0,0,0,0.0
ZBD,Zafarabad Jn,38,2.973684210526316,30,2,5.263157894736842
SKM,Singarayakon,38,1.0526315789473684,2,0,0.0
NDKD,Nadikude Jn.,38,3.789473684210526,85,1,2.631578947368421
MGW,Magarwara,38,1.0263157894736843,2,0,0.0
BPN,Banpur,38,1.0263157894736843,2,0,0.0
PTJ,Podanur Jn.,38,1.368421052631579,2,0,0.0
PNE,Prantik,38,1.0526315789473684,2,0,0.0
AG,Aranghata,38,1.0263157894736843,2,0,0.0
KBJ,Kantabanji,38,9.342105263157896,15,0,0.0
GNG,Gauriganj,38,1.4473684210526316,2,0,0.0
GP,Rajgangpur,38,1.0263157894736843,2,0,0.0
NRKR,Narkher,38,1.631578947368421,5,0,0.0
CPB,Kanpur Bridg,38,1.0263157894736843,2,0,0.0
BGL,Bagula,38,1.0263157894736843,2,0,0.0
JYG,Jaynagar,38,0.0,0,0,0.0
PLO,Pulgaon Jn.,38,1.7894736842105263,3,0,0.0
KCVL,Kochuveli,38,0.21052631578947367,1,0,0.0
BHGH,Bahirgachhi,38,1.0,1,0,0.0
TNX,Tarak Nagar,38,1.0,1,0,0.0
MIJ,Majhdia,38,1.0,1,0,0.0
CLG,Kahalgaon,38,1.0,1,0,0.0
TMV,Tindivanam,38,1.868421052631579,2,0,0.0
KKW,Kankavali,38,1.9210526315789473,5,0,0.0
BNKA,Bankimnagar,37,1.0,1,0,0.0
SSRD,Shasan Road,37,1.0810810810810811,4,0,0.0
MLO,Malur,37,1.0810810810810811,2,0,0.0
BLM,Balamau Jn.,37,9.378378378378379,155,3,8.108108108108109
HRSR,Harish Nagar,37,1.0,1,0,0.0
GLPT,Goalpara  To,37,1.8918918918918919,2,0,0.0
GI,Guduvancheri,37,1.0,2,0,0.0
RTA,Ruthiyai Jn,37,4.756756756756757,10,0,0.0
KE,Khardi,37,1.0,1,0,0.0
ZN,Jangaon,37,1.054054054054054,2,0,0.0
MVL,Malavli,37,1.0,1,0,0.0
SMK,Samalkha,37,1.4594594594594594,2,0,0.0
CPU,Chopan,37,11.08108108108108,30,5,13.513513513513514
KRXM,Krishnamohan,37,1.0,1,0,0.0
PNCB,Panchbheria,37,1.0,1,0,0.0
BYPL,Baiyyappanah,37,1.054054054054054,2,0,0.0
IDH,Idgah,37,4.945945945945946,50,3,8.108108108108109
JUDW,Jagadhri Wor,37,1.5675675675675675,2,0,0.0
CNI,Chandil Jn.,37,2.5405405405405403,5,0,0.0
MVJ,Mavli Jn.,37,3.3783783783783785,25,1,2.7027027027027026
DAB,Dharmabad,37,1.162162162162162,2,0,0.0
CCT,Kakinada Tow,37,1.7027027027027026,5,0,0.0
KPV,Kashipur Jn,37,8.756756756756756,30,5,13.513513513513514
KNHE,Kanhe,37,1.0810810810810811,3,0,0.0
KUH,Khachrod,36,1.9722222222222223,2,0,0.0
OMB,Umbermalli,36,0.9722222222222222,1,0,0.0
PBE,Pilibhit Jn.,36,0.0,0,0,0.0
VDR,Vandalur,36,1.0,1,0,0.0
WKI,Wadakancheri,36,1.0277777777777777,2,0,0.0
ZNA,Zamania,36,1.7777777777777777,2,0,0.0
CTM,Kattangulath,36,1.0,1,0,0.0
GOC,Ponmalai (Go,36,1.0277777777777777,2,0,0.0
KRD,Karad,36,2.5833333333333335,3,0,0.0
BGKT,Bhagat-Ki-Ko,36,0.8333333333333334,2,1,2.7777777777777777
PDI,Palasdari,36,0.05555555555555555,1,0,0.0
BJP,Bijapur Jn,36,3.0833333333333335,10,0,0.0
CHC,Chanchai,36,1.0,1,0,0.0
CUR,Churu,36,7.722222222222222,17,0,0.0
PFM,Phaphamau Jn,36,1.0833333333333333,2,0,0.0
CVB,Cavalry Barr,36,1.0,1,0,0.0
THS,Thansit,36,1.0,1,0,0.0
BEA,Bihiya,36,1.6111111111111112,2,0,0.0
CAA,Chakia,36,2.0,2,0,0.0
SM,Samsi,36,2.0,2,0,0.0
ASKN,Ashok Nagar,36,2.0,2,0,0.0
GZH,Gulzarbagh,36,1.5,2,0,0.0
MBI,Madhubani,36,4.333333333333333,5,0,0.0
HGT,Hinganghat,36,1.5555555555555556,2,0,0.0
UR,Umdanagar,36,0.6111111111111112,1,0,0.0
KNN,Khanna,36,1.6666666666666667,3,0,0.0
PTNR,Patel Nagar,36,1.0277777777777777,2,0,0.0
PVP,Parvatipuram,36,2.5,5,0,0.0
KJH,Kajra,36,1.0,1,0,0.0
MRR,Murarai,36,1.2222222222222223,2,0,0.0
SAH,Saphale,36,1.2777777777777777,3,0,0.0
VKI,Venkatagiri,35,1.4,2,0,0.0
TMZ,Tamluk,35,1.6857142857142857,5,0,0.0
SOG,Suratgarh Jn,35,4.571428571428571,20,0,0.0
FK,Ferok,35,1.3142857142857143,2,0,0.0
MZR,Murtajapur J,35,2.085714285714286,5,0,0.0
MUT,Meerut Cant,35,1.6,2,0,0.0
KOP,Chhatrapati,35,0.0,0,0,0.0
AUB,Aluabari Roa,35,2.0,2,0,0.0
KOU,Koduru,35,1.6,5,0,0.0
KCC,Krishana Can,35,1.6857142857142857,19,0,0.0
JID,Jagi Road,35,2.4571428571428573,12,0,0.0
LTRR,Latur Road,35,6.171428571428572,22,0,0.0
MAG,Mangala Giri,35,1.0,1,0,0.0
LSR,Lasur,35,1.1142857142857143,5,0,0.0
GNU,Ganaur,35,1.4285714285714286,2,0,0.0
CDM,Chidambaram,35,1.6571428571428573,5,0,0.0
KEI,Kashi,35,1.5142857142857142,2,0,0.0
JRU,Chikjajur Jn,35,1.9428571428571428,20,0,0.0
KBRV,Kanjari Bori,35,1.0857142857142856,2,0,0.0
PKW,Pilkhua,35,2.4571428571428573,10,0,0.0
KTV,Kottavalasa,35,1.7428571428571429,2,0,0.0
AMQ,Ammuguda Hal,34,1.0,1,0,0.0
BRWD,Barwadih Jn,34,4.0,10,0,0.0
ALW,Alwal Halt,34,1.0,1,0,0.0
AMH,Azamgarh,34,3.735294117647059,5,0,0.0
MUV,Manduadih,34,1.8235294117647058,15,0,0.0
MNM,Manamadurai,34,3.2058823529411766,5,0,0.0
VDS,Vidyasagar,34,1.1470588235294117,2,0,0.0
DRH,Dharhara,34,1.0,1,0,0.0
BCN,Bachhrawn,34,1.4411764705882353,2,0,0.0
URI,Uruli,34,1.0294117647058822,2,0,0.0
BOZ,Bolarum Baza,34,1.0,1,0,0.0
CKU,Chakulia,34,1.3529411764705883,2,0,0.0
IDG,Indragarh Su,34,1.8529411764705883,2,0,0.0
SFX,Safilguda Ha,34,1.0,1,0,0.0
NUR,Narela,34,1.3529411764705883,2,0,0.0
BID,Bidadi,34,1.0294117647058822,2,0,0.0
HNL,Hingoli(Decc,34,1.2058823529411764,2,0,0.0
MAHE,Mahe,34,1.5,2,0,0.0
GOTN,Gotan,34,1.911764705882353,2,0,0.0
GPB,Ghatprabha,34,1.3823529411764706,2,0,0.0
PTB,Pattambi,34,1.4705882352941178,2,0,0.0
PRLI,Parli Vaijna,34,13.382352941176471,45,3,8.823529411764707
KKP,Kot Kapura J,34,2.8529411764705883,18,0,0.0
JHD,Jehanabad,34,2.2058823529411766,5,0,0.0
IPM,Ichcha Puram,34,1.7647058823529411,2,0,0.0
SCC,Sitapur Cant,34,6.9411764705882355,10,4,11.76470588235294
BUG,Bagaha,34,4.205882352941177,5,0,0.0
TADA,Tada,34,1.0,1,0,0.0
STKT,Sasthankotta,34,1.0,1,0,0.0
SY,Sirkazhi,34,1.0588235294117647,2,0,0.0
MCS,Mancheswar,34,1.411764705882353,2,0,0.0
TEA,Taregna,34,1.8823529411764706,5,0,0.0
ELR,Elavur,34,1.0,1,0,0.0
MSMD,Mahasamund,34,2.3529411764705883,5,0,0.0
BMB,Bamra,34,1.0,1,0,0.0
PM,Palam,34,1.2647058823529411,2,0,0.0
KRH,Khairthal,34,1.6176470588235294,2,0,0.0
KRAR,Khariar Road,34,2.3529411764705883,5,0,0.0
WHM,Washim,34,1.1764705882352942,2,0,0.0
AKM,Arambakkam,34,1.0294117647058822,2,0,0.0
RKO,Ramakista Pu,34,1.0,1,0,0.0
KVR,Kovvur,34,1.0294117647058822,2,0,0.0
TNKU,Tanuku,34,1.1470588235294117,2,0,0.0
BQY,Belerhat,34,1.0,1,0,0.0
DYE,Dayanandnaga,34,1.0,1,0,0.0
KLYG,Kalyani Ghos,33,1.0,1,0,0.0
GWV,Gowdavalli H,33,1.0,1,0,0.0
KLYM,Kalyani Sima,33,0.0,0,0,0.0
BBDB,Benoy Badal,33,4.0,27,1,3.0303030303030303
RDL,Rudauli,33,1.4242424242424243,5,0,0.0
GKC,Gorakhpur Ca,33,1.9090909090909092,2,0,0.0
GAR,Gadarwara,33,1.8181818181818181,2,0,0.0
MYG,Miyagam Karj,33,1.121212121212121,2,0,0.0
BIDR,Bidar,33,1.8181818181818181,5,0,0.0
ROHA,Roha,33,4.151515151515151,7,0,0.0
NMH,Nimach,33,1.7272727272727273,2,0,0.0
SOH,Sirohi Road,33,1.9393939393939394,2,0,0.0
SHNR,Shadnagar,33,1.1818181818181819,2,0,0.0
RGO,Rotegaon,33,1.0,1,0,0.0
KLYS,Kalyani Silp,33,1.0,1,0,0.0
MDNR,Modinagar,33,1.5151515151515151,2,0,0.0
BAND,Banaswadi,33,1.5757575757575757,2,0,0.0
FKG,Furkating Jn,33,3.6666666666666665,35,1,3.0303030303030303
FTP,Fatehpur,33,3.1515151515151514,30,1,3.0303030303030303
ALY,Allahabad Ci,33,1.3333333333333333,2,0,0.0
CT,Chittapur,32,1.25,5,0,0.0
MHRG,Mahendragarh,32,1.84375,2,0,0.0
MVO,Manwath Road,32,1.21875,6,0,0.0
AMPA,Ambalapuzha,32,1.0,1,0,0.0
GMR,Gahmar,32,1.625,2,0,0.0
GHR,Gidhaur,32,1.59375,2,0,0.0
GBA,Garbeta,32,3.5,80,1,3.125
BTTR,Bitragunta,32,1.09375,5,0,0.0
GJL,Gajraula Jn.,32,5.09375,25,0,0.0
WJR,Walajah Road,32,1.71875,2,0,0.0
BAL,Budalur,32,1.0,1,0,0.0
KP,Kamptee,32,2.0625,5,0,0.0
PHK,Punarakh,32,1.59375,2,0,0.0
PDY,Pondicherry,32,0.0,0,0,0.0
KMBL,Khambhaliya,32,2.4375,10,0,0.0
KUDA,Kundapura,32,1.625,2,0,0.0
JRLE,Jangipur Roa,32,1.0,2,0,0.0
PPT,Pirpainti,32,1.0,1,0,0.0
RKSN,Rajkharsawan,32,1.15625,2,0,0.0
HYT,Haiaghat,32,2.0,2,0,0.0
DWK,Dwarka,32,3.5625,10,0,0.0
VGN,Vangaon,32,1.53125,10,0,0.0
UDZ,Udaipur City,32,5.625,180,1,3.125
MNP,Mananpur,32,1.59375,2,0,0.0
YLM,Elamanchili,32,1.0625,2,0,0.0
BBM,Barabhum,32,1.375,2,0,0.0
ATL,Athmal Gola,32,1.625,2,0,0.0
BCOB,Bhachau,32,2.0,2,0,0.0
TPT,Tirupattur,32,1.46875,5,0,0.0
DZA,Dasua,32,1.96875,2,0,0.0
BVC,Bhavnagar Te,32,0.0,0,0,0.0
BJD,Barejadi Nan,32,1.09375,2,0,0.0
OKHA,Okha,32,0.0,0,0,0.0
SBPD,Sambalpur Ro,32,1.9375,2,0,0.0
SMBJ,Shri Mahabir,32,1.6875,2,0,0.0
HAD,Haripad,32,1.0,1,0,0.0
SMI,Sitamarhi,32,4.6875,15,0,0.0
SIP,Suraimanpur,32,1.8125,2,0,0.0
ROZA,Roza Jn,32,2.3125,5,0,0.0
SEB,Son Nagar Jn,32,1.21875,2,0,0.0
HCR,Harishchandr,32,1.96875,2,0,0.0
DADN,Mhow,32,0.0,0,0,0.0
GGP,Gangnapur,31,1.0,1,0,0.0
STBB,Satberiahalt,31,1.0,1,0,0.0
MLV,Mallarpur,31,1.0,1,0,0.0
DLJ,Dhola Jn,31,3.3548387096774195,22,0,0.0
DBRG,Dibrugarh,31,1.2903225806451613,10,0,0.0
VDA,Vasad Jn.,31,1.2580645161290323,2,0,0.0
MNAE,Mankar,31,1.064516129032258,2,0,0.0
BTY,Bethuadahari,31,1.032258064516129,2,0,0.0
MDS,Mandsor,31,1.8387096774193548,2,0,0.0
BRR,Barakar,31,1.2580645161290323,2,0,0.0
KIM,Kim,31,1.2580645161290323,2,0,0.0
ABO,Asthal Bohar,31,1.1290322580645162,5,0,0.0
BLDA,Belda,31,1.4516129032258065,5,0,0.0
DDR,Dadar,31,2.064516129032258,5,0,0.0
PLY,Plassey,31,0.967741935483871,1,0,0.0
BIA,Bhilai,31,1.2258064516129032,2,0,0.0
BPC,Berhampore C,31,1.5806451612903225,3,0,0.0
HZD,Hazaribagh R,31,1.967741935483871,5,0,0.0
MBB,Murshidabad,31,1.096774193548387,2,0,0.0
BDVL,Budvel,31,1.0,1,0,0.0
BEB,Beldanga,31,1.064516129032258,2,0,0.0
BTD,Botad,31,4.548387096774194,32,3,9.67741935483871
TUN,Tohana,31,1.7741935483870968,2,0,0.0
FKM,Fakiragram J,31,2.129032258064516,5,0,0.0
MIPM,Marri Palem.,31,1.0,1,0,0.0
SWV,Sawantwadi R,31,1.3548387096774193,5,0,0.0
NBRN,Naba Raynaga,31,1.0,1,0,0.0
GDPL,Gundla Pocha,31,1.0,1,0,0.0
SRID,Sridham,31,1.8064516129032258,2,0,0.0
CPT,Channa Patna,31,1.064516129032258,2,0,0.0
BQR,Bhilainagar,31,1.6774193548387097,18,0,0.0
LGL,Lalgola,31,0.0,0,0,0.0
JJG,Jiaganj,31,1.0,1,0,0.0
RPZ,Rana Pratap,31,1.967741935483871,2,0,0.0
BPB,Badarpur Jn.,31,16.451612903225808,30,13,41.935483870967744
SCY,Sachiwalaya,31,1.2258064516129032,2,0,0.0
GN,Gopal Nagar,31,1.032258064516129,2,0,0.0
MAJ,Majhergram,31,2.935483870967742,7,0,0.0
SLGR,Simaluguri J,31,3.3870967741935485,5,0,0.0
AKIP,Akaipur H,31,1.0,1,0,0.0
KLV,Kelve Road,31,1.2903225806451613,5,0,0.0
KJN,Kannauj,31,2.6451612903225805,5,0,0.0
JOP,Jaunpur City,31,2.096774193548387,4,0,0.0
NDL,Nandyal,30,3.9,5,0,0.0
NCP,Nischindapur,30,1.9333333333333333,5,0,0.0
MFKA,Musafirkhana,30,1.3333333333333333,2,0,0.0
BDGM,Budgam,30,2.2,25,0,0.0
ACLE,Azimganj  Ci,30,1.0,1,0,0.0
MNV,Mungaoli,30,2.0,2,0,0.0
AB,Ambur,30,1.6,2,0,0.0
MEX,Mukerian,30,1.9666666666666666,2,0,0.0
SURI,Siuri,30,1.0333333333333334,2,0,0.0
TORI,Tori,30,2.7,5,0,0.0
BTJL,Bhatkal,30,1.6666666666666667,2,0,0.0
TGA,Teghra,30,1.1333333333333333,2,0,0.0
AMI,Amravati,30,0.0,0,0,0.0
TRTR,Tripunittura,30,1.0,1,0,0.0
BCQ,Barachak Jn.,30,1.0,1,0,0.0
MTR,Motipur,30,2.0,2,0,0.0
URP,Udairampur,30,1.0,1,0,0.0
UJA,Unjha,30,2.0,2,0,0.0
DOL,Dholi,30,1.6666666666666667,2,0,0.0
SINI,Sini Jn,30,1.0,1,0,0.0
ROP,Rupsa Jn.,30,2.3666666666666667,20,0,0.0
BUW,Burhwal Jn.,30,2.6,5,0,0.0
LHU,Loharu Jn,30,12.2,80,4,13.333333333333334
KZT,Kulitturai,30,1.0,1,0,0.0
IZN,Izzatnagar J,30,2.4,5,0,0.0
HTC,Hathras City,30,2.3333333333333335,5,0,0.0
SBZ,Siswa Bazar,30,2.066666666666667,3,0,0.0
LKA,Lanka,30,2.3,12,0,0.0
HRS,Hathras Jn.,30,2.2666666666666666,5,0,0.0
SNSI,Sai Nagar Sh,30,0.0,0,0,0.0
SORO,Soro,30,1.3,2,0,0.0
SMBX,Samba,30,1.9333333333333333,2,0,0.0
SOJN,Sihor Jn(Guj,30,1.7,7,0,0.0
MAI,Mehsi,30,2.0,2,0,0.0
SKP,Shankarpalli,30,1.1,2,0,0.0
KWDP,Kwakdwip,30,1.4333333333333333,5,0,0.0
KLW,Kulpi-Flag,30,1.0,1,0,0.0
AKN,Akbarnagar,30,1.0,1,0,0.0
KLK,Kalka,30,0.0,0,0,0.0
CDGR,Chandrakona,30,1.3333333333333333,2,0,0.0
KATL,Katol,30,1.7,2,0,0.0
KDM,Kesamudram,30,1.3333333333333333,11,0,0.0
KDPR,Kumedpur,30,1.8666666666666667,2,0,0.0
KHGR,Kashinagar-H,30,1.0,1,0,0.0
BKG,Banka Ghat,30,1.4333333333333333,2,0,0.0
BYNR,Byndoor,30,1.5666666666666667,2,0,0.0
KMME,Kumar Dubi,30,1.1333333333333333,2,0,0.0
KNJI,Karanjali,30,1.0,1,0,0.0
PHD,Phaphund,30,2.3666666666666667,20,0,0.0
VTN,Vaitarna,30,1.0666666666666667,2,0,0.0
ALU,Ariyalur,30,1.2666666666666666,2,0,0.0
BAW,Chikbanavar,30,1.0666666666666667,2,0,0.0
PPGT,Princep Ghat,29,2.5172413793103448,12,0,0.0
BQG,Bhagwangola,29,1.0344827586206897,2,0,0.0
PRNA,Purnea Jn.,29,2.5517241379310347,10,0,0.0
PML,Papanasam,29,1.0344827586206897,2,0,0.0
AMG,Alam Nagar,29,1.2758620689655173,2,0,0.0
RKB,Raika Bagh P,29,2.310344827586207,13,0,0.0
TMLP,Tirumalpur,29,0.1724137931034483,1,0,0.0
UCA,Uchana,29,1.2758620689655173,2,0,0.0
TVR,Thiruvarur J,29,6.344827586206897,25,1,3.4482758620689653
BLD,Bhilad,29,1.7241379310344827,10,0,0.0
HSRA,Hosur,29,1.5517241379310345,2,0,0.0
ODM,Ondagrarm,29,1.1379310344827587,2,0,0.0
NWP,Naupada Jn.,29,4.724137931034483,30,1,3.4482758620689653
TDPR,Tiruppadirip,29,1.5517241379310345,4,0,0.0
EDG,Eden Gardens,29,1.0,1,0,0.0
CHZ,Charlapalli,29,1.1724137931034482,2,0,0.0
KY,Kareli,29,1.793103448275862,2,0,0.0
POF,Piparsand,28,1.0357142857142858,2,0,0.0
GJUT,Gangsar Jait,28,1.8928571428571428,2,0,0.0
RAIR,Rairakhol,28,2.0,2,0,0.0
KT,Kumta,28,1.6428571428571428,2,0,0.0
AML,Amalsad,28,1.5,3,0,0.0
ADTP,Adityapur,28,1.0,1,0,0.0
DWP,Dwarapudi,28,1.0357142857142858,2,0,0.0
MKG,Manak Nagar,28,1.0,1,0,0.0
PB,Puntamba,28,4.821428571428571,25,0,0.0
PLJ,Palej,28,1.2142857142857142,2,0,0.0
SRNT,Sarnath,28,1.6071428571428572,2,0,0.0
BYL,Belha,28,1.6785714285714286,2,0,0.0
KPK,Kali Pahari,28,1.0357142857142858,2,0,0.0
MAKR,Malkhedi,28,2.0,2,0,0.0
DHG,Dhrangadhra,28,1.5714285714285714,2,0,0.0
MDE,Makhdumpur G,28,1.2142857142857142,2,0,0.0
SRU,Salempur Jn.,28,1.7142857142857142,5,0,0.0
KHS,Kharsia,28,2.107142857142857,5,0,0.0
SLB,Salboni,28,1.2142857142857142,2,0,0.0
KWO,Karauta,28,1.5,3,0,0.0
BAB,Babina,28,1.9285714285714286,2,0,0.0
BNLW,Banasthali N,28,2.0,5,0,0.0
CJ,Kanchipuram,28,1.5357142857142858,5,0,0.0
RPAN,Rangapara No,28,10.678571428571429,25,0,0.0
RPR,Raghunathpur,28,1.4642857142857142,2,0,0.0
SID,Sidhapur,28,2.0,2,0,0.0
MKB,Mankatha,28,1.4285714285714286,2,0,0.0
BELA,Bela,28,1.2142857142857142,2,0,0.0
SAN,Sandila,28,2.0357142857142856,5,0,0.0
JTU,Jaitipur,28,1.0,1,0,0.0
APT,Anaparti,28,1.0357142857142858,2,0,0.0
SIC,Sonik,28,1.0357142857142858,2,0,0.0
LTHR,Lateher,28,1.75,2,0,0.0
ABS,Abohar,28,2.642857142857143,20,0,0.0
MOR,Mor,28,1.3928571428571428,2,0,0.0
AMS,Amausi,28,1.0,1,0,0.0
VMA,Vikramgarh A,28,2.9285714285714284,32,1,3.571428571428571
MWM,Malleswaram,28,1.2857142857142858,2,0,0.0
DLR,Dullahapur,28,1.6428571428571428,2,0,0.0
VLY,Valliyur,28,1.0,1,0,0.0
MAD,Maddur,28,1.1428571428571428,2,0,0.0
TA,Tanur,28,1.2142857142857142,2,0,0.0
HRN,Harauni,28,1.0,1,0,0.0
VSPR,Bisnupriya H,28,1.0,1,0,0.0
MRL,Maroli,28,1.7142857142857142,7,0,0.0
HG,Hotgi Jn.,28,3.0714285714285716,20,0,0.0
NYP,Nayudupeta,28,2.0,5,1,3.571428571428571
NILE,Nimtita,28,0.8928571428571429,2,0,0.0
SEM,Seram,28,1.0714285714285714,2,0,0.0
AJ,Ajgain,28,1.0,1,0,0.0
KYE,Khurai,28,2.0,2,0,0.0
KVX,Kusumbhi,28,1.0,1,0,0.0
CUPJ,Cuddalore Po,28,1.7142857142857142,10,0,0.0
KUD,Kudachi,28,1.2857142857142858,2,0,0.0
LCAE,Lalbagh Cour,28,1.1428571428571428,5,0,0.0
BG,Bhongir,28,0.9642857142857143,2,0,0.0
MET,Malerkotla,28,1.8571428571428572,2,0,0.0
GNH,Ganga Kher,28,1.1785714285714286,2,0,0.0
BUH,Burhar,28,2.107142857142857,5,0,0.0
KTQ,Kudra,28,1.25,2,0,0.0
PVU,Paravur,28,1.0,1,0,0.0
AO,Aonla,28,2.857142857142857,5,0,0.0
PVPT,Parvatipuram,28,1.9285714285714286,2,0,0.0
PVRD,Piravam Road,28,1.0,1,0,0.0
NMKA,Namkhana,28,0.0,0,0,0.0
KMI,Kumhari,28,1.1428571428571428,2,0,0.0
REJ,Rejinagar,27,1.037037037037037,2,0,0.0
PBR,Porbandar,27,0.0,0,0,0.0
BBR,Bagh Bazar,27,1.2962962962962963,6,0,0.0
SRGM,Srirangam,27,1.4814814814814814,3,0,0.0
SMQL,Shamli,27,5.481481481481482,72,1,3.7037037037037033
SJN,Sanjan,27,1.5555555555555556,10,0,0.0
BZB,Barra Bazar,27,1.0,1,0,0.0
BRRG,Biyavra Rajg,27,2.0,2,0,0.0
PPN,Punpun,27,1.1851851851851851,2,0,0.0
SOLA,Sovabazar-Ah,27,1.0,1,0,0.0
RANI,Rani,27,1.9259259259259258,2,0,0.0
JMKT,Jamikunta,27,1.1111111111111112,2,0,0.0
KAT,Khatauli,27,1.4444444444444444,2,0,0.0
RMTR,Remount Road,27,1.0,1,0,0.0
UBR,Umbergaon Ro,27,1.6666666666666667,7,0,0.0
CJN,Chhatna,27,1.1111111111111112,2,0,0.0
ISM,Ismaila Hary,27,1.037037037037037,2,0,0.0
TALA,Talla,27,2.3703703703703702,20,0,0.0
KIRP,Khidirpur,27,1.0,1,0,0.0
JND,Junagadh Jn,27,3.5555555555555554,15,0,0.0
CSZ,Cossimbazar,27,1.0,1,0,0.0
ADH,Andheri,27,2.2222222222222223,6,0,0.0
SCL,Silchar,27,0.0,0,0,0.0
DEB,Debagram,27,1.037037037037037,2,0,0.0
AJNI,Ajni,27,0.9259259259259259,2,0,0.0
MWC,Mandawali Ch,27,1.0,1,0,0.0
BTP,Babatpur,27,1.1481481481481481,2,0,0.0
TCL,Tyakal,27,1.0,1,0,0.0
MGLP,Mangolpuri,27,1.037037037037037,2,0,0.0
KHED,Khed,27,1.9259259259259258,5,0,0.0
YFP,Yusufpur,26,1.7692307692307692,4,0,0.0
NDW,Nadwan,26,1.1538461538461537,2,0,0.0
NEO,Neora,26,1.3076923076923077,2,0,0.0
HAS,Hassan Jn.,26,3.5384615384615383,15,0,0.0
BNY,Barhni,26,3.1538461538461537,5,0,0.0
UMRI,Umri,26,1.0769230769230769,2,0,0.0
ULT,Kulti,26,1.1538461538461537,2,0,0.0
FKA,Fazilka Jn.,26,0.3076923076923077,5,0,0.0
NN,Nandura,26,1.5,2,0,0.0
BV,Babhnan,26,2.0,2,0,0.0
NUH,Naugarh,26,2.3461538461538463,5,0,0.0
DYD,Daryabad,26,1.3846153846153846,2,0,0.0
MTFA,Mertala Phal,26,1.0,1,0,0.0
LKN,Lakhminia,26,1.4230769230769231,2,0,0.0
TET,Tetulmari,26,1.5769230769230769,2,0,0.0
BRJN,Brajarajnaga,26,2.076923076923077,5,0,0.0
MZL,Mirzapali,26,0.8461538461538461,1,0,0.0
KKDI,Karaikkudi,26,1.5,5,0,0.0
BLTR,Belthara Roa,26,2.0,2,0,0.0
KRZ,Kharawar,26,1.0,1,0,0.0
KNSN,Karna Subarn,26,1.0,1,0,0.0
PPC,Pipraich,26,2.1538461538461537,6,0,0.0
AL,Attili,26,1.0,1,0,0.0
PHN,Pokhrayan,26,2.0,3,0,0.0
KRBP,Khudiram Bos,26,1.5769230769230769,2,0,0.0
GGLE,Gangatikuri,26,1.0,1,0,0.0
BSQP,Bansipur,26,1.4615384615384615,2,0,0.0
PUT,Putur,26,2.423076923076923,15,0,0.0
RFJ,Rafiganj,26,1.2307692307692308,2,0,0.0
BGK,Bagalkot,26,1.4615384615384615,2,0,0.0
VLR,Vellore Cant,26,1.5,2,0,0.0
VKA,Verka Jn.,26,1.3076923076923077,2,0,0.0
PNQ,Punkunnam,26,1.0,1,0,0.0
BYN,Banahi,26,1.4615384615384615,2,0,0.0
TRB,Tiruverumbur,26,1.0384615384615385,2,0,0.0
GHE,Ghevra,26,1.0,1,0,0.0
GGJ,Goshainganj,26,1.5,2,0,0.0
MW,Mairwa,26,1.9230769230769231,2,0,0.0
CWLE,Chowrigacha,26,1.0,1,0,0.0
KDG,Kedgaon,26,1.0384615384615385,2,0,0.0
GGA,Ghogha,26,1.0,1,0,0.0
PKO,Palakollu,26,1.2307692307692308,4,0,0.0
KSX,Kotshila,26,1.3461538461538463,2,0,0.0
KUA,Kulharia,26,1.3076923076923077,2,0,0.0
STL,Simultala,26,1.1538461538461537,2,0,0.0
TYAE,Tenya,26,1.0,1,0,0.0
TVP,Trivandram P,26,1.0,1,0,0.0
NS,Narasapur,26,0.0,0,0,0.0
SKT,Sakti,26,2.769230769230769,5,0,0.0
MQC,Mundka Halt,26,1.0,1,0,0.0
MOT,Malout,26,1.7307692307692308,2,0,0.0
BRS,Birsinghpur,26,1.8846153846153846,2,0,0.0
MRK,Markapur Roa,26,0.9230769230769231,1,0,0.0
MTY,Multai,26,1.7307692307692308,2,0,0.0
LNK,Lohian Khas,26,3.0,10,0,0.0
BJNR,Bijainagar,26,1.9615384615384615,2,0,0.0
HIR,Harinagar,26,2.0,2,0,0.0
THA,Tehta,26,1.1538461538461537,2,0,0.0
CRR,Karagola Roa,26,1.4615384615384615,2,0,0.0
LS,Lasal Gaon,26,1.5384615384615385,2,0,0.0
LWR,Alnavar Jn.,26,1.5769230769230769,5,0,0.0
SDE,Sadisopur,26,1.1923076923076923,2,0,0.0
SDLE,Swadinpur,26,1.0384615384615385,2,0,0.0
NRT,Narasaraopet,26,1.4615384615384615,2,0,0.0
NYY,Neyyattinkar,26,1.0,1,0,0.0
USL,Usalapur,26,5.8076923076923075,10,0,0.0
JRMG,Jairamnagar,26,1.6538461538461537,2,0,0.0
JPE,Jalpaiguri R,26,1.7692307692307692,2,0,0.0
ROHN,Rohad Nagar,26,1.0,1,0,0.0
RMM,Rameswaram,26,0.0,0,0,0.0
ASE,Asaudah,26,1.0,1,0,0.0
HPT,Hospet Jn.,26,3.1923076923076925,5,0,0.0
JAIS,Jais,26,1.3846153846153846,2,0,0.0
NDU,Nadaul,26,1.1538461538461537,2,0,0.0
MAYP,Mayapur,25,1.0,1,0,0.0
AGN,Amgaon,25,1.92,2,0,0.0
PJ,Peppeganj,25,1.68,2,0,0.0
MMA,Muhammadabad,25,1.96,2,0,0.0
PHA,Patharia,25,2.0,2,0,0.0
KRP,Krishnapur,25,1.28,4,0,0.0
KND,Kandra,25,1.0,1,0,0.0
RJI,Rajawari,25,1.48,2,0,0.0
RJG,Rajgram,25,1.12,2,0,0.0
KDQ,Kadipur,25,1.56,2,0,0.0
PANP,Pandavapura,25,1.12,2,0,0.0
SZB,Sarona,25,1.08,2,0,0.0
TUVR,Thuravur,25,1.0,1,0,0.0
PTKR,Patipukur,25,1.0,1,0,0.0
DPJ,Dharmapuri,25,1.72,5,0,0.0
GMH,Gamharia,25,1.0,1,0,0.0
AMBG,Arambag,25,0.0,0,0,0.0
DSJ,Delhi-Safdar,25,4.36,25,6,24.0
BTU,Baraut,25,1.12,2,0,0.0
RAA,Barara,25,1.44,2,0,0.0
BFT,Bhabta,25,1.0,1,0,0.0
BWSN,Bijwasan,25,1.04,2,0,0.0
PCX,Pagla Chandi,25,1.0,1,0,0.0
ANDI,Adarsh Nagar,25,1.12,2,0,0.0
EKMA,Ekma,25,1.72,2,0,0.0
BHTR,Bhatpar Rani,25,1.88,2,0,0.0
JPH,Jhantipahari,25,1.08,2,0,0.0
HDIH,Hoodi,25,1.0,1,0,0.0
MGM,Muragachha,25,1.04,2,0,0.0
JLL,Jalalganj,25,1.24,3,0,0.0
SGV,Sargachni,25,1.0,1,0,0.0
THB,Thana Bihpur,25,1.76,2,0,0.0
NGT,Nagappattina,25,5.56,20,0,0.0
JKN,Jakhanian,25,1.72,2,0,0.0
SFY,Shajapur,25,2.0,2,0,0.0
DHU,Dhubulia,25,1.04,2,0,0.0
SBT,Sabarmati,25,1.96,2,0,0.0
UVD,Udvada,25,1.48,3,0,0.0
DNRE,Dhanauri,25,0.8,1,0,0.0
AAL,Amlai,24,2.0833333333333335,4,0,0.0
MRGM,Maurigram,24,1.0,1,0,0.0
UCR,Unchahar Jn.,24,2.4166666666666665,25,1,4.166666666666666
MLN,Mailani Jn.,24,0.0,0,0,0.0
KPQ,Kannapuram,24,1.25,2,0,0.0
MTM,Machilipatna,24,0.0,0,0,0.0
DJ,Darjeeling,24,0.0,0,0,0.0
DER,Dadri,24,1.2916666666666667,7,1,4.166666666666666
IDR,Indi Road,24,1.5,5,0,0.0
HMH,Hanumangarh,24,15.625,65,3,12.5
HTK,Hatkanangale,24,1.2916666666666667,3,0,0.0
SGM,Solagampatti,24,1.0,1,0,0.0
CHRA,Chharra,24,1.0,1,0,0.0
THAN,Than,24,2.4583333333333335,16,0,0.0
BDXT,Basai Dhanko,24,1.0,1,0,0.0
GBD,Gauribidanur,24,1.4583333333333333,2,0,0.0
NGR,Annigeri,24,1.2916666666666667,5,0,0.0
JLD,Jarwal Road,24,2.0,2,0,0.0
BJW,Bajva,24,1.0416666666666667,2,0,0.0
PAJ,Paraj,24,1.0416666666666667,2,0,0.0
BVP,Bhavnagar Pa,24,1.0,1,0,0.0
CJM,Chinnaganjam,24,1.0,1,0,0.0
ITR,Itwari Jn.,24,0.625,2,0,0.0
AHQ,Ahera,24,1.0,1,0,0.0
SFA,Sunehra,24,1.0,1,0,0.0
SFMU,Sunam,24,1.875,2,0,0.0
NMZ,New Mal Jn.,24,2.5,10,0,0.0
MHQ,Mohuda,24,3.25,18,0,0.0
MHTR,Malihati Tal,24,1.0,1,0,0.0
MZC,Mirza-Cheuki,24,1.0,1,0,0.0
FDK,Faridkot,24,2.0416666666666665,3,0,0.0
RWL,Raiwala Jn.,24,2.0,2,0,0.0
SBO,Sabour,24,1.0,1,0,0.0
JHBN,Jhamatpur Ba,24,1.0,1,0,0.0
RMD,Ramanathapur,24,2.625,31,1,4.166666666666666
BONA,Boinda,24,2.0,2,0,0.0
EKC,Ekchari,24,1.0,1,0,0.0
EKI,Eklakhi,24,3.75,20,0,0.0
ERL,Eraniel,24,1.0,1,0,0.0
FAP,Fakharpur Ha,24,1.0,1,0,0.0
CLJ,Colonelganj,24,2.0,2,0,0.0
BTS,Basta,24,1.2083333333333333,2,0,0.0
GDB,Giddarbaha,24,1.6666666666666667,2,0,0.0
BGA,Bagalia,24,1.0,1,0,0.0
BHD,Badli,24,1.0833333333333333,2,0,0.0
HCP,Harchandpur,24,1.0833333333333333,2,0,0.0
BWH,Bhadaura,24,2.125,15,0,0.0
KWR,Koelwar,24,1.2083333333333333,2,0,0.0
AIT,Ait Jn,24,1.1666666666666667,2,0,0.0
BNN,Barnala,24,1.875,3,0,0.0
PAP,Pithapuram,24,1.0416666666666667,2,0,0.0
RHG,Rajgarh,24,1.5,2,0,0.0
RJK,Raja-Ka-Saha,24,4.291666666666667,15,0,0.0
KEX,Khekra,24,1.1666666666666667,2,0,0.0
KFA,Koparia,24,2.0,2,0,0.0
SKJ,Sahibpur Kam,24,1.5,2,0,0.0
BPM,Baghpat Road,24,1.625,10,0,0.0
BPR,Bhojipura Jn,24,2.125,5,0,0.0
NLDM,Nangal Dam,24,4.791666666666667,30,1,4.166666666666666
SMDP,Shahabad Muh,24,1.0,1,0,0.0
GRB,Garh-Dhrubbe,24,1.0,1,0,0.0
GTRA,Gotra,24,1.0,1,0,0.0
TRO,Tirora,24,1.9166666666666667,2,0,0.0
BRAG,Barang Jn.,24,1.0833333333333333,2,0,0.0
RGL,Rengali,24,2.0416666666666665,5,0,0.0
RHE,Rakha Mines,24,1.375,2,0,0.0
AKAT,Akkampet,24,1.0416666666666667,2,0,0.0
AKE,Akanapet,24,1.0,1,0,0.0
SSPN,Sri Satya Sa,24,1.625,5,0,0.0
SUA,Sardiha,24,1.0833333333333333,2,0,0.0
NLV,Nalbari,24,1.5,2,0,0.0
GLI,Galsi,24,1.0,1,0,0.0
SPP,Shahpur Pato,24,2.125,5,0,0.0
SPRD,Singapur Roa,24,2.0,2,0,0.0
NOLI,Noli,24,1.125,2,0,0.0
BUJ,Barauni Flag,24,1.0,1,0,0.0
DRL,Derol,24,1.4166666666666667,2,0,0.0
DRTP,Dasharathpur,24,1.0,1,0,0.0
RBH,Rajbandh,24,1.0416666666666667,2,0,0.0
KLRE,Khalari,24,1.75,2,0,0.0
PTRU,Patratu,24,2.9166666666666665,5,0,0.0
KSU,Kustaur,24,1.0,1,0,0.0
PDKT,Pudukkottai,24,1.125,2,0,0.0
PFT,Pothahi,24,1.0833333333333333,2,0,0.0
BNDA,Banda Jn,24,7.916666666666667,20,0,0.0
KMNC,Kuchaman Cit,24,1.9166666666666667,3,0,0.0
CAPE,Kanniyakumar,24,0.0,0,0,0.0
PMK,Paramakkudi,24,1.1666666666666667,2,0,0.0
PNK,Panki,24,1.2916666666666667,2,1,4.166666666666666
MBA,Mahoba,24,5.583333333333333,30,1,4.166666666666666
ALER,Aler,24,1.0,1,0,0.0
ALK,Alakkudi,24,1.0,1,0,0.0
SRWN,Saraswati Na,24,1.0833333333333333,2,0,0.0
CPP,Chipurupalle,24,1.75,2,0,0.0
BAT,Batala Jn.,24,4.875,55,1,4.166666666666666
VRL,Veraval,23,5.0,12,0,0.0
SRJ,Shankargarh,23,2.0,2,0,0.0
MDKD,Madhukunda,23,1.173913043478261,2,0,0.0
MDF,Muradi,23,1.173913043478261,2,0,0.0
SOT,Shohratgarh,23,2.0,2,0,0.0
SGRL,Singrauli,23,5.217391304347826,10,2,8.695652173913043
NYN,Naini Jn.,23,2.0869565217391304,5,0,0.0
CHV,Chervattur,23,1.391304347826087,2,0,0.0
JLR,Jetalsar Jn,23,9.695652173913043,30,1,4.3478260869565215
MIM,Maniram,23,1.826086956521739,2,0,0.0
FGR,Fatehgarh,23,3.130434782608696,27,1,4.3478260869565215
MABA,Mandi Bamora,23,1.434782608695652,2,0,0.0
TDO,Tanda-Urmar,23,1.9565217391304348,2,0,0.0
CM,Campierganj,23,1.826086956521739,2,0,0.0
GDL,Gondal,23,1.0,1,0,0.0
SHDM,Shahabad Mar,23,1.391304347826087,2,0,0.0
NKM,Namkom,23,1.0,1,0,0.0
SMR,Samdari,23,11.043478260869565,40,4,17.391304347826086
NKP,Nirakarpur,23,1.3478260869565217,2,0,0.0
SVH,Sonadanga,23,1.0,1,0,0.0
GHLE,Gadadharpur,23,1.0,1,0,0.0
MLY,Maula Ali,23,1.0434782608695652,2,0,0.0
UDGR,Udgir,23,1.173913043478261,2,0,0.0
WSJ,Wansjaliya J,23,2.8260869565217392,10,0,0.0
VVM,Viravasaram,23,1.1304347826086956,2,0,0.0
BZO,Barsola,23,1.1304347826086956,2,0,0.0
BNDM,Bondamunda J,23,1.0,1,0,0.0
PKA,Pradhan Khun,23,1.2608695652173914,2,0,0.0
PTA,Patiala,23,2.739130434782609,23,1,4.3478260869565215
KIT,Khallikot,23,1.391304347826087,2,0,0.0
NBH,Nimbahera,23,1.4782608695652173,2,0,0.0
PC,Pachora Jn.,23,1.9565217391304348,3,0,0.0
RDDE,Rathdhana,23,1.0434782608695652,2,0,0.0
RNO,Ranoli,23,1.0434782608695652,2,0,0.0
KBL,Koppal,23,1.391304347826087,2,0,0.0
TPF,Tarapith Roa,23,1.0,1,0,0.0
RMR,Ramnagar,23,0.0,0,0,0.0
PAD,Pardi,23,1.3478260869565217,2,0,0.0
PDT,Pendurti,23,1.5217391304347827,2,0,0.0
BN,Bibinagar,23,1.0869565217391304,2,0,0.0
CBF,Coimbatore N,23,1.0869565217391304,2,0,0.0
DKDE,Dankaur,22,0.8636363636363636,2,0,0.0
DKD,Donakonda,22,1.5,2,0,0.0
ATPA,Awantipura,22,1.0909090909090908,2,0,0.0
VMD,Vadlamannadu,22,1.0,1,0,0.0
DKN,Devan Gonthi,22,1.0,1,0,0.0
MUD,Muradnagar,22,1.2272727272727273,2,0,0.0
MOB,Manoharabad,22,0.6363636363636364,1,0,0.0
DHT,Dhamara Ghat,22,2.0,2,0,0.0
DEG,Delang,22,1.1818181818181819,2,0,0.0
VTM,Vetapalem,22,1.0,1,0,0.0
VTJ,Vartrej,22,1.0,1,0,0.0
VSG,Vasco-Da-Gam,22,0.0,0,0,0.0
COL,Coromandel,22,1.0,1,0,0.0
GOY,Govindpuri,22,1.5454545454545454,2,0,0.0
MAP,Morappur,22,1.1818181818181819,2,0,0.0
GID,Giddalur,22,1.4545454545454546,2,0,0.0
CSA,Chausa,22,1.6363636363636365,4,0,0.0
SHU,Sholingur,22,1.5,4,0,0.0
TAPA,Tapa,22,1.8636363636363635,2,0,0.0
NCR,Nagore,22,1.3636363636363635,2,0,0.0
SFNR,Saifee Nagar,22,1.0,1,0,0.0
TALL,Tall Jn.,22,1.1363636363636365,2,0,0.0
CRY,Chirayinkil,22,1.0,1,0,0.0
LKMN,Lokmanya Nag,22,1.0454545454545454,2,0,0.0
NWD,Nawadah,22,3.727272727272727,7,0,0.0
GVL,Gudlavalleru,22,1.0,1,0,0.0
GTW,Gatora,22,1.5,2,0,0.0
SHBA,Sahebtala  H,22,1.0,1,0,0.0
SINA,Srinagar,22,3.8181818181818183,10,0,0.0
GZN,Naya Ghaziab,22,1.0,1,0,0.0
SMET,Shimoga Town,22,1.0909090909090908,5,0,0.0
NLE,Nileshwar,22,1.5,2,0,0.0
SMU,Sambhu,22,1.4545454545454546,2,0,0.0
CLU,Chilakalpudi,22,1.0,1,0,0.0
SL,Surathkal,22,1.5909090909090908,4,0,0.0
BHHZ,Behta Hazipu,22,1.0,1,0,0.0
SUJR,Sujra,22,1.0,1,0,0.0
NSVP,Npa Sivaramp,22,1.0,1,0,0.0
GSP,Gurdaspur,22,2.0,2,0,0.0
GRRU,Guraru,22,1.1818181818181819,2,0,0.0
SNF,Sanat Nagar,22,1.0,1,0,0.0
SVM,Sanvordem Cu,22,1.4090909090909092,2,0,0.0
SVRP,Shivnarayanp,22,1.0,1,0,0.0
BFM,Bhalui,22,1.1818181818181819,2,0,0.0
NTG,Nusratabad K,22,1.0,1,0,0.0
AJI,Anji Shahaba,22,1.8636363636363635,2,0,0.0
AJR,Ajaibpur,22,1.0454545454545454,2,0,0.0
RPAR,Roop Nagar,22,2.9545454545454546,20,0,0.0
RPRD,Rupra Road,22,2.3181818181818183,5,0,0.0
MIU,Maripat,22,1.0,1,0,0.0
BEML,Beml Nagar,22,1.1363636363636365,2,0,0.0
TLH,Tilhar,22,2.0454545454545454,3,0,0.0
JKE,Jukehi,22,1.8181818181818181,3,0,0.0
JJK,Jhinjhak,22,1.6363636363636365,4,1,4.545454545454546
CHU,Champion,22,1.0,1,0,0.0
THE,Thawe Jn.,22,2.227272727272727,10,0,0.0
BAHL,Banihal,22,0.0,0,0,0.0
JEA,Nakaha Jungl,22,1.4545454545454546,2,0,0.0
NRLR,Norla  Road,22,2.0454545454545454,5,0,0.0
BPD,Bahadurpur,22,1.0,1,0,0.0
SGD,Songadh,22,1.1818181818181819,2,0,0.0
HUK,Holambi Kala,22,1.0,1,0,0.0
CKH,Chakand,22,1.0,1,0,0.0
RJQ,Rajendranaga,22,1.8636363636363635,2,0,0.0
BNR,Bhagwanpur,22,1.6363636363636365,2,0,0.0
RDUM,Rampur Dumra,22,1.2272727272727273,2,0,0.0
KVM,Kavutaram,22,1.0,1,0,0.0
BKRD,Bhaluka Road,22,2.0,2,0,0.0
TOM,Tondamanpatt,22,1.0909090909090908,3,0,0.0
JNR,Janakpur Roa,22,2.0,2,0,0.0
OGM,Oorgaum,22,1.0,1,0,0.0
BNT,Bharthana,22,2.090909090909091,7,0,0.0
KVU,Kadakavur,22,1.0,1,0,0.0
KUE,Kursela,22,1.4545454545454546,2,0,0.0
JWP,Jwalapur,22,1.9545454545454546,2,0,0.0
LAV,Labha,22,2.0,2,0,0.0
PKD,Penu Konda,22,1.2727272727272727,2,0,0.0
PAV,Pedana,22,1.0,1,0,0.0
QG,Quazigund,22,1.0909090909090908,2,0,0.0
QLM,Kulem,22,2.272727272727273,5,0,0.0
TLJ,Taljhari,22,1.0,1,0,0.0
RAU,Rau,22,1.8636363636363635,2,0,0.0
BRKY,Boraki Halt,22,1.0,1,0,0.0
MKM,Marikuppam,22,0.0,0,0,0.0
KDP,Kondapuram,22,2.1363636363636362,10,0,0.0
PASA,Parassala,22,1.0,1,0,0.0
ANT,Anantnag,22,2.1818181818181817,5,0,0.0
BDH,Bhedia,22,1.0,1,0,0.0
AMB,Ambodala,22,2.5454545454545454,5,0,0.0
KML,Kamtaul,22,2.0,2,0,0.0
BLP,"Balrampur,",22,1.8181818181818181,2,0,0.0
PUL,Rampura Phul,22,1.7272727272727273,2,0,0.0
CAI,Chanpatia,22,2.0,2,0,0.0
ANSB,Anandpur Sah,22,2.090909090909091,5,0,0.0
KRND,Khorason Roa,22,1.9545454545454546,2,0,0.0
MLPR,Malipur,22,1.5454545454545454,2,0,0.0
KLP,Kotalpukur,22,1.1363636363636365,2,0,0.0
RBZ,Rambhaddarpu,22,2.0,2,0,0.0
DGLE,Dhulian Gang,22,1.0,1,0,0.0
BMF,Basmat,22,1.6818181818181819,11,0,0.0
KQL,Kandhla,22,1.1363636363636365,2,0,0.0
DES,Desari,22,1.4545454545454546,2,0,0.0
PRBZ,Parsa Bazar,22,1.0,1,0,0.0
KPKI,Qasimpur Khe,22,1.2727272727272727,2,0,0.0
MQO,Munroturuttu,22,1.0,1,0,0.0
DBL,Dodbele,22,1.0454545454545454,2,0,0.0
ZB,Zahirabad,22,1.0909090909090908,2,0,0.0
WDR,Wadiaram,22,1.0,1,0,0.0
KAPG,Kalupara Gha,21,1.2857142857142858,2,0,0.0
GTE,Gothaj,21,1.1428571428571428,2,0,0.0
SFH,Safedabad,21,1.0,1,0,0.0
IBL,Indrabil,21,1.0,1,0,0.0
KATI,Kanthi Fs,21,1.7619047619047619,2,0,0.0
DIG,Duggirala,21,1.0,1,0,0.0
PVR,Pandharpur,21,3.4761904761904763,10,0,0.0
JVN,Joravarnagar,21,1.0,1,0,0.0
NDR,Nandesari,21,1.0952380952380953,2,0,0.0
GVN,Godavri,21,1.1428571428571428,2,0,0.0
BHLK,Bhalki,21,1.6666666666666667,12,0,0.0
RSG,Ramsagar,21,1.0,1,0,0.0
TGU,Tari Goppula,21,1.0,1,0,0.0
KANJ,Kanij,21,1.0476190476190477,2,0,0.0
AZR,Azamnagar Ro,21,1.8095238095238095,2,0,0.0
UREN,Uren,21,1.0,1,0,0.0
GVD,Gholvad,21,1.380952380952381,4,0,0.0
KSD,Keshod,21,1.0,1,0,0.0
SHBL,Shiblun,21,1.0,1,0,0.0
NEP,Nenpur,21,1.0952380952380953,2,0,0.0
SGP,Sohagpur,21,1.9523809523809523,2,0,0.0
KKQ,Kalaikunda,21,1.0,1,0,0.0
RURA,Rura,21,1.8095238095238095,8,0,0.0
RPUR,Ratanpur,21,1.0,1,0,0.0
HNN,Harsana Kala,21,1.0,1,0,0.0
CHL,Chola,21,1.1428571428571428,2,0,0.0
JNA,Julana,21,1.3333333333333333,2,0,0.0
KSO,Khemasuli Ph,21,1.0,1,0,0.0
BJRI,Bijuri,21,12.380952380952381,30,1,4.761904761904762
VTA,Vatva,21,1.2857142857142858,2,0,0.0
NKD,Nekonda,21,0.9523809523809523,1,0,0.0
SDT,Sadat,21,1.6666666666666667,2,0,0.0
DGHA,Digha Fs,21,0.0,0,0,0.0
PEP,Phephna Jn.,21,1.7619047619047619,2,0,0.0
BKNG,Bhaktinagar,21,1.9523809523809523,10,0,0.0
SCH,Sachin,21,1.380952380952381,3,0,0.0
ML,Malhour,21,1.1428571428571428,3,0,0.0
KPNA,Kapan  Halt,21,1.380952380952381,2,0,0.0
PDKN,Pedakakani H,21,1.0,1,0,0.0
KHKN,Khera Kalan,21,1.0,1,0,0.0
LHA,Lehra Gaga,21,1.7142857142857142,2,0,0.0
CC,Chauri Chaur,21,1.9047619047619047,3,0,0.0
NBR,Namburu,21,1.0,1,0,0.0
LGH,Lalgarh Jn.,21,5.571428571428571,60,2,9.523809523809524
CKTD,Chitrakutdha,21,2.380952380952381,5,0,0.0
PMR,Pitambarpur,21,2.0,2,0,0.0
JRR,Jugaur,21,1.0,1,0,0.0
PAO,Panoli,21,1.1428571428571428,2,0,0.0
KAPE,Kakapora,20,1.1,2,0,0.0
KKHT,Kakarghatti,20,2.0,2,0,0.0
SVGA,Sivaganga,20,1.25,2,0,0.0
AKD,Akodia,20,1.25,2,0,0.0
VKN,Vinukonda,20,1.1,2,0,0.0
KIK,Karaikal,20,0.0,0,0,0.0
DKO,Devakottai R,20,1.05,2,0,0.0
DLO,Dalgaon,20,1.5,2,0,0.0
UNLA,Unaula,20,1.95,2,0,0.0
GYM,Gudiattam,20,1.55,2,0,0.0
BXJ,Bokajan,20,1.8,5,0,0.0
CMU,Chau Mahla,20,1.85,5,0,0.0
BLDI,Bhildi Jn,20,10.15,25,0,0.0
MPO,Manpur Jn.,20,1.6,2,0,0.0
UTD,Utarsanda,20,1.05,2,0,0.0
VDD,Vendodu,20,1.0,1,0,0.0
VDE,Vedayapalem,20,1.05,2,0,0.0
BBW,Bodarwar,20,1.95,3,0,0.0
DKNT,Dakaniya Tal,20,2.05,5,0,0.0
KTSH,Kotmi Sonar,20,1.4,2,0,0.0
MJBK,Manjari Budr,20,1.0,1,0,0.0
MCJ,Manjattidal,20,1.0,1,0,0.0
NSD,Nasirabad,20,2.0,3,0,0.0
GMAN,Gumani,20,1.05,2,0,0.0
GUR,Gangapur Roa,20,1.45,2,0,0.0
BFW,Byatrayanhal,20,1.0,1,0,0.0
KRE,Kartarpur,20,1.9,2,0,0.0
NRE,Nandalur,20,1.6,5,0,0.0
CKD,Charkhi Dadr,20,1.95,2,0,0.0
RBG,Raybag,20,1.2,2,0,0.0
DVM,Dalbhumgarh,20,1.15,2,0,0.0
BEH,Bagdihi,20,1.0,1,0,0.0
KZK,Kazhakuttam,20,1.0,1,0,0.0
GNA,Goniana,20,1.75,2,0,0.0
BGBR,Bagbahra,20,2.6,5,0,0.0
GMS,Garhmuktesar,20,2.1,5,0,0.0
DHW,Dhariwal,20,2.4,10,0,0.0
BMH,Betamcherla,20,1.3,2,0,0.0
HSA,Hasimara,20,1.5,2,0,0.0
TIA,Tilaiya,20,1.7,5,0,0.0
JEUR,Jeur,20,1.55,2,0,0.0
MQL,Mirkhal,20,1.0,1,0,0.0
SSA,Sirsa,20,4.55,10,0,0.0
DMT,Diguvametta,20,1.0,1,0,0.0
REWA,Rewa,20,0.0,0,0,0.0
NPNR,Nepa Nagar,20,1.85,3,0,0.0
GTJT,Getor Jagatp,20,1.7,2,0,0.0
ANB,Ammanabrolu,20,1.0,1,0,0.0
NNR,Narayanpur,20,1.4,2,0,0.0
DWNA,Diwana,20,1.0,1,0,0.0
MSDN,Masudan,20,1.0,1,0,0.0
SVPI,Shivpuri,20,6.5,20,0,0.0
PUK,Pudukad,20,1.0,1,0,0.0
GUD,Galudih,20,1.2,2,0,0.0
SVA,Suwasra,20,1.55,2,0,0.0
MSK,Mahesh Khunt,20,1.4,2,0,0.0
BJBA,Bijbiara,20,1.05,2,0,0.0
PRND,Perinad,20,1.0,1,0,0.0
NGG,Nagina,20,1.95,3,0,0.0
KEB,Karambeli,20,1.2,2,0,0.0
GSO,Ghaso,20,1.0,1,0,0.0
NMJ,Nidamangalam,20,3.7,15,0,0.0
PRTL,Pirtala,20,1.0,1,0,0.0
AIH,Alawalpur Id,20,1.0,1,0,0.0
YT,Yevat,20,1.0,1,0,0.0
NGN,Nandgaon,20,1.7,2,0,0.0
MSW,Maskanwa,20,2.0,2,0,0.0
GRA,Gharaunda,20,1.35,2,0,0.0
AILM,Ailam Halt,20,0.95,1,0,0.0
GPH,Garpos,20,1.0,1,0,0.0
SCMN,Simhachalam,20,1.0,1,0,0.0
SDUA,Sadura,20,1.15,2,0,0.0
BADK,Barka Halt,20,1.0,1,0,0.0
WRR,Warora,20,1.35,2,0,0.0
RJ,Rawatganj F,20,1.05,2,0,0.0
NHN,Nigohan,20,1.05,2,0,0.0
CHJ,Chata,20,1.55,2,0,0.0
TNL,Tangla,20,2.0,2,0,0.0
MOG,Mohiuddinnag,20,1.4,2,0,0.0
RNPR,Rupnarayanpu,20,1.1,2,0,0.0
NAT,Nathnagar,20,1.0,1,0,0.0
LONI,Loni,20,1.0,1,0,0.0
KSP,Kishanpur,20,2.0,2,0,0.0
ADT,Aduthurai,20,1.0,1,0,0.0
TRS,Tarsarai,20,2.0,2,0,0.0
DPR,Dhampur,20,2.9,12,0,0.0
KGM,Kathgodam,20,0.0,0,0,0.0
KHH,Kichha,20,2.0,2,0,0.0
SRGT,Surendranaga,20,0.95,1,0,0.0
RJA,Rajnagar,20,2.0,2,0,0.0
BPS,Banpas,20,1.0,1,0,0.0
DOKM,Dokra Halt,20,1.05,2,0,0.0
TMX,Timmapur,20,1.0,1,0,0.0
PIZ,Pingli,20,1.0,1,0,0.0
GER,Geratpur,20,1.1,2,0,0.0
TLWA,Thalwara,20,2.0,2,0,0.0
SLW,Sohwal,20,1.05,2,0,0.0
SLKN,Sandal Kalan,20,1.05,2,0,0.0
RCRA,Ramchaura Ha,20,1.15,2,0,0.0
BDVT,Bhadravati,20,1.75,2,0,0.0
THV,Therubali,20,2.0,2,0,0.0
LKE,Lakheri,20,1.7,2,0,0.0
PJGM,Panjgam,20,1.0,1,0,0.0
SLJ,Sakrigali,20,1.0,1,0,0.0
OMLF,Old Malda,20,1.7,2,0,0.0
PBA,Piardoba,20,1.0,1,0,0.0
PAZ,Payangadi,20,1.45,2,0,0.0
PMPE,Pampora,20,1.0,1,0,0.0
MUW,Mathura Pur,20,1.05,2,0,0.0
UHR,Unchehara,20,1.75,2,0,0.0
PAA,Patas,20,1.0,1,0,0.0
HDP,Hadapsar,20,1.0,1,0,0.0
HDW,Haldwani,20,4.35,10,0,0.0
ROA,Rusera Ghat,20,2.0,2,0,0.0
JKI,Kauria Jungl,20,1.0,1,0,0.0
KGB,Kargi Road,20,1.9,2,0,0.0
LPW,Loharpurwa (,20,1.1,2,0,0.0
KIAT,Kyatsandra,20,1.3,2,0,0.0
GB,Gauri Bazar,20,1.9,2,0,0.0
LGTR,Lingaraj Tem,20,1.05,2,0,0.0
KTMA,Kotma,20,2.3,5,0,0.0
NZD,Nuzvid,20,1.1,2,0,0.0
OCR,Ochira,20,1.0,1,0,0.0
NBL,Nimbal,20,1.05,2,0,0.0
KPGM,Karpoorigram,20,1.5,2,0,0.0
MVKR,Mahawan Khor,20,1.0,1,0,0.0
KRBA,Korba,20,2.95,5,0,0.0
TKE,Tarikere,20,1.6,2,0,0.0
RSR,Rasra,20,2.0,2,0,0.0
JWB,Jawai Bandh,20,1.85,2,0,0.0
JVT,Jibanti,20,1.0,1,0,0.0
ULG,Udalguri,20,2.0,2,0,0.0
HRSB,Hillar Shaha,20,1.0,1,0,0.0
BDME,Baidyanathdh,20,0.0,0,0,0.0
TNGL,Toranagallu,20,1.3,2,0,0.0
SMO,Semapur,20,1.4,2,0,0.0
KPP,Kala Pipal,20,1.25,2,0,0.0
HIP,Haldipada,20,1.05,2,0,0.0
KIP,Khalilpur,19,1.0526315789473684,2,0,0.0
RUG,Rajlu Garhi,19,1.0,1,0,0.0
KIN,Kapasan,19,2.473684210526316,27,1,5.263157894736842
COA,Kakinada Por,19,0.0,0,0,0.0
KNVT,Kinwat,19,1.105263157894737,2,0,0.0
VJA,Vejandla,19,1.0,1,0,0.0
UPL,Uppalur,19,1.0,1,0,0.0
ADB,Adilabad,19,2.8947368421052633,10,0,0.0
LUR,Latur,19,7.894736842105263,10,0,0.0
KSF,Khalispur,19,1.0526315789473684,2,0,0.0
TIS,Tatisilwai,19,1.0,1,0,0.0
MSZ,Mansa,19,1.736842105263158,2,0,0.0
BRND,Boridand,19,1.7894736842105263,2,0,0.0
CW,Chainwa,19,1.7894736842105263,2,0,0.0
ALM,Alamanda,19,1.5263157894736843,2,0,0.0
SYN,Sayan,19,1.0526315789473684,2,0,0.0
BERO,Bero,19,1.0,1,0,0.0
BXL,Bheduasol,19,1.0,1,0,0.0
CTR,Chatra,19,1.0,1,0,0.0
JBN,Jogbani,19,0.0,0,0,0.0
BSLE,Bataspur,19,1.0,1,0,0.0
KUK,Koru Konda,19,1.5263157894736843,2,0,0.0
NRO,Nakodar Jn.,19,2.1578947368421053,10,0,0.0
NRX,Noadar Dhal,19,1.0,1,0,0.0
SWA,Sahjanwa,19,2.0,2,0,0.0
FBG,Forbesganj J,19,2.3157894736842106,5,0,0.0
GTNR,Gomtinagar F,19,1.5263157894736843,2,0,0.0
DNT,Dantan,19,1.1578947368421053,2,0,0.0
PLS,Pipalsana,19,2.0,2,0,0.0
CLDY,Chandlodiya,19,1.9473684210526316,2,0,0.0
PALR,Palur,19,1.0,1,0,0.0
UMD,Usmanabad,19,3.5789473684210527,5,0,0.0
DMA,Damodar Jn.,19,1.0,1,0,0.0
UJP,Ujiarpur,19,1.263157894736842,2,0,0.0
DAZ,Delhi-Azadpu,19,1.0,1,0,0.0
JTL,Jhapaterdhal,19,1.0,1,0,0.0
NDJ,Nandganj,19,1.631578947368421,4,0,0.0
KPL,Kantakapalle,19,1.5263157894736843,2,0,0.0
JOB,Asaipur Jobn,19,1.4736842105263157,2,0,0.0
AHH,Ahmed Garh,19,1.9473684210526316,3,0,0.0
SRJM,Sirjam,19,1.0,1,0,0.0
PCQ,Pichkurirdha,19,1.0,1,0,0.0
BDM,Badami,19,1.6842105263157894,10,0,0.0
KPLE,Kopai,19,1.0,1,0,0.0
MZM,Muazzampur N,19,3.0526315789473686,25,0,0.0
TLR,Tulsipur,19,2.9473684210526314,5,0,0.0
MOO,Muddanuru,19,1.4210526315789473,2,0,0.0
TMQ,Tirumangalam,19,1.0,1,0,0.0
BSBR,Banshlai Bri,19,1.0,1,0,0.0
BDMJ,Bhodwal Majr,19,1.0,1,0,0.0
LMT,Almatti,19,1.263157894736842,2,0,0.0
NIU,Nabipur,19,1.0526315789473684,2,0,0.0
ATE,Atarra,19,2.0,2,0,0.0
PGR,Pugalur,19,1.0,1,0,0.0
RKI,Ramkanali Jn,19,1.0,1,0,0.0
ARQ,Arariya Cour,19,2.0,2,0,0.0
KDTN,Kadethan,19,1.0,1,0,0.0
SDN,Sholavandan,19,1.0,1,0,0.0
DGI,Dungri,19,1.263157894736842,2,0,0.0
MKPR,Muktapur,18,2.0,2,0,0.0
GRL,Goraul,18,1.5555555555555556,2,0,0.0
MKX,Morak,18,1.7777777777777777,2,0,0.0
VS,Vishwamitri,18,1.3888888888888888,2,0,0.0
KZA,Khada,18,2.0555555555555554,3,0,0.0
NLD,Nalanda,18,2.2777777777777777,5,0,0.0
KDMR,Khodiyar Man,18,1.0,1,0,0.0
YLG,Yalvigi,18,1.0,1,0,0.0
KWMD,Kumbhawas Mu,18,1.0,1,0,0.0
SCT,Sengottai Jn,18,0.3333333333333333,5,0,0.0
VV,Valivade,18,1.0555555555555556,2,0,0.0
BATL,Baihatola,18,1.6666666666666667,2,0,0.0
VXD,Vadod,18,1.0555555555555556,2,0,0.0
NHLG,New Halflong,18,7.444444444444445,10,0,0.0
TNM,Tiruvannamal,18,2.5,5,0,0.0
MWX,Mallanwala K,18,1.6666666666666667,2,0,0.0
MXH,Makhu,18,1.9444444444444444,2,0,0.0
KHNM,Kunda Harnam,18,1.5555555555555556,2,0,0.0
BNB,Banstola P.H,18,1.0,1,0,0.0
MDUN,Madhranagar,18,1.0,1,0,0.0
MEC,Merta City,18,0.0,0,0,0.0
HN,Hathbandh,18,1.5555555555555556,2,0,0.0
RKD,Rukadi,18,1.0555555555555556,2,0,0.0
HLN,Holenarsipur,18,1.5,2,0,0.0
MOGA,Moga,18,2.6666666666666665,5,0,0.0
KLL,Kalol,18,2.0,2,0,0.0
BDHP,Bhudpur,18,1.0555555555555556,2,0,0.0
JNL,Jandiala,18,1.9444444444444444,2,0,0.0
PDW,Pandaul,18,2.0,2,0,0.0
PERN,Pernem,18,1.1111111111111112,2,0,0.0
BRK,Bahraich,18,0.0,0,0,0.0
BHB,Badla Ghat,18,2.0,2,0,0.0
DPD,Dosapadu,18,1.0,1,0,0.0
TRR,Taraori,18,1.3333333333333333,2,0,0.0
KHDB,Khodiyar,18,1.8333333333333333,2,0,0.0
MZH,Mauhari,18,1.8888888888888888,2,0,0.0
MZMA,Mazhom,18,1.0555555555555556,2,0,0.0
SNQ,Sankarpur,18,1.0,1,0,0.0
HNS,Hansi,18,1.7222222222222223,2,0,0.0
MOU,Manoharpur,18,1.0,1,0,0.0
JKM,Jankampet Jn,18,1.0,1,0,0.0
JM,Jalamb Jn.,18,1.5,2,0,0.0
TNJR,Taj Nagar,18,1.0,1,0,0.0
MNTT,Mulanturutti,18,1.1111111111111112,2,0,0.0
BGU,Bairagnia,18,2.0,2,0,0.0
SMZ,Saraimir,18,2.0,2,0,0.0
CBM,Cumbum,18,1.0555555555555556,2,0,0.0
BKLE,Bakudi,18,1.0,1,0,0.0
JPL,Japla,18,1.4444444444444444,5,0,0.0
NAC,Nawa City,18,1.6666666666666667,2,0,0.0
KL,Kherli,18,1.6666666666666667,2,0,0.0
HPO,Hasanpur Roa,18,2.0,2,0,0.0
RGB,Ramganga,18,1.9444444444444444,2,0,0.0
RGD,Rajgir,18,1.9444444444444444,10,0,0.0
PLCJ,Phalodi,18,7.444444444444445,35,2,11.11111111111111
DRSN,Dhurwasin  H,18,1.5,2,0,0.0
PLP,Phulpur,18,1.6111111111111112,5,0,0.0
NBG,Nabinagar Ro,18,1.2777777777777777,2,0,0.0
DNN,Dinanagar,18,2.0,2,0,0.0
TSI,Tenkasi,18,1.6666666666666667,5,0,0.0
AYRN,Akshaywat Ra,18,1.3333333333333333,2,0,0.0
RMV,Ramavarappad,18,1.0,1,0,0.0
CLR,Castle Rock,18,3.888888888888889,10,0,0.0
RNQ,Renukut,18,4.5,5,0,0.0
GII,Gidhni,18,1.1666666666666667,2,0,0.0
HDL,Hodal,18,1.1666666666666667,2,0,0.0
CHD,Chandia Road,18,1.6666666666666667,2,0,0.0
TWG,Twining Ganj,18,1.2777777777777777,2,0,0.0
NAZJ,Nazirganj,18,1.1666666666666667,2,0,0.0
NBA,Nabha,18,1.8333333333333333,2,0,0.0
DSO,Deshnoke,18,1.9444444444444444,2,0,0.0
LRD,Lar Road,18,1.8888888888888888,2,0,0.0
JHN,Jakhim,18,1.1666666666666667,2,0,0.0
BRML,Baramulla,18,0.0,0,0,0.0
MVI,Morvi,18,7.333333333333333,75,2,11.11111111111111
HRNR,Hira Nagar,18,1.7222222222222223,2,0,0.0
GALE,Gankar,18,1.0,1,0,0.0
MNO,Mehnar Road,18,1.3333333333333333,2,0,0.0
NBI,Nadbai,18,1.6666666666666667,2,0,0.0
NYH,Nayandahalli,18,1.1111111111111112,2,0,0.0
JSKA,Jataula Jori,18,1.0,1,0,0.0
JSP,Jayasingpur,18,1.1111111111111112,2,0,0.0
MGLE,Manigram,18,1.0555555555555556,2,0,0.0
BHI,Baheri,18,2.0,2,0,0.0
KTM,Kutralam,18,1.2777777777777777,4,0,0.0
JTW,Jaitwar,18,1.8333333333333333,2,0,0.0
JGN,Jagraon,18,1.8333333333333333,2,0,0.0
BMI,Bamnia,18,1.4444444444444444,2,0,0.0
HRV,Harrad,18,1.8333333333333333,2,0,0.0
SLD,Sakaldiha,18,1.4444444444444444,2,0,0.0
SLH,Silyari,18,1.5555555555555556,2,0,0.0
RTN,Retang,18,1.0,1,0,0.0
RUJ,Ranuj,18,1.4444444444444444,2,0,0.0
RS,Risia,18,2.0,2,0,0.0
LAU,Ladnun,18,2.8333333333333335,5,0,0.0
DBV,Dabilpur Hal,18,1.0,1,0,0.0
BAOL,Bawli Halt,18,1.0,1,0,0.0
UTR,Utraitia Jn,18,1.2777777777777777,5,0,0.0
VARD,Vaikam Road,18,1.0,1,0,0.0
BHLP,Bhulanpur F,18,1.3888888888888888,2,0,0.0
MPLR,Mahipal Road,18,1.0,1,0,0.0
KKN,Khirkiya,18,1.7777777777777777,2,0,0.0
KKPR,Kokpara,18,1.0555555555555556,2,0,0.0
POE,Pawapuri Roa,18,1.6666666666666667,2,0,0.0
DUD,Dudhani,18,1.3888888888888888,2,0,0.0
STD,Satrod,18,1.8888888888888888,2,0,0.0
GUG,Garjaipur,18,1.0,1,0,0.0
GUH,Guldhar,18,1.0555555555555556,2,0,0.0
MMM,Mandapam,18,1.2222222222222223,2,0,0.0
NUQ,Nagaruntari,18,2.2777777777777777,5,0,0.0
NRP,Narsipatnam,18,1.1111111111111112,2,0,0.0
SKQ,Sikandarpur,18,1.0,1,0,0.0
BZM,Bhimsen,18,2.4444444444444446,10,0,0.0
STNL,Satnali,18,1.5555555555555556,2,0,0.0
QRP,Kila Raipur,18,1.7222222222222223,2,0,0.0
HTZU,Hathidah Jn,18,1.3888888888888888,2,0,0.0
KRPU,Koraput Jn.,18,10.0,25,1,5.555555555555555
KRS,Karisath,18,1.2222222222222223,2,0,0.0
BEHS,Bihar Sharif,18,2.5,5,0,0.0
KJI,Khajauli,18,2.0,2,0,0.0
ANTU,Antu,18,1.2222222222222223,2,0,0.0
PPA,Pipra,18,2.0,2,0,0.0
PNW,Pundag,18,1.4444444444444444,2,0,0.0
SASN,Sahibzada Aj,18,1.8333333333333333,2,0,0.0
SHK,Sheikhpura,18,1.6666666666666667,2,0,0.0
BHUJ,New Bhuj,18,0.0,0,0,0.0
SI,Sonaili,18,2.0,2,0,0.0
BHRL,Bharoli,18,1.6111111111111112,2,0,0.0
DIA,Didwana,18,2.388888888888889,3,0,0.0
GNRL,Gangraul Hal,18,1.0,1,0,0.0
KNHN,Kanhan Jn.,18,2.0,2,0,0.0
KMS,Karamnasa,18,1.2222222222222223,2,0,0.0
DINR,Divine Nagar,18,1.0,1,0,0.0
KTT,Khutbav,18,1.0,1,0,0.0
KAP,Kalianpur,18,1.3333333333333333,2,0,0.0
SUJH,Sujangarh,18,2.7222222222222223,5,0,0.0
ASAR,Asra Halt,18,1.0,1,0,0.0
FLK,Falakata,18,2.111111111111111,5,0,0.0
CUX,Chaura Bh,18,1.2222222222222223,2,0,0.0
MAKM,Mararikulam,18,1.0,1,0,0.0
PSDA,Pasivedala H,18,1.0555555555555556,2,0,0.0
BIG,Belgahna,18,1.9444444444444444,2,0,0.0
GOGH,Gosai Gaon H,18,1.5555555555555556,2,0,0.0
GT,Ghatkesar,18,1.0,1,0,0.0
ADD,Adas Road,18,1.0555555555555556,2,0,0.0
KASR,Kanas Road,18,1.1111111111111112,2,0,0.0
KAV,Kalumna,18,2.0,2,0,0.0
NNP,Nanpara Jn.,18,8.722222222222221,10,0,0.0
GNP,Ghanpur,18,1.0,1,0,0.0
MRND,Morinda,18,1.5,2,0,0.0
MRT,Mathura Cant,18,2.3333333333333335,5,0,0.0
CU,Chagallu,18,1.0555555555555556,2,0,0.0
MCN,Mukundarayap,18,1.4444444444444444,2,0,0.0
MCV,Macharya,18,1.5,2,0,0.0
TAN,Tarana Road,18,1.5,2,0,0.0
NLPD,Nalla Padu J,18,1.0,1,0,0.0
KD,Kundarkhi,18,1.4444444444444444,2,0,0.0
DGO,Durgauti,18,1.2222222222222223,2,0,0.0
WAIR,Wair,18,1.0,1,0,0.0
CND,Chandur,18,3.111111111111111,30,1,5.555555555555555
SBM,Sonbarsa Kac,18,2.0,2,0,0.0
MJP,Moharajpur,18,1.0,1,0,0.0
SEO,Seohara,18,2.2777777777777777,5,0,0.0
CI,Chhapra Kach,18,1.4444444444444444,2,0,0.0
CIL,Chilbila Jn,18,1.0,1,0,0.0
BUA,Baradwar,18,1.8888888888888888,2,0,0.0
KRNR,Krishna Raja,18,1.3333333333333333,2,0,0.0
IHP,Inchhapuri,18,1.0,1,0,0.0
ETM,Ettumanur,18,1.0,1,0,0.0
SXZM,Sopore,18,1.0,1,0,0.0
PT,Patli,18,1.0,1,0,0.0
MT,Matera,18,2.0,2,0,0.0
WJ,Walajabad,18,1.0,1,0,0.0
WZJ,Wazerganj,18,1.7777777777777777,2,0,0.0
WRS,Warisaliganj,18,1.6666666666666667,2,0,0.0
KXE,Kalian Chak,18,1.0,1,0,0.0
VYA,Vyara,17,2.3529411764705883,9,0,0.0
KUU,Kuhuri,17,1.1764705882352942,2,0,0.0
LC,Lucknow City,17,1.9411764705882353,2,0,0.0
NGF,Nagar Nabi,17,1.0,1,0,0.0
GLBN,Gujran-Balwa,17,1.0,1,0,0.0
IDP,Indupalli,17,1.0,1,0,0.0
JAO,Joara,17,1.8823529411764706,2,0,0.0
SLF,Silli,17,1.0,1,0,0.0
BTKB,Bathna Kritt,17,1.0,1,0,0.0
MHO,Mahpur,17,1.5294117647058822,2,0,0.0
SKS,Salekasa,17,1.9411764705882353,2,0,0.0
KAD,Kandala,17,1.4705882352941178,2,0,0.0
VDH,Vedchha,17,1.411764705882353,4,0,0.0
JTR,Jatkanhar,17,1.2352941176470589,2,0,0.0
BHET,Bhestan,17,1.0588235294117647,2,0,0.0
JSM,Jaisalmer,17,13.235294117647058,225,1,5.88235294117647
OBR,Obradam,17,2.0,5,0,0.0
ACL,Ancheli,17,1.2352941176470589,3,0,0.0
TSR,Tsunduru,17,1.0,1,0,0.0
HJL,Hejjala,17,1.0588235294117647,2,0,0.0
MKDD,Mukundwadi H,17,1.0,1,0,0.0
PVD,Peddavadlapu,17,1.0,1,0,0.0
MUA,Musra,17,1.5294117647058822,2,0,0.0
PRTP,Partapur,17,1.0,1,0,0.0
TBB,Tilbhita,17,1.0,1,0,0.0
CRLM,Carmelaram,17,1.1176470588235294,2,0,0.0
SNDD,Sindhu Durg,17,1.5294117647058822,2,0,0.0
SNTD,Santaldih,17,1.1176470588235294,2,0,0.0
HEM,Himayatnagar,17,1.0588235294117647,2,0,0.0
CLKA,Chilka,17,1.2941176470588236,2,0,0.0
SJL,Sangam Jagar,17,1.0,1,0,0.0
BSDP,Bhusandpur,17,1.1764705882352942,2,0,0.0
KPRD,Kalyanpur Ro,17,1.0,1,0,0.0
MYX,Metyal Sahar,17,1.0,1,0,0.0
VLI,Valliukunnu,17,1.0,1,0,0.0
CNA,Chanderiya J,17,3.9411764705882355,30,1,5.88235294117647
JKNI,Jharkhandi F,17,2.0,2,0,0.0
MLHA,Maliya Hatin,17,1.0,1,0,0.0
NNW,Narayanpur T,17,2.0588235294117645,11,0,0.0
GAM,Ganjam,17,1.1764705882352942,2,0,0.0
MUZ,Mohiuddinpur,17,1.0,1,0,0.0
KSN,Krishna,17,1.5294117647058822,5,0,0.0
SSNR,Satsang Naga,17,1.0,1,0,0.0
BDU,Badnapur,17,1.0,1,0,0.0
IPL,Idappalli,17,1.0588235294117647,2,0,0.0
FAN,Fateh Nagar,17,1.3529411764705883,3,0,0.0
BAZ,Baran,17,3.2941176470588234,10,0,0.0
TBN,Timarni,17,1.5294117647058822,2,0,0.0
KZI,Khandrawali,17,1.0,1,0,0.0
VRR,Virpur,17,1.0588235294117647,2,0,0.0
MAUR,Maur,17,1.6470588235294117,2,0,0.0
NJT,Nagercoil To,16,1.625,3,0,0.0
NLS,Nellore Sout,16,1.0,1,0,0.0
KUPR,Khurdpur,16,1.9375,4,0,0.0
VNR,Devanur,16,1.0,1,0,0.0
VNUP,Vishnupuram,16,1.125,2,0,0.0
VPDA,Vidyapatinag,16,1.25,2,0,0.0
NMDA,New Morinda,16,1.625,2,0,0.0
BABR,Balanagar,16,1.0,1,0,0.0
ATUL,Atul,16,1.0,1,0,0.0
AHN,Ahiran H,16,1.0,1,0,0.0
MJRI,Majri Jn.,16,1.75,5,0,0.0
TBT,Talbahat,16,1.875,2,0,0.0
GOL,Goilkera,16,1.0,1,0,0.0
KWM,Kampur,16,1.75,2,0,0.0
YVP,Yawarpura,16,1.0,1,0,0.0
NLKR,Nilokheri,16,1.1875,2,0,0.0
PTAB,Patia Halt,16,1.0,1,0,0.0
PTD,Petlad Jn.,16,1.0,1,0,0.0
ALS,Amlori Sarsa,16,1.625,2,0,0.0
KXN,Kansbahal,16,1.0,1,0,0.0
WENA,Wena,16,1.75,2,0,0.0
WPR,Wanparti Roa,16,1.0,1,0,0.0
BWK,Bawani Khera,16,1.6875,2,0,0.0
SDGH,Sri Dungarga,16,1.9375,2,0,0.0
ARV,Arni Road,16,1.0625,2,0,0.0
THO,Tulin,16,1.0,1,0,0.0
MQR,Malkhaid Roa,16,1.0625,2,0,0.0
RAY,Ray,16,1.75,2,0,0.0
HSK,Hari Shankar,16,2.25,5,0,0.0
CTF,Chitgidda,16,1.0,1,0,0.0
HSX,Hoshiarpur,16,0.0,0,0,0.0
HTW,Hathua,16,1.875,2,0,0.0
ARD,Amarda Road,16,1.125,2,0,0.0
MDJ,Muhammadganj,16,1.25,2,0,0.0
HRT,Harnaut,16,1.75,2,0,0.0
DTVL,Dativli,16,1.0,1,0,0.0
TIHU,Tihu,16,1.125,2,0,0.0
MURD,Mandawar Mah,16,1.625,2,0,0.0
BMD,Bhimadolu,16,1.0625,2,0,0.0
RDE,Rundhi,16,1.0625,2,0,0.0
SUD,Sudhani,16,1.25,2,0,0.0
CTKT,Chhoti Khatu,16,1.8125,2,0,0.0
KKM,Kamalapuram,16,1.375,5,0,0.0
PNYA,Paniyahawa,16,2.0,4,0,0.0
TLHR,Talcher,16,21.25,30,2,12.5
CYN,Cheriyanad,16,1.0,1,0,0.0
KRYR,Karamsad,16,1.0,1,0,0.0
PNDR,Pandori,16,1.0,1,0,0.0
RGH,Ramgarhwa F,16,2.0625,3,0,0.0
RDRA,Ramdevra,16,2.8125,3,0,0.0
SRY,Sirari,16,1.625,2,0,0.0
RCF,Rail Coach F,16,1.125,2,0,0.0
BPF,Banapura,16,1.5625,2,0,0.0
NPD,Nawapara Roa,16,1.875,2,0,0.0
NPL,Nagalapalle,16,1.0,1,0,0.0
KATB,Khatkura Ph,16,1.0,1,0,0.0
BPH,Belpahar,16,2.0,2,0,0.0
NMM,New Misamari,16,2.0,2,0,0.0
SGE,Sankaridrug,16,1.3125,2,0,0.0
MJBT,Majbat,16,1.125,2,0,0.0
KMQ,Kumbla,16,1.25,3,0,0.0
SADP,Saidapur,16,1.1875,2,0,0.0
SAHI,Sathi,16,2.0,2,0,0.0
DRLA,Daurala,16,1.125,2,0,0.0
KSH,Kalisindh,16,1.1875,2,0,0.0
SRI,Salmari,16,2.0,2,0,0.0
AGTL,Agartala,16,0.0,0,0,0.0
CRU,Chudawa,16,1.0,1,0,0.0
SRNR,Sri Ramnagar,16,1.0625,2,0,0.0
SPC,Sitapur City,16,9.875,113,1,6.25
KKZ,Kottarakkara,16,1.0,1,0,0.0
HPP,Harpalpur,16,1.9375,2,0,0.0
CDMR,Chandauli Ma,16,1.1875,2,0,0.0
KSI,Kosli,16,1.875,2,0,0.0
BKSL,Bikramshila,16,1.0,1,0,0.0
RJL,Rajmahal,16,0.0,0,0,0.0
HME,Hamre,16,1.0,1,0,0.0
TNR,Tanguturu,16,1.5,9,0,0.0
TNRU,Tenneru Halt,16,1.0,1,0,0.0
TNW,Thanpar Naga,16,1.0625,2,0,0.0
LMN,Lachhmanpur,16,1.0625,2,0,0.0
RJR,Rajaldesar,16,1.75,2,0,0.0
SPLE,Sujnipara,16,1.0,1,0,0.0
SQR,Sultanpur Lo,16,1.9375,2,0,0.0
BGO,Bogri Road,16,1.0,1,0,0.0
MDVL,Mandavalli,16,1.0,1,0,0.0
HNA,Honnavar,16,1.625,2,0,0.0
RHN,Roshanpur,16,1.875,2,0,0.0
KTD,Kantadih,16,1.0,1,0,0.0
TP,Tiruchirappa,16,1.75,2,0,0.0
TPND,Talaja Panch,16,1.0,1,0,0.0
DPX,Dadpur Bh,16,1.25,2,0,0.0
BNCR,Banchari,16,1.0,1,0,0.0
MYK,Mayakonda,16,1.0,1,0,0.0
KPTO,Karanpurato,16,1.0,1,0,0.0
BGVN,Bhigvan,16,1.6875,2,0,0.0
BHAL,Bhatiel,16,1.0,1,0,0.0
MKO,Markona,16,1.125,2,0,0.0
SBE,Sorbhog,16,1.125,2,0,0.0
KNM,Kanimahuli P,16,1.0625,2,0,0.0
KNNK,Kanina Khas,16,1.25,2,0,0.0
MJL,Majhowalia,16,2.0,2,0,0.0
GTD,Gourinathdha,16,1.0,1,0,0.0
SAW,Suriawan,16,1.1875,2,0,0.0
SAY,Sayama,16,1.0,1,0,0.0
VLYN,Vallabh Vidh,16,1.0,1,0,0.0
MUP,Murhipar,16,1.5,2,0,0.0
TETA,Telta,16,1.125,2,0,0.0
AMSA,Ammasandra,16,1.0,1,0,0.0
BUDI,Bundi,16,2.25,5,0,0.0
KSC,Kashi Chak,16,1.625,2,0,0.0
MEP,Mehidpur Roa,16,1.8125,5,0,0.0
MFA,Mukuria,16,1.0,1,0,0.0
KLMG,Kalamboli,16,1.0,1,0,0.0
KLNK,Kalanaur Kal,16,2.0,2,0,0.0
PBL,Pathshala,16,1.125,2,0,0.0
PCK,Pachrukhi,16,1.6875,2,0,0.0
DPS,Dangoaposi,16,8.0,30,2,12.5
TRP,Tarapur,16,1.0,1,0,0.0
PDH,Padadhari,16,1.5625,2,0,0.0
GGD,Gullaguda,16,1.0,1,0,0.0
BSE,Badshahpur,16,1.375,2,0,0.0
LMNR,Laxmibainaga,16,1.5,2,0,0.0
NPS,Napasar,16,1.8125,2,0,0.0
NR,Niphad,16,1.5,2,0,0.0
KART,Kiratpur Sah,16,2.1875,11,0,0.0
SHLK,Sholaka,16,1.0625,2,0,0.0
KAO,Kalubathan,16,1.0,1,0,0.0
NDV,Nidvanda,16,1.0,1,0,0.0
BPZ,Bazpur,16,1.875,2,0,0.0
BQI,Bommidi,16,1.125,2,0,0.0
MGAE,Morgram,16,1.0,1,0,0.0
MGC,Mugat,16,1.0,1,0,0.0
KLQ,Kilikollur,16,1.0,1,0,0.0
SYJ,Saidraja,16,1.1875,2,0,0.0
PRP,Paharpur,16,1.875,2,0,0.0
PQS,Park Circus,16,1.0,1,0,0.0
BRPL,Barpali,16,2.0,2,0,0.0
PNUG,Punpun Ghat,16,1.0,1,0,0.0
ASB,Asanboni,16,1.0,1,0,0.0
PYOL,Payyoli,16,1.0,1,0,0.0
PUU,Punalur,16,0.75,5,0,0.0
AGAS,Agas,16,1.0,1,0,0.0
DXH,Duhai,16,1.0,1,0,0.0
MALB,Maliya Miyan,16,1.75,2,0,0.0
KLT,Kulitalai,16,1.25,2,0,0.0
BNGN,Bongaigaon,16,1.4375,2,0,0.0
TWB,Talwandi,16,2.0,2,0,0.0
BNV,Binnaguri,16,1.875,5,0,0.0
KGBS,Kishangarh B,16,1.5625,2,0,0.0
TSK,Tinsukia Jn.,16,1.125,5,0,0.0
PAW,Pandabeswar,16,1.0,1,0,0.0
JRL,Jharli,16,1.6875,2,0,0.0
AVS,Auvaneeswara,16,1.0,1,0,0.0
RMT,Ramgarh Cant,16,4.125,5,0,0.0
GH,Ghughuli,16,2.5,9,0,0.0
GHQ,Garhwa,16,1.8125,2,0,0.0
SME,Shimoga,16,1.0625,2,0,0.0
DBU,Dodballapur,16,1.125,2,0,0.0
VJPJ,Vijaypur Jam,16,1.8125,2,0,0.0
CNO,Canacona,16,1.5625,4,0,0.0
MHU,Manheru,16,1.6875,2,0,0.0
RWTB,Rowta Bagan,16,1.0,1,0,0.0
S,Srirangapatt,16,1.0625,2,0,0.0
GVG,Mandi Gobind,16,1.625,2,0,0.0
GLY,Gollapalli,16,1.0,1,0,0.0
KLWD,Kalitalavadi,16,1.0,1,0,0.0
MNI,Mangaon,16,1.5625,2,0,0.0
AJP,Ajampur,16,1.0,1,0,0.0
RPK,Ravalpalli K,16,1.0,1,0,0.0
BCU,Bhuchchu,16,1.75,2,0,0.0
NYO,Nayagaon,16,1.375,2,0,0.0
HDN,Haidarnagar,16,1.25,2,0,0.0
TTO,Tarn Taran,16,1.0,2,0,0.0
NTV,Nautanwa,16,0.0,0,0,0.0
URMA,Urma,16,1.0,1,0,0.0
NW,Nalwar,16,1.25,2,0,0.0
JTS,Jatusana,16,1.625,2,0,0.0
LBG,Limbgaon,16,1.0,1,0,0.0
CBSA,Chaibasa,16,0.9375,2,0,0.0
CBY,Khambhat,16,0.0,0,0,0.0
SLNA,Salauna,16,2.0,2,0,0.0
SLS,Salanpur,16,1.0,1,0,0.0
ANH,Ankorah (Ako,16,1.25,2,0,0.0
URD,Untari Road,16,1.25,2,0,0.0
NUJ,Nujella,16,1.0,1,0,0.0
NRZB,Nowrozabad,16,1.875,2,0,0.0
KMD,Kodumudi,16,1.125,2,0,0.0
MMU,Mugma,16,1.0,1,0,0.0
MMV,Mahali Marup,16,1.0,1,0,0.0
GVR,Goreswar,16,1.0,1,0,0.0
BTK,Bankata,16,1.875,2,0,0.0
DKGS,Simaria,16,1.125,2,0,0.0
DKJR,Dhekiajuli R,16,1.25,2,0,0.0
BVR,Banavar,16,1.0,1,0,0.0
LBA,Lambhua,16,1.0,1,0,0.0
EKM,Ekambarakupp,16,2.0,3,0,0.0
EKN,Ezhukone,16,1.0,1,0,0.0
NIIJ,Nilje,16,1.0,1,0,0.0
MAY,Mariahu,16,1.8125,2,0,0.0
KRLI,Kurali,16,1.375,2,0,0.0
BTSR,Bhuteshwar,16,1.0625,2,0,0.0
BYD,Byadgi,16,1.25,5,0,0.0
KRPP,Kuruppantara,16,1.0,1,0,0.0
SWPR,Sewapuri,16,1.1875,3,0,0.0
MRDW,Murdeshwar,16,1.625,2,0,0.0
MRPR,Mau Ranipur,16,1.9375,2,0,0.0
PTTN,Pattan,16,1.0,1,0,0.0
DZB,Dahina-Zaina,16,1.4375,2,0,0.0
TAO,Tamna,16,1.0,1,0,0.0
GLA,Garla,16,1.0,1,0,0.0
RV,Raver,16,1.625,2,0,0.0
NDM,Nidamanuru,16,1.0,1,0,0.0
NTN,Nar Town,16,1.0,1,0,0.0
BPO,Baripada Ph,16,0.5625,2,0,0.0
KXH,Kapurthala,16,2.0,2,0,0.0
KUV,Kundara,16,1.0,1,0,0.0
KXJ,Karimganj Jn,16,23.75,30,10,62.5
SDRA,Sudhrana,16,1.5625,2,0,0.0
CAM,Chhota Amban,16,1.0,1,0,0.0
BJF,Bijni,16,1.1875,2,0,0.0
GRMR,Garhi Manikp,16,1.0,1,0,0.0
SDI,Sagardighi,16,1.0,1,0,0.0
RQJ,Raninagar Ja,16,4.3125,30,1,6.25
DDP,Daudpur,16,1.6875,2,0,0.0
ARR,Arariya,15,2.2,5,0,0.0
MSP,Mansurpur,15,1.1333333333333333,2,0,0.0
MLD,Malihabad,15,1.4666666666666666,2,0,0.0
KMV,Karmad,15,1.0,1,0,0.0
DLF,Dalan,15,1.0666666666666667,2,0,0.0
DLB,Daulatabad,15,1.0,1,0,0.0
BAKL,Bakal,15,1.0666666666666667,2,0,0.0
CLVR,Chiluvur,15,1.0,1,0,0.0
KAJG,Karanjgoan,15,1.0,1,0,0.0
NSI,Nikursini,15,1.0,1,0,0.0
JWO,Jawad Road,15,1.4,2,0,0.0
BTF,Bathnaha,15,1.0,1,0,0.0
RSM,Rasmara,15,1.0666666666666667,2,0,0.0
NYA,Narayangarh,15,1.0,1,0,0.0
LDW,Ladhowal,15,1.4,2,0,0.0
NUD,Navagadh,15,1.0,1,0,0.0
JRS,Jorawasan,15,1.0,1,0,0.0
RNX,Ranipatra,15,1.0666666666666667,2,0,0.0
GHUM,Ghum,15,21.333333333333332,35,9,60.0
RPO,Rawatpur,15,1.4666666666666666,2,0,0.0
RPMN,Rampur Manih,15,1.1333333333333333,2,0,0.0
SKF,Sakhoti Tand,15,1.0,1,0,0.0
MIK,Manikui,15,1.0,1,0,0.0
KNZ,Kalanour,15,1.2666666666666666,2,0,0.0
MIAN,Miangram,15,1.0,1,0,0.0
VKD,Bakhrabad,15,1.0,1,0,0.0
DBR,Dabhaura,15,1.9333333333333333,2,0,0.0
KZU,Kunki Bh,15,1.0,1,0,0.0
SMH,Simraha,15,2.0,2,0,0.0
GHJ,Gursahaiganj,15,1.8,2,0,0.0
PARD,Pathrad Halt,15,1.0,1,0,0.0
BNVD,Bhanvad,15,0.7333333333333333,1,0,0.0
DOE,Deori,15,1.5333333333333334,2,0,0.0
DOA,Doraha,15,1.3333333333333333,2,0,0.0
LKS,Lunkaransar,15,1.9333333333333333,2,0,0.0
SNGP,Singhpur,15,1.6,2,0,0.0
RNA,Rohana Kalan,15,1.1333333333333333,2,0,0.0
GNGD,Gangadharpur,15,1.1333333333333333,2,0,0.0
MJA,Meja Road,15,1.5333333333333334,2,0,0.0
RWO,Ranavav,15,1.0,1,0,0.0
RWA,Rautara,15,1.0,1,0,0.0
VKT,Venkatachale,15,1.0,1,0,0.0
DHE,Dhobhi,15,2.2666666666666666,6,0,0.0
KES,Kesri,15,1.1333333333333333,2,0,0.0
SNI,Sindi,15,1.3333333333333333,2,0,0.0
KHLL,Keto Halli H,15,1.0,1,0,0.0
LM,Limdi,15,1.0,1,0,0.0
TR,Tarur,15,1.0,1,0,0.0
DOKY,Dukheri,15,1.2,2,0,0.0
MFB,Mustafabad,15,2.066666666666667,15,0,0.0
SOD,Sojat Road,15,1.8,2,0,0.0
KSY,Kusiargaon,15,2.0,2,0,0.0
BNBH,Bani Bihar,15,1.0,1,0,0.0
PGK,Pili Bangan,15,2.0,2,0,0.0
GBN,Garh Banali,15,1.0,1,0,0.0
SRJN,Sirajnagar,15,1.0,1,0,0.0
PKY,Pilkhani,15,1.1333333333333333,2,0,0.0
MOTC,Motichur,15,2.0,2,0,0.0
KUB,Kasba,15,1.9333333333333333,2,0,0.0
SHAN,Srinivasanag,15,1.0,1,0,0.0
GNNA,Gangania,15,1.0,1,0,0.0
SRZ,Sardargarh,15,1.0666666666666667,2,0,0.0
SRPR,Sarupsar Jn.,15,1.7333333333333334,3,0,0.0
AKU,Angalakuduru,15,1.0,1,0,0.0
PMS,Parmalkasa,15,1.0666666666666667,2,0,0.0
JKL,Jalalkhali H,15,1.0,1,0,0.0
SSW,Sarsawa,15,1.2,2,0,0.0
MPY,Murarpur Hal,15,1.0,1,0,0.0
TKBG,Teka Bigha,15,1.0666666666666667,2,0,0.0
BME,Barmer,15,0.0,0,0,0.0
CTH,Chikalthan,15,1.0,1,0,0.0
LXD,Lakshannath,15,1.0,1,0,0.0
SBD,Sleemnabad,15,1.5333333333333334,2,0,0.0
GSPR,Gosalpur,15,2.2666666666666666,12,0,0.0
SGBA,Sir Gurudas,15,1.0,1,0,0.0
BSRX,Basavana Bag,15,1.2,2,0,0.0
ANCR,Anchuri Ph,15,1.0,1,0,0.0
SVC,Siwan Kacher,15,1.2666666666666666,2,0,0.0
POZ,Potul,15,1.0,1,0,0.0
TDW,Tandwal,15,1.2,2,0,0.0
TDN,Tiruparankun,15,1.0,1,0,0.0
PPH,Pipridih,15,1.6,2,0,0.0
JAG,Jalalgarh,15,2.0,2,0,0.0
PQY,Pabli Khas,15,1.0666666666666667,2,0,0.0
BLZ,Budhlada,15,1.6666666666666667,2,0,0.0
PSD,Parsoda,15,1.0,1,0,0.0
BTV,Baitarani Ro,15,1.1333333333333333,2,0,0.0
BTW,Barshi,15,1.8666666666666667,2,0,0.0
SZR,Sarupathar,15,2.0,5,0,0.0
DZP,Darazpur,15,1.1333333333333333,2,0,0.0
ITA,Itola,15,1.1333333333333333,2,0,0.0
MJS,Manjeshwar,15,1.6666666666666667,6,0,0.0
KDU,Kadambur,15,1.0,1,0,0.0
DDX,Dhamdhamia,15,1.0,1,0,0.0
WNG,Wanegaon Hal,14,1.0,1,0,0.0
KZY,Kayalpattina,14,1.0,1,0,0.0
BRY,Bareilly Jn,14,5.214285714285714,10,0,0.0
NIL,Nilambur Roa,14,0.0,0,0,0.0
RNH,Runkhera,14,1.0714285714285714,2,0,0.0
DDL,Dhandari Kal,14,1.6428571428571428,2,0,0.0
KUCH,Kuchavaram H,14,1.0,1,0,0.0
SVI,Sagarpali,14,1.7142857142857142,2,0,0.0
SMNH,Somnath,14,0.0,0,0,0.0
VNB,Vaniyambalam,14,1.0,1,0,0.0
SMLA,Samlaya Jn.,14,1.1428571428571428,2,0,0.0
SMF,Samar Gopalp,14,1.0,1,0,0.0
WRC,Wrs Colony,14,1.2142857142857142,2,0,0.0
VMU,Vemuru Halt,14,1.0,1,0,0.0
DDW,Dudwa,14,2.0,2,0,0.0
DHMZ,Dhola Majra,14,1.0,1,0,0.0
AGI,Amguri,14,2.4285714285714284,5,0,0.0
KCKI,Kechki,14,1.2142857142857142,2,0,0.0
KCJ,Kasimpur Hal,14,1.0714285714285714,2,0,0.0
DHKR,Dhoda Kheri,14,1.0,1,0,0.0
GHNA,Gohana,14,1.7142857142857142,2,0,0.0
KURJ,Khajauraho,14,0.0,0,0,0.0
DHJ,Dhinoj,14,1.2142857142857142,2,0,0.0
GHL,Golhalli,14,1.0,1,0,0.0
SDY,Sadhoo Garh,14,1.1428571428571428,2,0,0.0
RMPR,Rampur  Halt,14,1.0,1,0,0.0
PSB,Parsabad,14,2.0,4,0,0.0
DHA,Dheena,14,1.2857142857142858,2,0,0.0
HPGM,Haripur Gram,14,1.0,1,0,0.0
KNG,Kathunangal,14,2.0,2,0,0.0
KNDV,Krishna Deva,14,1.0,1,0,0.0
KARD,Kaman,14,1.0,1,0,0.0
CAS,Chas Road Ph,14,1.0,1,0,0.0
KLG,Kalunga,14,1.0,1,0,0.0
BSCK,Basuchak Hal,14,1.0,1,0,0.0
MKR,Maddikera,14,3.357142857142857,31,1,7.142857142857142
SDNR,Seydunganall,14,1.0,1,0,0.0
NPTY,Nimpurathrou,14,1.0,1,0,0.0
BRU,Bihairoganj,14,2.0,2,0,0.0
CNC,Chinchli,14,1.1428571428571428,2,0,0.0
GRN,Gurnay,14,1.5714285714285714,2,0,0.0
BSS,Bahadur Sing,14,1.7142857142857142,2,0,0.0
SNHR,Sankhari,14,1.0,1,0,0.0
AI,Adipur,14,2.0,2,0,0.0
BLPU,Bilpur,14,2.0,2,0,0.0
KKI,Karkeli,14,1.5714285714285714,2,0,0.0
BQU,Bhattiprolu,14,1.0,1,0,0.0
RBGJ,Robertsganj,14,2.642857142857143,5,0,0.0
CGI,Chandragiri,14,1.5,5,0,0.0
DXN,Dudhinagar,14,1.7857142857142858,2,0,0.0
PTN,Patan,14,0.0,0,0,0.0
MLB,Modlimb,14,1.2857142857142858,2,0,0.0
HRSN,Harisinga,14,1.0,1,0,0.0
NNN,Nanguneri,14,1.0,1,0,0.0
CHBT,Chakarbhatha,14,1.1428571428571428,2,0,0.0
SAWN,Sohansra,14,1.0714285714285714,2,0,0.0
SRVX,Suravali (H),14,1.1428571428571428,3,0,0.0
GOH,Garoth,14,1.6428571428571428,2,0,0.0
MJO,Majorde Jn.,14,1.2142857142857142,3,0,0.0
MJG,Majhgawan,14,1.7857142857142858,2,0,0.0
KNP,Khanapur,14,1.2857142857142858,2,0,0.0
GANL,Ghanauli,14,1.2857142857142858,2,0,0.0
GSL,Godapeasal,14,1.0,1,0,0.0
MDH,Mandhar,14,1.2857142857142858,2,0,0.0
BU,Baswa,14,1.4285714285714286,2,0,0.0
SBPY,Sambalpur Ci,14,3.7142857142857144,5,1,7.142857142857142
SBLT,Shri Bhadriy,14,2.0,2,0,0.0
SBJ,Sarai Banjar,14,1.0714285714285714,2,0,0.0
CQA,Cherukara Ha,14,1.0,1,0,0.0
KRJR,Karjara,14,1.3571428571428572,2,0,0.0
NPI,Nipania,14,1.3571428571428572,2,0,0.0
SAHR,Saheri (Halt,14,1.0,1,0,0.0
BRST,Birpurusotha,14,1.0,1,0,0.0
KPS,Kopa Samhota,14,1.5714285714285714,2,0,0.0
MLT,Malatipatpur,14,1.0,1,0,0.0
BSPH,Bishanpur Ha,14,1.0,1,0,0.0
NNU,Nangal Mundi,14,1.2142857142857142,2,0,0.0
KPLL,Kotta Pandil,14,1.0,1,0,0.0
ADF,Adina,14,1.5,2,0,0.0
HKG,Hirakund,14,2.0,2,0,0.0
SGLA,Sangola,14,1.8571428571428572,2,0,0.0
VND,Vendra Halt,14,1.0,1,0,0.0
BIK,Bhira Kheri,14,2.0,2,0,0.0
ANY,Arumuganeri,14,1.0,1,0,0.0
HIND,Hind,14,1.0714285714285714,2,0,0.0
HHL,Hirehalli,14,1.0,1,0,0.0
MDKU,Modukuru Hal,14,1.0,1,0,0.0
ARCL,Arunachal,14,5.285714285714286,30,1,7.142857142857142
KNT,Kanth,14,2.2857142857142856,5,0,0.0
MHRN,Mahendranath,14,1.1428571428571428,2,0,0.0
BEY,Bugganapalli,14,1.0714285714285714,2,0,0.0
BHT,Bhattu,14,1.9285714285714286,2,0,0.0
NMBR,Nuagaon-Mayu,14,1.0,1,0,0.0
HLZ,Haldia,14,0.0,0,0,0.0
KEK,Karkheli,14,1.0,1,0,0.0
GNB,Jnana Bharat,14,1.0,1,0,0.0
VPZ,Valapuzha Ha,14,1.0,1,0,0.0
VPG,Ventrapragad,14,1.0,1,0,0.0
SOM,Somna,14,1.0,1,0,0.0
RAL,Repalle,14,0.0,0,0,0.0
KUMB,Kumarbagh,14,2.0,2,0,0.0
GTX,Gothan Gam,14,1.0,1,0,0.0
KZH,Kila Zafarga,14,1.0,1,0,0.0
MCLE,Manchili,14,1.0,1,0,0.0
SOA,Sanosara,14,1.0,1,0,0.0
MBS,Madhosingh,14,2.142857142857143,5,0,0.0
KEA,Katra,14,3.7142857142857144,5,0,0.0
KCD,Kurichedu,14,1.0,1,0,0.0
MHH,Maghar,14,2.0,2,0,0.0
GLP,Gollaprolu,14,1.1428571428571428,2,0,0.0
MRQ,Matari,14,1.1428571428571428,2,0,0.0
MMK,Madurantakam,14,1.7857142857142858,2,0,0.0
HLAR,Hole-Alur,14,1.1428571428571428,2,0,0.0
MLZ,Malarna,14,1.5,2,0,0.0
KZB,Kurumbur,14,1.0,1,0,0.0
MLTR,Melatur Halt,14,1.0,1,0,0.0
GUV,Guruvayur,14,0.0,0,0,0.0
GULR,Guler,14,1.9285714285714286,2,0,0.0
RLS,Romana Albel,14,1.2857142857142858,2,0,0.0
SKA,Sikandra Rao,14,2.0,2,0,0.0
DYP,Daryapur,14,1.0714285714285714,2,0,0.0
KYF,Kajrat Nawad,14,1.2142857142857142,2,0,0.0
BHN,Bhuli,14,1.1428571428571428,2,0,0.0
HMY,Harmuti,14,2.642857142857143,5,0,0.0
TCN,Tiruchendur,14,0.0,0,0,0.0
KCA,Kuchman,14,1.2857142857142858,2,0,0.0
BLK,Belakoba,14,1.1428571428571428,2,0,0.0
GWA,Ganj Dundwar,14,2.0,2,0,0.0
KBY,Khoirabari,14,1.0,1,0,0.0
RUR,Ranpur,14,1.0,1,0,0.0
RUPC,Rudrapur Cit,14,4.285714285714286,8,0,0.0
KMJ,Kaimganj,14,2.2857142857142856,5,0,0.0
KBQ,Kumrabad Roh,14,1.0,1,0,0.0
AAM,Angadipuram,14,1.0714285714285714,2,0,0.0
CBX,Chand Bhan,14,1.3571428571428572,2,0,0.0
SVV,Srivaikuntam,14,1.0,1,0,0.0
SRBA,Saragbundia,14,1.2142857142857142,2,0,0.0
ZP,Zerpur Pali,14,1.5714285714285714,2,0,0.0
AKJ,Akbar Ganj,14,1.0714285714285714,2,0,0.0
HAT,Hathuran,14,1.2857142857142858,2,0,0.0
RSMN,Ramgovindsin,14,1.0,1,0,0.0
RRS,Raghuraj Sin,14,1.0,2,0,0.0
PUS,Phusro,14,1.9285714285714286,5,0,0.0
CIV,Chinnaravuru,14,1.0,1,0,0.0
CTND,Chettinad,14,1.0714285714285714,2,0,0.0
RGT,Rajghat Ph,14,1.0,1,0,0.0
DDE,Dondaicha,14,6.928571428571429,55,1,7.142857142857142
MBL,Manubolu,14,1.0,1,0,0.0
RVKH,Ravindrakhan,14,1.0,1,0,0.0
ZRDE,Jiradei,14,1.9285714285714286,2,0,0.0
KLDI,Kaldhari,14,1.0,1,0,0.0
KRON,Karona Halt,14,1.0,1,0,0.0
KLAR,Kulpahar,14,1.9285714285714286,2,0,0.0
MNL,Minchnal,14,1.0,1,0,0.0
MNF,Manda Road,14,1.5714285714285714,2,0,0.0
NGL,Nagal,14,1.0714285714285714,2,0,0.0
KLA,Kulwa,14,1.0,1,0,0.0
ANK,Ankai,14,1.4285714285714286,2,0,0.0
KVDU,Kadavakuduru,14,1.0,1,0,0.0
CAER,Chanera,14,2.0,2,0,0.0
SPF,Stuartpuram,14,1.0,1,0,0.0
SYH,Saiyedpur Bh,14,1.4285714285714286,3,0,0.0
STW,Sahatwar,14,1.7857142857142858,2,0,0.0
GBK,Gopalpur Bal,14,1.0714285714285714,2,0,0.0
GBB,Gubbi,14,1.0714285714285714,2,0,0.0
SDF,Sudsar,14,1.7142857142857142,2,0,0.0
BXM,Belrayan,14,2.0,2,0,0.0
MPA,Manaparai,14,1.2142857142857142,2,0,0.0
MOY,Mohri,14,1.0,1,0,0.0
RPRL,Raparla Halt,14,1.0,1,0,0.0
CTA,Chitradurg,14,1.2142857142857142,2,0,0.0
BLND,Bolinna Doab,14,1.0,1,0,0.0
FTG,Fursatganj,14,1.0714285714285714,2,0,0.0
HRDR,Harsar Dehri,14,2.0,2,0,0.0
SCQ,Sham Chauras,14,1.0,1,0,0.0
MGME,Mccluskiegan,14,1.7142857142857142,2,0,0.0
YP,Errupalem,14,1.0,1,0,0.0
REN,Ren,14,1.7142857142857142,2,0,0.0
KOV,Kirloskar Wa,14,1.1428571428571428,3,0,0.0
FSP,Fatehsinghpu,14,1.4285714285714286,2,0,0.0
ABI,Ambaturai,14,1.2857142857142858,5,0,0.0
FRD,Farhedi Halt,14,1.0,1,0,0.0
STLR,Sitalpur,14,1.2857142857142858,2,0,0.0
PQN,Pariawan Kal,14,1.1428571428571428,2,0,0.0
JAQ,Jandrapeta H,14,1.0,1,0,0.0
NGRS,Nagrota Suri,14,2.0,2,0,0.0
PPO,Panposh,14,1.0,1,0,0.0
PRH,Powerpet,14,1.1428571428571428,2,0,0.0
PRF,Parsipur,14,1.1428571428571428,2,0,0.0
CJL,Chajli,14,1.6428571428571428,2,0,0.0
PIA,Pipraigaon,14,1.9285714285714286,2,0,0.0
MU,Makansar,14,1.0,1,0,0.0
KIU,Kinana,14,1.0,1,0,0.0
BEM,Badaun,14,3.4285714285714284,5,0,0.0
TDLE,Tildanga,14,1.0714285714285714,2,0,0.0
KRV,Karavadi,14,1.0,1,0,0.0
BUDM,Badmal,14,2.0,2,0,0.0
JDW,Jarauda Nara,14,1.0714285714285714,2,0,0.0
JDR,Jiwdhara,14,2.0,2,0,0.0
POA,Pallikona Ha,14,1.0,1,0,0.0
PPD,Pipolod,14,1.0,1,0,0.0
DUB,Dabtara,14,2.4285714285714284,5,0,0.0
DUA,Dhaura,14,2.0,2,0,0.0
BDWD,Bodwad,14,1.5,2,0,0.0
KSE,Kosad,14,1.0,1,0,0.0
THJ,Talheri Bazu,14,1.1428571428571428,2,0,0.0
THDR,Thandla Road,14,1.0714285714285714,2,0,0.0
THBN,Thana Bhawan,14,1.0714285714285714,2,0,0.0
DUJ,Dubrajpur,14,1.0,1,0,0.0
TKR,Takari,14,1.2857142857142858,3,0,0.0
TKPL,Tikirapal Ph,14,1.0,1,0,0.0
PNF,Pangaon,14,1.2142857142857142,2,0,0.0
BMJ,Brijmanganj,14,1.8571428571428572,2,0,0.0
BMHR,Bamanheri,14,1.0714285714285714,2,0,0.0
MUUA,Mahuawa Khur,14,1.2142857142857142,2,0,0.0
PLK,Palia Kalan,14,2.0,2,0,0.0
KHV,Karainthi,14,1.0,1,0,0.0
JHW,Jhalawar Roa,14,1.7142857142857142,2,0,0.0
AKS,Ankuspur,14,1.2857142857142858,2,0,0.0
TKWD,Tikekarwadi,14,1.1428571428571428,2,0,0.0
TKVR,Tek Newas,14,1.5,2,0,0.0
JJT,Jai Jai Want,14,1.0,1,0,0.0
MWQ,Motari Halt,14,1.0,1,0,0.0
MVV,Maheshi,14,1.0,1,0,0.0
PHLG,Pahlejaghat,14,1.1428571428571428,2,0,0.0
PHC,Panchot,14,1.0714285714285714,2,0,0.0
JKZ,Jita Kheri,14,1.7857142857142858,2,0,0.0
JKDP,Jankidaipur,14,1.0,1,0,0.0
PKQ,Pattikkad Ha,14,1.0,1,0,0.0
MWUE,Mahrawal,14,1.1428571428571428,3,0,0.0
DAVM,Dhanuvachapu,14,1.0714285714285714,2,0,0.0
DARA,Dara,14,1.6428571428571428,2,0,0.0
TLV,Talvadiya,14,1.8571428571428572,2,0,0.0
TLRA,Talara,14,2.0,2,0,0.0
DAR,Danwar,14,1.0,1,0,0.0
LMM,Lailakh Mama,14,1.0,1,0,0.0
JMKR,Jawalamukhi,14,1.7142857142857142,2,0,0.0
PES,Phesar,14,1.0714285714285714,2,0,0.0
MYY,Mayyanad,14,1.0,1,0,0.0
LMK,Limkhera,14,1.0714285714285714,2,0,0.0
LLJ,Lalganj,14,1.7142857142857142,2,0,0.0
TRN,Taraon,14,1.2857142857142858,2,0,0.0
TRK,Tirukkovilur,14,1.2142857142857142,2,0,0.0
DPP,Dhirpur,14,1.0,1,0,0.0
DPL,Danauli Phul,14,1.1428571428571428,2,0,0.0
PDU,Ponduru,14,1.5714285714285714,2,0,0.0
JNT,Jaintipura,14,2.0,2,0,0.0
TQN,Tikunia,14,1.7142857142857142,2,0,0.0
ADR,Mandi Adampu,14,1.9285714285714286,2,0,0.0
PCU,Putlacheruvu,14,1.0,1,0,0.0
KTHD,Kothari Road,14,1.1428571428571428,2,0,0.0
LJR,Lanji Garh R,14,4.5,20,0,0.0
LHN,Lachyan,14,1.2857142857142858,4,0,0.0
JPRD,Jenapur Road,14,1.0,1,0,0.0
ODG,Obaidulla Ga,14,1.7857142857142858,2,0,0.0
AVN,Anvardikanpe,14,1.2142857142857142,2,0,0.0
BNSR,Bhagwansar,14,1.4285714285714286,2,0,0.0
NAS,Nasrala,14,1.7857142857142858,2,0,0.0
KHBV,Kharbao,14,1.0,1,0,0.0
APL,Appikatla,14,1.0,1,0,0.0
OEA,Odela,14,1.0,1,0,0.0
DMW,Dalmau Jn.,14,2.0,5,0,0.0
TVL,Tadwal,14,1.2857142857142858,5,0,0.0
TUV,Tuvvur Halt,14,1.0,1,0,0.0
TUA,Tirunnavaya,14,1.0714285714285714,2,0,0.0
UGR,Ugar Khurd,14,1.2857142857142858,2,0,0.0
UGD,Uppu Gunduru,14,1.0,1,0,0.0
UDR,Amdara,14,1.7142857142857142,4,0,0.0
DMR,Dharmanagar,14,2.0,5,0,0.0
LHB,Lahabon Halt,14,1.0,1,0,0.0
BOD,Bangrod,14,1.0714285714285714,2,0,0.0
LGO,Lalgopalganj,14,1.0714285714285714,2,0,0.0
DMH,Dauram Madhe,14,1.7142857142857142,2,0,0.0
DLSR,Dalhousi Roa,14,1.8571428571428572,2,0,0.0
UKA,Ukhra,14,1.0,1,0,0.0
JTDM,Jatdumri Hal,14,1.0,1,0,0.0
NZT,Nazareth,14,1.0,1,0,0.0
CGN,Chirgaon,14,2.0,2,0,0.0
UOI,Umroli,14,1.0,1,0,0.0
UNDI,Undi,14,1.0714285714285714,2,0,0.0
UMNR,Umeshnagar,14,1.1428571428571428,2,0,0.0
NDBT,Nandpur Bhat,14,1.0,1,0,0.0
URN,Utran,14,1.0,1,0,0.0
URK,Urkura,14,1.6428571428571428,2,0,0.0
CGS,Changsari,14,1.1428571428571428,2,0,0.0
KAMP,Kamalpur Hal,14,1.0,1,0,0.0
KAMG,Kamakhyaguri,14,1.8571428571428572,5,0,0.0
NRGO,Narganjo Hal,14,1.0,1,0,0.0
KAG,Kodaganur,14,1.0,1,0,0.0
JWLS,Jawanwala Sh,14,2.0,2,0,0.0
NUPR,Nurpur Road,14,2.0,2,0,0.0
KTX,Katakhal Jn.,14,4.857142857142857,25,0,0.0
DING,Ding,14,1.9285714285714286,2,0,0.0
DISA,Disa,14,1.9285714285714286,2,0,0.0
BANE,Basni,14,1.8571428571428572,2,0,0.0
ACND,Acharya Nare,14,1.0714285714285714,2,0,0.0
VDL,Vaithisvaran,14,1.0,1,0,0.0
HGH,Haidergarh,13,1.0769230769230769,2,0,0.0
STJT,Sathajagat,13,1.0769230769230769,2,0,0.0
VYN,Vyasanagar,13,1.0,1,0,0.0
RGA,Rajagoda,13,1.0,1,0,0.0
NLSF,Niyalishpara,13,1.0,1,0,0.0
NLQ,Nangal Patha,13,1.2307692307692308,2,0,0.0
SCP,Sirnapalli,13,1.0,1,0,0.0
BJR,Barrajpur,13,1.7692307692307692,2,0,0.0
CBK,Chachura Bin,13,2.0,2,0,0.0
SDMD,Sudamdih,13,1.1538461538461537,2,0,0.0
SNA,Sadanapura,13,1.0,1,0,0.0
SCKR,Salichauka,13,1.6923076923076923,2,0,0.0
SVHE,Sisvinhalli,13,1.0,1,0,0.0
BRZ,Bareta,13,1.5384615384615385,2,0,0.0
SNKR,Sanka,13,1.0,1,0,0.0
CCG,Churchgate,13,0.0,0,0,0.0
SGR,Sangmeshwar,13,1.3846153846153846,2,0,0.0
SGKM,Srungavruksh,13,1.0,1,0,0.0
SIQ,Sarkoni,13,1.0,1,0,0.0
SMTG,Sahid Matang,13,1.0,1,0,0.0
SHSK,Sahasrakund,13,1.0769230769230769,2,0,0.0
SOP,Shiupur,13,1.0,1,0,0.0
GDM,Gudma,13,1.2307692307692308,2,0,0.0
RBA,Rambha,13,1.1538461538461537,2,0,0.0
KLJ,Kamalganj,13,1.6923076923076923,2,0,0.0
MHJ,Mahajan,13,2.0,2,0,0.0
BKH,Bankhedi,13,1.6923076923076923,2,0,0.0
RGX,Raghunathbar,13,1.0,1,0,0.0
BTL,Bortalao,13,1.3076923076923077,2,0,0.0
BAJ,Bhalej,13,1.0,1,0,0.0
BGTA,Bagratawa,13,1.6153846153846154,2,0,0.0
KMDR,Karimuddinpu,13,1.3846153846153846,2,0,0.0
MNC,Madankata,13,1.0,1,0,0.0
RGS,Ringus Jn.,13,2.5384615384615383,3,0,0.0
HMPR,Hurmujpur (H,13,1.0769230769230769,2,0,0.0
KLX,Kolakalur Ha,13,1.0,1,0,0.0
PYD,Palliyadi H.,13,1.0,1,0,0.0
AGV,Angua Ph,13,1.0,1,0,0.0
RF,Rafaleshwar,13,1.0,1,0,0.0
KPI,Kalpi,13,2.230769230769231,5,0,0.0
HCAB,Bmy H Cabin,13,1.4615384615384615,3,0,0.0
PPRH,Piprahan,13,2.0,2,0,0.0
OD,Ode,13,1.0,1,0,0.0
PAM,Panapakam,13,1.0769230769230769,2,0,0.0
BRPT,Birapatti,13,1.0,1,0,0.0
KI,Kondapalli,13,1.0,1,0,0.0
BLT,Balotra Jn.,13,5.076923076923077,6,0,0.0
NNL,Narnaul,13,1.8461538461538463,3,0,0.0
BRAM,Balaramapura,13,1.0,1,0,0.0
NMK,Nim-Ka-Thana,13,1.6153846153846154,2,0,0.0
NPJE,Nichitpur,13,1.0,1,0,0.0
DK,Dakor,13,0.7692307692307693,2,0,0.0
DKS,Darekasa,13,1.2307692307692308,2,0,0.0
BPE,Benapur,13,1.0,1,0,0.0
NAKD,Nayak Dih Ha,13,1.0,1,0,0.0
LLI,Lalgudi,13,1.0769230769230769,2,0,0.0
BOKR,Bhokar,13,1.0769230769230769,2,0,0.0
TRPL,Tripal,13,1.0,1,0,0.0
JKPR,Jakhapura Jn,13,2.769230769230769,10,0,0.0
BRMR,Bharmar,13,1.0,1,0,0.0
BEHR,Beohari,13,4.384615384615385,10,0,0.0
TIU,Tilaru,13,1.6153846153846154,2,0,0.0
DPH,Dadhapara,13,1.1538461538461537,2,0,0.0
PJB,Pania Job,13,1.3076923076923077,2,0,0.0
KJG,Karajgi,13,1.0769230769230769,2,0,0.0
TN,Tuticorin,13,0.0,0,0,0.0
WC,Wadhwan City,13,1.0,1,0,0.0
BLU,Bilhaur,13,1.9230769230769231,2,0,0.0
UB,Uska Bazar,13,1.7692307692307692,2,0,0.0
KTI,Kanti,13,2.0,2,0,0.0
KBM,Kotabommali,13,1.6153846153846154,2,0,0.0
PNRA,Paniara Halt,13,1.0,1,0,0.0
PRDG,Poradanga,13,1.0,1,0,0.0
KZTW,Kulitturai W,13,1.0,1,0,0.0
UMH,Umreth,13,1.0,1,0,0.0
WSA,Wadsa,13,3.3076923076923075,5,0,0.0
NGNT,New Guntur,13,1.8461538461538463,2,0,0.0
KIS,Kapilas Road,13,1.0769230769230769,2,0,0.0
PIP,Piplia,13,1.1538461538461537,2,0,0.0
DNM,Dhanmandal,13,1.0769230769230769,2,0,0.0
RUI,Rukni,13,1.0,1,0,0.0
BRHL,Baryal Himac,13,1.0,1,0,0.0
NZG,Nazarbag,13,1.0,1,0,0.0
DGS,Dagori,13,1.2307692307692308,2,0,0.0
HVL,Honnavalli R,12,1.0,1,0,0.0
RAI,Raibha,12,1.0,1,0,0.0
KKAH,Kankaha,12,1.0,1,0,0.0
MRIJ,Murliganj,12,2.0,2,0,0.0
MRHT,Moranhat,12,2.0,2,0,0.0
HWT,Hanwant,12,1.25,2,0,0.0
PUN,Pundi,12,1.6666666666666667,2,0,0.0
PUA,Pulla,12,1.0833333333333333,2,0,0.0
ARG,Angar Ghat,12,2.0,2,0,0.0
PVL,Pasupatikovi,12,1.0,1,0,0.0
BRW,Bariwala,12,1.75,2,0,0.0
BLQR,Bilaspur Roa,12,1.8333333333333333,2,0,0.0
BLNR,Birlanagar,12,1.9166666666666667,2,0,0.0
PTKP,Potkapalli,12,1.0833333333333333,2,0,0.0
CCAB,Bmy C Cabin,12,1.0833333333333333,2,0,0.0
MCVM,Machavaram H,12,1.0,1,0,0.0
SWI,Swami Malai,12,1.0,1,0,0.0
CUK,Churk,12,2.0,2,0,0.0
SVNR,Savanur,12,1.0,1,0,0.0
SVN,Sivungaon,12,1.0,1,0,0.0
IMGE,Ismailpur,12,1.0,1,0,0.0
PSR,Pasraha,12,1.25,2,0,0.0
ETMD,Ettimadai,12,1.0,1,0,0.0
SXP,Sankopara H,12,1.0,1,0,0.0
SXN,Sonakhan,12,1.0,1,0,0.0
SWRT,Sahawar Town,12,2.0,2,0,0.0
SWR,Sonua,12,1.0,1,0,0.0
SWNI,Siwani,12,1.5833333333333333,2,0,0.0
MBNL,Marwar Bhinm,12,2.9166666666666665,3,0,0.0
MBD,Mustabada,12,1.1666666666666667,3,0,0.0
PSO,Palsoramkdn,12,1.0,1,0,0.0
IK,Ikran,12,1.0,1,0,0.0
BLSA,Bolsa,12,1.0,1,0,0.0
BLRE,Belsiri,12,1.0,1,0,0.0
TAR,Tharsa,12,2.0,2,0,0.0
CWR,Chovvara,12,1.0,1,0,0.0
BTSD,Bhatisuda,12,1.0,1,0,0.0
KRMA,Karamtolla,12,1.0,1,0,0.0
MAZ,Mangra,12,1.0,1,0,0.0
SZ,Salawas,12,1.3333333333333333,2,0,0.0
BRNA,Berawanya,12,1.1666666666666667,2,0,0.0
MSMI,Misamari,12,1.0,1,0,0.0
PTI,Patiali,12,2.0,3,0,0.0
IPPM,India Paper,12,1.0,1,0,0.0
IMLI,Imli,12,2.0,2,0,0.0
PRZ,Parsa,12,1.8333333333333333,2,0,0.0
PRY,Paraiya,12,1.0,1,0,0.0
DWO,Doiwala,12,2.0,2,0,0.0
AFR,Asafpur,12,1.9166666666666667,2,0,0.0
DWLE,Dhauni,12,1.0,1,0,0.0
CIK,Chikasana,12,1.0,1,0,0.0
CIH,Chilhia,12,1.9166666666666667,2,0,0.0
PRL,Polur,12,1.0833333333333333,2,0,0.0
KJRM,Karjana Gram,12,1.0,1,0,0.0
KJRA,Karjana,12,1.0,1,0,0.0
KJME,Kajora Gram,12,1.0,1,0,0.0
AP,Ashokapuram,12,1.0,1,0,0.0
KCHV,Kachchanavil,12,1.0,1,0,0.0
JBD,Jalalabad,12,2.0,2,0,0.0
ARNB,Amarun,12,1.0,1,0,0.0
NHK,Naharkatiya,12,3.0,5,0,0.0
WDM,Wyndhamganj,12,1.75,2,0,0.0
PPM,Phirangipura,12,1.0,1,0,0.0
ATU,Attur,12,1.5833333333333333,2,0,0.0
DEP,Depalsar,12,1.1666666666666667,2,0,0.0
PRDP,Paradeep,12,0.0,0,0,0.0
BARJ,Bharatgarh,12,1.5,2,0,0.0
WRI,Waraseoni,12,1.6666666666666667,2,0,0.0
WRA,Walayar,12,1.0,1,0,0.0
PRCA,Perecherla,12,1.0,1,0,0.0
PRBG,Pratap Bagh,12,1.0833333333333333,2,0,0.0
PRAR,Paror,12,1.0,1,0,0.0
KCV,Krishna Chan,12,1.0,1,0,0.0
NKI,Nai Kheri,12,1.0,1,0,0.0
KJKD,Kanjikode,12,1.0,1,0,0.0
SED,Shedbal,12,1.3333333333333333,2,0,0.0
GRKA,Gurha Kemla,12,1.0,1,0,0.0
TELO,Telo,12,1.5833333333333333,3,0,0.0
TDPM,Todiyappulam,12,1.0,1,0,0.0
GRJ,Gatra Halt,12,1.0833333333333333,2,0,0.0
GRHX,Garra,12,1.0,1,0,0.0
BEF,Bhupadeopur,12,1.5,2,0,0.0
SDVL,Soldevanahal,12,1.0,1,0,0.0
BUE,Baruna,12,1.0,1,0,0.0
KNDG,Kanhadgaon,12,1.0,1,0,0.0
MKSR,Mokalsar,12,2.9166666666666665,3,0,0.0
MTP,Mettupalaiya,12,0.0,0,0,0.0
MKS,Muktsar,12,1.9166666666666667,2,0,0.0
CNF,Chianki,12,1.1666666666666667,2,0,0.0
MULK,Mulki,12,1.6666666666666667,5,0,0.0
MUH,Murtiha,12,2.0,2,0,0.0
JGA,Jogiara,12,2.0,2,0,0.0
MJPB,Manjhra Pura,12,2.0,2,0,0.0
BIX,Bhind,12,0.3333333333333333,2,0,0.0
GQN,Garahani,12,1.8333333333333333,2,0,0.0
PNSA,Punsia H,12,1.0,1,0,0.0
GPI,Gajapati Nag,12,1.8333333333333333,2,0,0.0
PNPR,Punnapra,12,1.0,1,0,0.0
PNPL,Panpali  Ph,12,1.0,1,0,0.0
PPG,Piploda Bagl,12,1.0,1,0,0.0
JDN,Jagudan,12,1.5,2,0,0.0
JDI,Jharradih,12,1.5,2,0,0.0
JCNR,Juchandra,12,1.0,1,0,0.0
ASAF,Asifabad Roa,12,1.0,1,0,0.0
POY,Pollachi,12,3.3333333333333335,5,0,0.0
SCA,Salchapra,12,1.3333333333333333,2,0,0.0
BAGL,Bara-Gopal,12,1.1666666666666667,2,0,0.0
DTV,Dhutra,12,1.0,1,0,0.0
DTP,Divitpalli H,12,1.0,1,0,0.0
AMPL,Ammapali,12,1.0,1,0,0.0
KN,Kadalundi,12,1.0833333333333333,2,0,0.0
THL,Tiruvalam,12,1.4166666666666667,5,0,0.0
SBBJ,Sri Balabrah,12,1.0,1,0,0.0
GOK,Gokarna Road,12,1.5,2,0,0.0
KNO,Kundgol,12,1.0,1,0,0.0
SAT,Santroad,12,1.0833333333333333,2,0,0.0
DUBH,Dubaha,12,1.1666666666666667,2,0,0.0
TGQ,Tenganmada,12,1.6666666666666667,2,0,0.0
TGM,Tangarmunda,12,1.0,1,0,0.0
TIL,Tilrath,12,0.6666666666666666,1,0,0.0
CEL,Chebrol,12,1.1666666666666667,3,0,0.0
KRY,Kadiri,12,1.4166666666666667,2,0,0.0
KRXA,Khara,12,1.0,1,0,0.0
SBR,Sambhar Lake,12,1.8333333333333333,2,0,0.0
GRY,Goraya,12,1.6666666666666667,2,0,0.0
TKP,Takipur,12,1.0,1,0,0.0
TKN,Tankuppa,12,1.8333333333333333,2,0,0.0
DAD,Devargudda,12,1.0,1,0,0.0
TKG,Thakurganj,12,1.9166666666666667,2,0,0.0
CNK,Chandok,12,1.75,2,0,0.0
GTK,Ghutku,12,1.6666666666666667,2,0,0.0
SAGR,Shrirajnagar,12,1.0,1,0,0.0
KMRA,Kamnara,12,1.0,1,0,0.0
CHSM,Chinnasalem,12,1.5,2,0,0.0
BMGA,Bhimgara Jn.,12,1.0,1,0,0.0
KNLS,Kanalus,12,2.6666666666666665,20,0,0.0
KNL,Kalanwali,12,2.0,2,0,0.0
JHWR,Jhawar Halt,12,1.0,1,0,0.0
GOD,Gidarpindi,12,1.6666666666666667,2,0,0.0
KIF,Kuri,12,1.0,1,0,0.0
BSN,Banasandra,12,1.0,1,0,0.0
MLK,Malkapuram,12,1.0,1,0,0.0
MLJ,Mohanlalganj,12,1.0,1,0,0.0
BRMH,Belurmath,12,0.0,0,0,0.0
BRMD,Biramdih,12,1.0,1,0,0.0
BRM,Barabambo,12,1.4166666666666667,5,0,0.0
SAA,Sathiaon,12,1.9166666666666667,2,0,0.0
JGR,Jaswantnagar,12,1.3333333333333333,2,0,0.0
MIN,Mihinpurwa,12,2.0,2,0,0.0
AKOR,Akalkot Road,12,1.3333333333333333,2,0,0.0
PMU,Parmanandpur,12,1.1666666666666667,2,0,0.0
PMQ,Parmanand,12,1.4166666666666667,5,0,0.0
PNM,Panyam,12,1.1666666666666667,2,0,0.0
PKK,Pakki,12,1.6666666666666667,2,0,0.0
BHTK,Bhanwar Tonk,12,1.6666666666666667,2,0,0.0
PJA,Pajian,12,1.75,2,0,0.0
PLNI,Palani,12,1.6666666666666667,5,0,0.0
PLMX,Palampur Him,12,2.0,2,0,0.0
JK,Jakolari,12,1.9166666666666667,2,0,0.0
DSM,Darasuram,12,1.0,1,0,0.0
DSKG,Dr Shri Kris,12,2.0,2,0,0.0
DRV,Darauli,12,1.25,2,0,0.0
TLMD,Trilochan Ma,12,1.0,1,0,0.0
SHV,Shivani,12,1.0,1,0,0.0
GNK,Garhnokha,12,1.8333333333333333,2,0,0.0
TKRI,Tikiri,12,2.0,2,0,0.0
KSTA,Kastha,12,1.0,1,0,0.0
BIC,Bichia,12,2.0,2,0,0.0
JI,Jhusi,12,1.9166666666666667,2,0,0.0
MWRN,Madwarani,12,1.0,1,0,0.0
BHX,Bulluana,12,1.6666666666666667,2,0,0.0
MIO,Molisar,12,2.3333333333333335,10,0,0.0
PIRO,Piro,12,1.9166666666666667,2,0,0.0
JLN,Jakhlaun,12,2.0,2,0,0.0
MINJ,Maikalganj,12,2.0,2,0,0.0
PIL,Pileru,12,1.25,2,0,0.0
SIKR,Sikar Jn.,12,0.0,0,0,0.0
PHRH,Panch Rukhi,12,1.0833333333333333,2,0,0.0
SIHO,Siho,12,1.1666666666666667,2,0,0.0
KOLR,Kolnur,12,3.4166666666666665,20,0,0.0
KOI,Khodri,12,1.75,2,0,0.0
MHL,Mahwal,12,2.0,2,0,0.0
SKN,Sri Krishna,12,1.0,1,0,0.0
MMB,Mahmudabad (,12,1.9166666666666667,2,0,0.0
PKNS,Pokharni Nar,12,1.0,1,0,0.0
MLX,Mullanpur,12,1.5833333333333333,2,0,0.0
DQN,Dhanera,12,4.416666666666667,22,0,0.0
ATNR,Awatarnagar,12,1.0,1,0,0.0
ATMO,Aithal,12,1.8333333333333333,2,0,0.0
BJMD,Bara Jamada,12,3.5,10,0,0.0
DAVJ,D.A.V. Colle,12,1.3333333333333333,2,0,0.0
GKK,Gokak Road,12,1.5,5,0,0.0
KSHT,Khetia,12,1.0,1,0,0.0
LOGH,Lottegollaha,12,1.0,1,0,0.0
GKHT,Gram Kharika,12,1.0,1,0,0.0
DRO,Daryaoganj,12,1.8333333333333333,2,0,0.0
DRI,Dumri Juara,12,1.0,1,0,0.0
BHLE,Barahat,12,1.8333333333333333,7,0,0.0
TLU,Tarlupadu,12,1.0,1,0,0.0
BTIC,Bathinda Can,12,1.5833333333333333,2,0,0.0
BDUA,Basudeopur C,12,1.0,1,0,0.0
PDRD,Pindra Road,12,1.0,1,0,0.0
BNKI,Banmankhi Jn,12,2.0,2,0,0.0
BNKH,Bhairanayaka,12,1.0,1,0,0.0
BTG,Basharatganj,12,2.25,5,0,0.0
TPY,Tadakal Pudi,12,1.0,1,0,0.0
TPW,Tirupati Wes,12,1.3333333333333333,5,0,0.0
LNS,Lunsu  Halt,12,1.0,1,0,0.0
KTES,Katni South,12,4.75,5,0,0.0
KTCH,Kaithalkuchi,12,1.0,1,0,0.0
GWM,Gannavaram,12,1.1666666666666667,3,0,0.0
BNBR,Bahanaga Baz,12,1.0,1,0,0.0
KMGE,Kumahu,12,1.0,1,0,0.0
PGTN,Palghat Town,12,2.0,5,0,0.0
CBU,Chinnnababu,12,1.25,4,0,0.0
MNDR,Mandi Dhanau,12,1.9166666666666667,2,0,0.0
KHTU,Khatu,12,1.5,2,0,0.0
KHF,Khantapara,12,1.0,1,0,0.0
MMZ,Mandamari,12,1.0,1,0,0.0
RRL,Rewral,12,1.25,2,0,0.0
GWS,Gaushala F,12,1.0,1,0,0.0
CMW,Chimalpahad,12,1.0,1,0,0.0
LKW,Lakhewali,12,1.75,2,0,0.0
CMJ,Chamarajapur,12,1.0833333333333333,2,0,0.0
CMDG,Chamardighi,12,1.0,1,0,0.0
BJO,Bijnor,12,3.5,5,0,0.0
ROB,Robertson,12,1.5,2,0,0.0
AJL,Ajitwal,12,1.6666666666666667,2,0,0.0
BJWS,Bojawas Halt,12,1.0,1,0,0.0
PEM,Peralam Jn.,12,1.0,1,0,0.0
PDV,Pandaravadai,12,1.25,4,0,0.0
ANKL,Ankola,12,1.5,2,0,0.0
CHN,Chhina,12,1.8333333333333333,2,0,0.0
PCH,Pachhapur,12,1.1666666666666667,2,0,0.0
PBW,Pantnagar,12,2.0,2,0,0.0
JOH,Juharpura,12,1.0,1,0,0.0
CAF,Chandafort,12,10.583333333333334,73,1,8.333333333333332
SLU,Sasalu,12,1.0833333333333333,2,0,0.0
DNX,Dhansu,12,1.25,2,0,0.0
TRZ,Tolra,12,1.1666666666666667,2,0,0.0
ADTL,Adhartal,12,1.6666666666666667,2,0,0.0
SLT,Silaut,12,1.1666666666666667,2,0,0.0
LKMR,Lakshmipur R,12,2.0,2,0,0.0
KTJI,Katha Jori,12,1.0,1,0,0.0
GJJ,Gajjelakonda,12,1.0,1,0,0.0
PCZ,Pocharam Hal,12,1.0,1,0,0.0
GJH,Goldeenganj,12,1.25,2,0,0.0
PCR,Panchra,12,1.0,1,0,0.0
NAB,Nagbhir,12,9.0,30,1,8.333333333333332
KGS,Khongsara,12,1.6666666666666667,2,0,0.0
KGRA,Kangra,12,1.8333333333333333,2,0,0.0
GILL,Gill,12,1.6666666666666667,2,0,0.0
SLKR,Salka Road,12,1.6666666666666667,2,0,0.0
LIR,Lachmipur Ha,12,1.8333333333333333,2,0,0.0
AWT,Alwar Tiruna,12,1.0,1,0,0.0
BJPL,Baijnath Pap,12,26.25,125,4,33.33333333333333
TT,Titte,12,1.0,1,0,0.0
DNWH,Daniyawan Ba,12,1.75,2,0,0.0
DNW,Dangarwa,12,1.4166666666666667,2,0,0.0
AJE,Anjar,12,2.0,2,0,0.0
KGMR,Kangra Mandi,12,1.0,1,0,0.0
PCO,Palayamkotta,12,1.0,1,0,0.0
JPS,Jamalpur Sha,12,1.3333333333333333,2,0,0.0
RNV,Raniwara,12,2.9166666666666665,3,0,0.0
JOR,Jalor,12,5.25,10,0,0.0
CPS,Chandpur Sia,12,2.75,5,0,0.0
CPLE,Chinpai,12,1.0,1,0,0.0
CPDR,Chhipadohar,12,1.4166666666666667,2,0,0.0
PAGM,Pennada Agra,12,1.0,1,0,0.0
OTR,Moturu,12,1.0,1,0,0.0
OPL,Uppal,12,1.0833333333333333,2,0,0.0
OLR,Ollur,12,1.0,1,0,0.0
AVP,Abhanpur Jn.,12,6.916666666666667,15,0,0.0
BTC,Balaghat Jn.,12,5.0,5,0,0.0
AVLI,Aravalli,12,1.0,1,0,0.0
JRG,Jugpura Ph,12,1.0,1,0,0.0
MGRP,Meghrajpura,12,1.0,1,0,0.0
KOX,Kachujor  Fl,12,1.0,1,0,0.0
HDK,Handia Khas,12,1.6666666666666667,2,0,0.0
RPD,Rupaund,12,1.75,2,0,0.0
KHAT,Khat,12,1.3333333333333333,2,0,0.0
AQG,Ashapura Gom,12,2.0,2,0,0.0
RNTL,Ranital,12,1.0833333333333333,2,0,0.0
BNTL,Bantawala,12,1.9166666666666667,2,0,0.0
CLI,Chalgeri,12,1.0,1,0,0.0
DNDI,Dhondi Halt,12,1.0,1,0,0.0
DND,Dandupur,12,1.1666666666666667,2,0,0.0
MGF,Mandagere,12,1.4166666666666667,2,0,0.0
MG,Modelgram,12,1.5,2,0,0.0
BDCR,Bhadrachalam,12,5.583333333333333,25,0,0.0
BDBP,Basudebpur H,12,1.0,1,0,0.0
BDAG,Bonidanga,12,1.0,1,0,0.0
GHS,Guru Harsaha,12,2.0,2,0,0.0
TUG,Thalangai,12,1.0833333333333333,2,0,0.0
GHPU,Gandhipuram,12,1.0,1,0,0.0
TTQ,Thathankulam,12,1.0,1,0,0.0
UJ,Ujalvav,12,1.0,1,0,0.0
NYI,Nellayi,12,1.0,1,0,0.0
UHL,Una Himachal,12,1.8333333333333333,10,0,0.0
CLE,Cintalpalli,12,1.0,1,0,0.0
CBN,Chit Baragao,12,1.5833333333333333,2,0,0.0
KLTR,Kalmitar,12,1.6666666666666667,2,0,0.0
DMRX,Dumari Halt,12,1.25,2,0,0.0
GGKR,Govindgarh K,12,1.4166666666666667,2,0,0.0
DMNJ,Daman Jodi,12,2.0,2,0,0.0
BCP,Bichpuri,12,1.0,1,0,0.0
SNH,Saunshi,12,1.0,1,0,0.0
SNGR,Sangannapur,12,1.0,1,0,0.0
KGA,Khaga,12,1.9166666666666667,2,0,0.0
KFT,Kajri,12,1.0833333333333333,2,0,0.0
OLP,Olapur,12,1.8333333333333333,2,0,0.0
SMNN,Shri Makri N,12,1.0,1,0,0.0
JRW,Joramow,12,1.0,1,0,0.0
NWR,Niwar,12,1.5,2,0,0.0
NWN,Nanwan Halt,12,1.0,1,0,0.0
NWC,Naya Nagar,12,2.0,2,0,0.0
KTLR,Kanthaliya R,12,1.0,1,0,0.0
SNV,Sondad,12,1.8333333333333333,2,0,0.0
SNRR,Sansarpur,12,1.4166666666666667,2,0,0.0
BSC,Bulandshahr,12,2.9166666666666665,5,0,0.0
MNPR,Mianpur,12,1.25,2,0,0.0
UKN,Uklana,12,1.4166666666666667,2,0,0.0
UKH,Ukhali Halt,12,1.0,1,0,0.0
RLG,Relangi,12,1.0,1,0,0.0
UJH,Ujhani,12,2.0,2,0,0.0
NVT,Navipet,12,1.0833333333333333,2,0,0.0
RKSH,Rishikesh,12,0.0,0,0,0.0
RMNP,Ramannapet,12,1.0,1,0,0.0
GED,Guledagudda,12,1.25,2,0,0.0
MFM,Mahalam,12,1.5,2,0,0.0
NDRT,Nangal Degro,12,1.0833333333333333,2,0,0.0
DLGN,Dhalgaon,12,1.4166666666666667,2,0,0.0
KPLR,Koparlahar,12,2.0,2,0,0.0
UNL,Unhel,12,1.0,1,0,0.0
HJLI,Hugrajuli,12,1.0,1,0,0.0
RMB,Rampura Beri,12,1.5833333333333333,2,0,0.0
UMN,Ambliyasan J,12,1.8333333333333333,2,0,0.0
BXC,Barwala,12,1.25,2,0,0.0
LDK,Ladhuka,12,1.4166666666666667,2,0,0.0
BKL,Bona Kalu,12,1.0,1,0,0.0
HMI,Himmatana,12,1.8333333333333333,2,0,0.0
BRA,Birsoal,12,2.0,2,0,0.0
NBPH,New Balrampu,12,1.0,1,0,0.0
NBM,Navabpalem,12,1.1666666666666667,3,0,0.0
JTI,Jaithari,12,1.8333333333333333,2,0,0.0
MON,Modran,12,2.9166666666666665,3,0,0.0
VAT,Vatlur,12,1.3333333333333333,4,0,0.0
VAA,Bhaga Jn,12,1.8333333333333333,5,0,0.0
LAP,Lohapur,12,1.0,1,0,0.0
LAK,Lakho,12,1.0,1,0,0.0
SOHL,Sohal,12,1.0,1,0,0.0
GDI,Gudgeri,12,1.0,1,0,0.0
URL,Unjalur,12,1.0,1,0,0.0
SOGR,Sogora,12,1.0,1,0,0.0
URGA,Urga,12,1.0833333333333333,2,0,0.0
JUL,Jhulasan,12,1.5,2,0,0.0
NTW,Nanjangud To,12,1.5833333333333333,2,0,0.0
BORA,Bagdogra,12,2.1666666666666665,7,0,0.0
KPTN,Keshorai Pat,12,1.5,2,0,0.0
BOJ,Bhojo,12,3.0,5,0,0.0
HLDR,Haldaur,12,2.0,2,0,0.0
KUC,Karukutty,12,1.0,1,0,0.0
NEW,Niwari,12,1.9166666666666667,2,0,0.0
NEM,Nemam,12,1.0833333333333333,2,0,0.0
NRN,Singhiaghat,12,2.0,2,0,0.0
RHMA,Rahama,12,1.25,2,0,0.0
KPTM,Kanjirammita,12,1.0,1,0,0.0
KALS,Kalas,12,1.0,1,0,0.0
KAJ,Kaliyaganj,12,2.0,2,0,0.0
BZ,Bharur Halt,12,1.5,2,0,0.0
NSA,Nishangara,12,1.8333333333333333,2,0,0.0
ME,Masaipet,12,1.0,1,0,0.0
GCAB,Bmy G Cabin,12,1.5,2,0,0.0
NRPA,Narayanpur A,12,1.0833333333333333,2,0,0.0
SRA,Semra,12,2.0,2,0,0.0
VDKS,Vadanam Kuru,12,1.0,1,0,0.0
DKGN,Dekargaon,12,0.0,0,0,0.0
SPQ,Sorupeta,12,1.0,1,0,0.0
KTW,Kotdwara,12,0.0,0,0,0.0
SPL,Sundaraperum,12,1.0,1,0,0.0
DIL,Dilawarnagar,12,1.4166666666666667,2,0,0.0
DIH,Dharuadihi,12,1.0,1,0,0.0
VI,Villianur Ha,12,1.0,1,0,0.0
DBS,Dobbspet,12,1.0,1,0,0.0
DBRT,Dibrugarh To,12,0.0,0,0,0.0
RJO,Rajendra Pul,12,1.6666666666666667,2,0,0.0
BANO,Bano,12,1.0,1,0,0.0
KLB,Kiraoli,12,1.3333333333333333,2,0,0.0
KKU,Kanakpura,12,1.3333333333333333,2,0,0.0
SRNK,Soron Shukar,12,2.0,2,0,0.0
SRM,Sarna,12,1.9166666666666667,2,0,0.0
MPL,Madana Palle,12,1.0833333333333333,2,0,0.0
MOTH,Moth,12,2.0,2,0,0.0
RHR,Rajhaura,12,1.0,1,0,0.0
VNA,Varangaon,12,1.6666666666666667,4,0,0.0
CKR,Chikodi Road,12,2.0,11,0,0.0
RECH,Rechni Road,12,1.0,1,0,0.0
RDT,Ravtha Road,12,1.4166666666666667,2,0,0.0
RDP,Radhikapur,12,0.0,0,0,0.0
RDN,Rudain,12,1.8333333333333333,2,0,0.0
RGM,Rangapuram,12,1.0,1,0,0.0
RGJ,Raiganj,12,3.8333333333333335,10,0,0.0
NRA,Nunkhar,12,1.75,2,0,0.0
HQR,Hirenanduru,12,1.1666666666666667,2,0,0.0
HPLE,Hatpuraini H,12,1.0,1,0,0.0
KLE,Kaithal,12,1.6666666666666667,2,0,0.0
CEU,Chiheru,12,1.4166666666666667,2,0,0.0
KEPR,Koiripur,12,1.0,1,0,0.0
KEN,Kotala Halt,12,1.0,1,0,0.0
NNNL,Nandani Lagu,12,1.0,1,0,0.0
BGH,Baghauli,12,1.75,2,0,0.0
BGDS,Bhagwanpur D,12,2.0,2,0,0.0
NNKR,Nanaksar,12,1.3333333333333333,2,0,0.0
KAYI,Kaydi Halt,12,1.0,1,0,0.0
CHCR,Chacher,12,1.3333333333333333,2,0,0.0
BLDL,Balle-Da-Pir,12,1.0,1,0,0.0
HSD,Hosdurga Roa,12,1.25,4,0,0.0
BKU,Bhiknur,12,1.0,1,0,0.0
GANG,Gangaganj,12,1.0,1,0,0.0
NNX,Nanauta,12,1.1666666666666667,2,0,0.0
SRO,Sirathu,12,1.75,2,0,0.0
AZP,Ayyampet,12,1.0,1,0,0.0
KRAN,Koratti Anga,12,1.0,1,0,0.0
KRA,Karepalli Jn,12,1.0,1,0,0.0
KQK,Kottikulam,12,1.1666666666666667,2,0,0.0
MDLL,Muddalingana,12,1.0,1,0,0.0
ALJ,Aliganj,12,2.0,2,0,0.0
CKRD,Chakmakrand,12,1.0,1,0,0.0
KEG,Karengi,12,2.0,2,0,0.0
RBJ,Raibojha,12,2.0,2,0,0.0
RBD,Rahimabad,12,1.4166666666666667,2,0,0.0
VNE,Vishwanath C,12,2.0,2,0,0.0
KTRH,Katareah,12,1.1666666666666667,2,0,0.0
KUP,Kup,12,1.75,2,0,0.0
KUMM,Kumbalam,12,1.0,1,0,0.0
KKTA,Kollikhutha,12,1.0,1,0,0.0
MQ,Mannargudi,12,0.0,0,0,0.0
KZC,Kulukalur Ha,12,1.0,1,0,0.0
BTRH,Bhatar,12,1.0,1,0,0.0
NGDM,Nagra Dham P,12,1.0833333333333333,2,0,0.0
NGA,Ningala,12,1.0,1,0,0.0
BTQ,Betnoti Ph,12,1.0,1,0,0.0
BTPD,Bethampurdi,12,1.0,1,0,0.0
KYO,Khandikar,12,1.0,1,0,0.0
GAD,Gevra-Road,12,0.0,0,0,0.0
DGHR,Deoghar,12,0.8333333333333334,1,0,0.0
DGBH,Digha Bridge,12,2.0,2,0,0.0
BBA,Babrala,12,3.25,5,0,0.0
VRH,Virbhadra,12,2.0,2,0,0.0
FZP,Firozpur Cit,12,2.0,2,0,0.0
KCAB,K-Cabin Bndm,12,1.0,1,0,0.0
FZL,Fazalpur,12,1.5,2,0,0.0
FTS,Fatehpur-Sik,12,1.5,2,0,0.0
BGNA,Balgona,12,0.16666666666666666,1,0,0.0
KBPR,Kabaka Puttu,12,1.25,2,0,0.0
RBS,Rupbas,12,1.3333333333333333,2,0,0.0
BAA,Barala,12,1.0,1,0,0.0
XBKJ,Bikram Ganj,12,1.8333333333333333,2,0,0.0
HTT,Hatta Road,12,2.0,2,0,0.0
HSQ,Husainpur,12,1.75,2,0,0.0
STUR,Satulur,12,1.0,1,0,0.0
DDCE,Dundi,12,1.5,2,0,0.0
CSR,Chak Sikanda,12,1.0,1,0,0.0
KWJ,Khojewala,12,2.0,4,0,0.0
STKW,Sultanpur Ka,12,1.0,1,0,0.0
NGRD,Nilgiri Road,12,1.0,1,0,0.0
FN,Farukhnagar,12,0.0,0,0,0.0
RBK,Reoti Bahora,12,1.0,1,0,0.0
ALMR,Alampur,12,1.0,1,0,0.0
KDKN,Kendukana,12,1.0,1,0,0.0
BPRH,Balpur,12,1.0,1,0,0.0
NIM,Nimdih,12,1.0,1,0,0.0
KKJ,Kakori,12,1.4166666666666667,2,0,0.0
KVC,Kaparpura,12,2.0,2,0,0.0
SDG,Sahadai Buzu,12,1.0,1,0,0.0
CDA,Chuda,12,1.0,1,0,0.0
ASL,Asaloda,12,1.0,1,0,0.0
KVS,Kalsur,12,1.0,1,0,0.0
KVK,Kavathe Maha,12,1.3333333333333333,2,0,0.0
KVG,Kundanganj,12,1.0,1,0,0.0
MDGR,Manendragarh,12,9.583333333333334,25,0,0.0
MRB,Munirabad,12,1.3333333333333333,2,0,0.0
ABFC,Ambari Falak,12,1.0,1,0,0.0
NHB,Nohbachhamad,12,1.0,1,0,0.0
KDTR,Kirodimalnag,12,1.5833333333333333,2,0,0.0
KDO,Kadakola,12,1.0,1,0,0.0
NGRT,Nagrota,12,2.0,2,0,0.0
MR,Martur,12,1.25,2,0,0.0
WDN,Vadgaon Nila,12,1.0,1,0,0.0
DGU,Digaru,11,1.3636363636363635,2,0,0.0
VRE,Varedia,11,1.0909090909090908,2,0,0.0
DHPD,Dhapara Dham,11,1.0,1,0,0.0
VGT,Unguturu,11,1.0909090909090908,2,0,0.0
BVL,Bikkavolu,11,1.0909090909090908,2,0,0.0
VBW,Vaibhavwadi,11,1.2727272727272727,2,0,0.0
BBMN,Bari Brahman,11,1.7272727272727273,2,0,0.0
UKL,Uttukuli,11,1.0909090909090908,2,0,0.0
LDP,Lodipur Bish,11,1.7272727272727273,2,0,0.0
DNL,Dhanoli,11,1.0,1,0,0.0
LKDU,Lankalakoder,11,1.0,1,0,0.0
LPJ,Lalpur Jam,11,1.0,1,0,0.0
BDPR,Brindabanpur,11,1.0,1,0,0.0
BUT,Baytu,11,1.9090909090909092,2,0,0.0
KS,Kheta Sarai,11,1.0909090909090908,2,0,0.0
THPR,Tippapur Hal,11,1.0,1,0,0.0
DUMK,Dumka,11,0.0,0,0,0.0
NOB,Nobanda Ph,11,1.0,1,0,0.0
NMKL,Namakkal,11,1.3636363636363635,2,0,0.0
TBTN,Thana Bhawan,11,1.0,1,0,0.0
KRMR,Karim Nagar,11,0.18181818181818182,1,0,0.0
CVR,Chorvad,11,1.0,1,0,0.0
SYM,Savalyapuram,11,1.0,1,0,0.0
BEX,Belboni Ph,11,1.0,1,0,0.0
KRLR,Karaila Road,11,1.7272727272727273,2,0,0.0
CTRE,Chitteri,11,1.1818181818181819,2,0,0.0
CTYL,Chityala,11,1.0,1,0,0.0
MBY,Mandi Dabwal,11,2.0,2,0,0.0
KRIH,Korai Halt,11,1.0,1,0,0.0
GAG,Gangaghat,11,1.0,1,0,0.0
GAJ,Ganeshganj,11,2.0,2,0,0.0
BZC,Beliator Ph,11,1.0,1,0,0.0
BZG,Bilga,11,1.5454545454545454,2,0,0.0
SONA,Sonamukhi Ph,11,0.8181818181818182,1,0,0.0
MFL,Mishrauli,11,1.0,1,0,0.0
NDPU,Nudurupadu,11,1.0,1,0,0.0
NSU,Nisoi,11,1.0,1,0,0.0
NRG,Nergundi Jn.,11,1.1818181818181819,2,0,0.0
NRM,Nurmahal,11,1.6363636363636365,2,0,0.0
NEMA,Nema Halt,11,1.0,1,0,0.0
SMP,Sambhupura,11,1.2727272727272727,2,0,0.0
GHGL,Ghagwal,11,1.6363636363636365,2,0,0.0
SMLT,Samloti,11,1.0,1,0,0.0
MGR,Monghyr,11,1.7272727272727273,5,0,0.0
SLY,Samalpatti,11,1.0,1,0,0.0
CPHT,Coopers Halt,11,1.0,1,0,0.0
CAG,Chhabragugor,11,2.3636363636363638,5,0,0.0
BHTN,Bhitoni,11,1.7272727272727273,2,0,0.0
SKR,Sakhpur,11,1.0,1,0,0.0
KFPR,Kafurpur,11,1.7272727272727273,2,0,0.0
KFU,Kohand Halt,11,1.0,1,0,0.0
NZP,Niyazipur Ha,11,1.0,1,0,0.0
NWU,Navapur,11,3.0,7,0,0.0
MHBT,Mahbub Nagar,11,1.0,1,0,0.0
BZJT,Bazida Jatan,11,1.0909090909090908,2,0,0.0
BZK,Bhaini Khurd,11,1.0,1,0,0.0
MHV,Mahuva,11,0.0,0,0,0.0
SGRA,Sangariya,11,1.8181818181818181,2,0,0.0
SGRD,Saragaon Roa,11,1.2727272727272727,2,0,0.0
SGDM,Sigadam,11,1.5454545454545454,2,0,0.0
BIRP,Birarajpur,11,1.0,1,0,0.0
BJ,Bahjoi,11,1.8181818181818181,2,0,0.0
MKRN,Makronia,11,1.9090909090909092,2,0,0.0
AMIN,Amin,11,1.0,1,0,0.0
SCI,Sanchi,11,1.7272727272727273,2,0,0.0
GSGB,Gosaingram,11,1.0,1,0,0.0
SBNM,Subarnamrigi,11,1.0,1,0,0.0
SAU,Sanand,11,1.9090909090909092,2,0,0.0
BNU,Bandakpur,11,1.9090909090909092,2,0,0.0
SAL,Salwa,11,1.0909090909090908,2,0,0.0
GUU,Gundratimadu,11,1.0,1,0,0.0
GVDP,Govindpur Ph,11,1.0,1,0,0.0
MMH,Mahadanapura,11,1.0,1,0,0.0
GVI,Garividi,11,1.5454545454545454,2,0,0.0
CMMG,Chamunda Mar,11,1.0,1,0,0.0
HAM,Hamiratti Ph,11,1.0,1,0,0.0
RPHR,Raipur Harya,11,1.1818181818181819,2,0,0.0
RLA,Rajula Road,11,5.181818181818182,15,0,0.0
HKP,Hakimpur,11,1.6363636363636365,2,0,0.0
MNZ,Manani,11,1.0,1,0,0.0
BKNO,Biknaph,11,1.0,1,0,0.0
BKO,Bindki Road,11,2.5454545454545454,14,0,0.0
KHBJ,Khanna Banja,11,2.272727272727273,5,0,0.0
MPU,Medapadu,11,1.0909090909090908,2,0,0.0
RAJP,Rajapur Road,11,1.2727272727272727,2,0,0.0
PUMU,Penumarru Ha,11,1.0,1,0,0.0
IAM,Mai Halt,11,1.0,1,0,0.0
KIV,Kailsa,11,1.7272727272727273,2,0,0.0
KITA,Kita,11,1.0,1,0,0.0
PLVA,Pallevada,11,1.0909090909090908,2,0,0.0
JHDC,Jahanabad  C,11,1.0,1,0,0.0
MVN,Milavittan,11,1.0,1,0,0.0
PLI,Pettaivaytal,11,1.0,1,0,0.0
PLPM,Palappuram H,11,1.0,1,0,0.0
BRGW,Bargawan,11,2.0,2,0,0.0
PFR,Pachor Road,11,2.0,2,0,0.0
MZZ,Manjuri Road,11,2.3636363636363638,16,0,0.0
DDY,Dudwindi,11,1.0,1,0,0.0
BBDE,Babarpur,11,1.0,1,0,0.0
KWE,Khurial,10,1.6,2,0,0.0
WW,Wanabar Halt,10,1.0,1,0,0.0
KUF,Kaurah,10,1.6,2,0,0.0
KEM,Kem,10,1.4,2,0,0.0
ALB,Aliyavada,10,1.3,2,0,0.0
NMD,Nimoda,10,1.1,2,0,0.0
KBSH,Krishna Ball,10,1.0,1,0,0.0
KCF,Kalchini,10,1.0,1,0,0.0
NKB,Nagrakata,10,1.0,1,0,0.0
NLP,North Lakhim,10,4.0,5,0,0.0
KCU,Kachhla,10,1.0,1,0,0.0
NIQ,Nigaura,10,1.8,2,0,0.0
NIRA,Nira,10,1.7,3,0,0.0
NIT,Naikot F,10,1.0,1,0,0.0
KDE,Koradacheri,10,1.1,2,0,0.0
BPY,Badampudi,10,1.3,3,0,0.0
ALNI,Alniya,10,1.3,2,0,0.0
NGJA,Narayanappav,10,1.0,1,0,0.0
MYU,Mayanoor,10,1.0,1,0,0.0
MZS,Murkeong Sel,10,0.0,0,0,0.0
PDG,Paradgaon Ha,10,1.0,1,0,0.0
PDL,Pendekallu,10,1.1,2,0,0.0
VTK,Vallattolnag,10,1.0,1,0,0.0
VTP,Vastrapur,10,1.0,1,0,0.0
AUN,Aurang Nagar,10,1.3,2,0,0.0
VZR,Bhanjpur,10,0.4,1,0,0.0
VRLR,Virani Alur,10,1.0,1,0,0.0
VRM,Varnama,10,1.2,2,0,0.0
VRPD,Virapandy Ro,10,1.0,1,0,0.0
VRQ,Virarakkiyam,10,1.0,1,0,0.0
DC,Magudanchava,10,1.0,1,0,0.0
DCAB,Bmy D Cabin,10,1.0,1,0,0.0
KYM,Kadiyam,10,1.3,3,0,0.0
KYOP,Kottapalli H,10,1.0,1,0,0.0
JLT,Jhamat (Halt,10,1.0,1,0,0.0
PIT,Palitana,10,0.0,0,0,0.0
MVP,Mokhasa Kala,10,1.0,1,0,0.0
MVPM,Mavelipalaiy,10,1.0,1,0,0.0
MXK,Mandrak,10,1.2,2,0,0.0
MY,Malliyam,10,1.0,1,0,0.0
BRH,Baikunthpur,10,2.6,5,0,0.0
KHRK,Kharak,10,1.7,2,0,0.0
PG,Pergaon,10,1.0,1,0,0.0
PGA,Pagara,10,1.8,2,0,0.0
PGN,Perugamani,10,1.0,1,0,0.0
JMPT,Jimidipeta,10,1.8,2,0,0.0
PDPR,Purandarpur,10,1.0,1,0,0.0
CHP,Chappi,10,1.9,2,0,0.0
CHPD,Cheppad,10,1.0,1,0,0.0
PDZ,Piloda,10,1.1,2,0,0.0
CHRM,Chirmiri,10,0.0,0,0,0.0
JGJ,Jagesharganj,10,1.0,1,0,0.0
PNGM,Panchgram,10,1.4,2,0,0.0
BMPL,Brahmanpalli,10,1.0,1,0,0.0
JGW,Jogiwala,10,1.0,1,0,0.0
CDL,Chodiala,10,1.7,2,0,0.0
PLL,Parli,10,1.0,1,0,0.0
JJR,Jejuri,10,1.1,2,0,0.0
PLMD,Pilamedu,10,1.0,1,0,0.0
BMLL,Bamla,10,2.0,2,0,0.0
PKF,Pokla,10,1.0,1,0,0.0
JKHI,Jakhod Khera,10,1.8,2,0,0.0
PHS,Ferozeshah,10,1.5,2,0,0.0
PHWR,Pehowa Road,10,1.1,2,0,0.0
PIGT,Pilighat,10,1.7,2,0,0.0
JLS,Jalesar Road,10,1.4,2,0,0.0
PP,Puranpur,10,5.0,5,0,0.0
JCY,Jind City,10,1.6,2,0,0.0
JDB,Jagadalpur,10,6.0,25,0,0.0
JDPT,Jagdishpur,10,1.0,1,0,0.0
PPDE,Pandu Pindar,10,1.5,2,0,0.0
PPDI,Pipradih,10,1.0,1,0,0.0
PNPN,Panpana Ph,10,1.0,1,0,0.0
JGD,Jagadispur,10,1.0,1,0,0.0
POKL,Peokol  Halt,10,1.0,1,0,0.0
MUC,Mullurcarai,10,1.0,1,0,0.0
MUK,Munumaka,10,1.0,1,0,0.0
MUKE,Mukkali Halt,10,1.0,1,0,0.0
CEM,Cheekateegal,10,1.0,1,0,0.0
KIQ,Khai Phemeki,10,1.0,1,0,0.0
BMCK,Bissam  Cutt,10,2.0,2,0,0.0
BMGM,Brahmana Gud,10,1.0,1,0,0.0
PRT,Panruti,10,1.0,1,0,0.0
PRB,Parbati,10,0.9,1,0,0.0
JAB,Yamuna Bridg,10,0.8,2,0,0.0
PRKH,Parakanhatti,10,1.2,2,0,0.0
PPR,Pipar Road J,10,2.2,5,0,0.0
JAU,Jhaua,10,1.7,2,0,0.0
JBK,Jaggambhotla,10,1.0,1,0,0.0
JBO,Jamadoba Ph,10,1.0,1,0,0.0
PPZ,Peddampet,10,1.0,1,0,0.0
MTHP,Mithapur,10,1.4,2,0,0.0
MTI,Mitawal,10,1.0,1,0,0.0
MTNL,Muttarasanal,10,1.0,1,0,0.0
KIY,Kalayat,10,1.2,2,0,0.0
ANU,Anangur,10,1.0,1,0,0.0
POO,Potlapadu,10,1.0,1,0,0.0
POU,Padrauna,10,2.5,5,0,0.0
MSDH,Masnadih,10,1.0,1,0,0.0
MSE,Masani,10,1.0,1,0,0.0
PTLD,Patiladaha,10,1.0,1,0,0.0
BLRR,Belandur Roa,10,1.0,1,0,0.0
PTT,Putalapattu,10,1.0,1,0,0.0
IDL,Indalvai,10,1.0,1,0,0.0
IGU,Irugur,10,1.0,1,0,0.0
PSE,Pusauli,10,1.0,1,0,0.0
PSZ,Parsauni,10,2.0,2,0,0.0
INK,Intekanne,10,1.0,1,0,0.0
IPR,Islampur,10,0.0,0,0,0.0
IQB,Iqbalpur,10,1.8,2,0,0.0
IRA,Israna Halt,10,1.0,1,0,0.0
MST,Masit,10,1.5,2,0,0.0
BRN,Barhan Jn.,10,1.4,2,0,0.0
APD,Alipur Duar,10,1.0,1,0,0.0
MRDL,Meramandoli,10,1.2,2,0,0.0
BLKR,Ballekere,10,1.0,1,0,0.0
BLL,Bantanahal,10,1.1,2,0,0.0
PUX,Parasia,10,2.1,5,0,0.0
CKLA,Chak Banwala,10,1.0,1,0,0.0
CKLT,Chakkali Lai,10,1.0,1,0,0.0
CKM,Chauki Man,10,1.3,2,0,0.0
ARGL,Argul,10,1.0,1,0,0.0
ARGP,Aralaguppe,10,1.0,1,0,0.0
PVZ,Parvezpur,10,1.2,2,0,0.0
PUM,Pallippuram,10,1.0,1,0,0.0
AJTM,Ajit Gill Ma,10,1.0,1,0,0.0
AJU,Arjuni,10,1.9,2,0,0.0
AKK,Akkihebbalu,10,1.0,1,0,0.0
KJV,Khijadiya Jn,10,5.1,20,0,0.0
KKA,Kanki,10,1.0,1,0,0.0
MQP,Makrandpur,10,2.0,2,0,0.0
RASP,Rasipuram,10,1.3,2,0,0.0
HSI,Harsauli,10,1.1,2,0,0.0
HSP,Hasanparti R,10,1.1,2,0,0.0
HTJ,Hathras Road,10,1.3,2,0,0.0
PYX,Peyanapalli,10,1.0,1,0,0.0
RAG,Raigir  Halt,10,1.0,1,0,0.0
RAM,Ramapuram,10,1.0,1,0,0.0
CKA,Chak Pakhewa,10,1.0,1,0,0.0
CKB,Chouth-Ka-Ba,10,1.7,2,0,0.0
CKDL,Chakdayala,10,1.0,1,0,0.0
MQS,Malsian Shah,10,1.5,2,0,0.0
MQU,Murukkampuzh,10,1.0,1,0,0.0
BRSA,Barwa Kalan,10,1.0,1,0,0.0
BRSQ,Brar Square,10,1.0,1,0,0.0
MRBL,Muri Bahal,10,1.8,2,0,0.0
NAM,Namrup,10,2.6,5,0,0.0
NASP,Narasingapal,10,1.2,2,0,0.0
HR,Harpalu,10,1.1,2,0,0.0
HRB,Harri,10,1.8,2,0,0.0
RG,Rajghat Naro,10,1.9,2,0,0.0
RGI,Ramagiri,10,1.0,1,0,0.0
RDHP,Radhanpur,10,2.0,2,0,0.0
RDI,Kardi,10,1.0,1,0,0.0
HOD,Haldia Bihar,10,1.0,1,0,0.0
HOJ,Hamiltonganj,10,1.2,2,0,0.0
BKTB,Bindukuri,10,1.0,1,0,0.0
RCTC,Raghunathpur,10,1.1,2,0,0.0
RDF,Radhagaon,10,1.0,1,0,0.0
MPR,Makarpura,10,1.2,2,0,0.0
MQG,Milangarh,10,1.0,1,0,0.0
MQN,Manyam Konda,10,1.0,1,0,0.0
HNK,Hanakere,10,1.1,2,0,0.0
RIKA,Ratikheda,10,1.8,2,0,0.0
HPKA,Hinotia-Pipa,10,1.7,2,0,0.0
BNDP,Buniyadpur,10,4.0,5,0,0.0
JNO,Junnordeo,10,1.4,2,0,0.0
JNP,Jagan Nathap,10,1.0,1,0,0.0
JOA,Janwal,10,1.1,2,0,0.0
JOL,Jogal,10,1.0,1,0,0.0
PBKS,Pambakovil S,10,1.0,1,0,0.0
PBM,Pamban,10,1.0,1,0,0.0
PBP,Pembarti,10,1.0,1,0,0.0
PCN,Punch Piplia,10,1.1,2,0,0.0
JPG,Jalpaiguri,10,2.6,5,0,0.0
JPM,Jiyapuram Ha,10,1.0,1,0,0.0
KH,Kahilia,10,1.6,2,0,0.0
NAK,Naksalbari,10,1.9,2,0,0.0
BKDR,Begunkodar,10,1.0,1,0,0.0
HLE,Heelalige,10,1.0,1,0,0.0
HLK,Holalkere,10,1.0,1,0,0.0
BKJ,Barkur,10,1.2,2,0,0.0
BSGN,Basugaon,10,1.4,5,0,0.0
MNY,Mankarai,10,1.0,1,0,0.0
MO,Mohol,10,1.6,2,0,0.0
MOF,Mondh,10,1.3,4,0,0.0
KLJI,Kalijai,10,1.0,1,0,0.0
KLMR,Kalamasseri,10,1.0,1,0,0.0
HMA,Humma,10,1.0,1,0,0.0
HMR,Hamira,10,1.6,2,0,0.0
RJPM,Rajapalayam,10,1.0,1,0,0.0
RGP,Raghunathpal,10,1.0,1,0,0.0
RGPM,Raghavapuram,10,1.1,2,0,0.0
HNH,Hanumanahall,10,1.0,1,0,0.0
BJT,Bajpatti,10,2.0,2,0,0.0
BJV,Bijauria,10,2.0,2,0,0.0
RMY,Rukmapur,10,1.0,1,0,0.0
RNE,Ranjani,10,1.0,1,0,0.0
HGI,Hagari,10,1.0,1,0,0.0
MNU,Mundikota,10,1.2,2,0,0.0
MNUR,Mannanur,10,1.1,2,0,0.0
MNWL,Manwal,10,2.0,2,0,0.0
KLU,Kalluru,10,1.9,5,0,0.0
RMC,Ram Chaura R,10,1.0,1,0,0.0
HHP,Harhar Fateh,10,1.0,1,0,0.0
HIL,Hilsa Block,10,1.9,2,0,0.0
RMJK,Ramnagar(J-K,10,2.0,2,0,0.0
RML,Rompalle Ph,10,1.0,1,0,0.0
RMN,Raman,10,2.0,2,0,0.0
RKL,Ramkola,10,1.7,2,0,0.0
RTWS,Rahatwas,10,1.7,2,0,0.0
CMNR,Chamrajanaga,10,0.0,0,0,0.0
GZL,Gazulapalli,10,1.0,1,0,0.0
RUM,Rupamau,10,1.0,1,0,0.0
RRW,Roranwala,10,1.0,1,0,0.0
RSI,Raisi,10,1.7,2,0,0.0
GZO,Gazole,10,1.8,2,0,0.0
GZT,Ghazipur Gha,10,1.1,2,0,0.0
RTI,Raoti,10,1.1,2,0,0.0
MND,Munderwa,10,2.0,2,0,0.0
MNHL,Majhairan Hi,10,1.0,1,0,0.0
AJH,Ajhai,10,1.1,2,0,0.0
ROI,Reoti,10,1.7,3,0,0.0
RPB,Rupsibari,10,1.0,1,0,0.0
HDB,Haldibari,10,0.0,0,0,0.0
CLF,Chhulha,10,1.9,2,0,0.0
BSPR,Bishrampur,10,3.2,5,0,0.0
MLP,Mallapur,10,1.1,2,0,0.0
KMRJ,Kumarganj,10,1.6,2,0,0.0
SAB,Santamgalur,10,1.0,1,0,0.0
SAI,Sarai,10,1.2,2,0,0.0
GUB,Gularbhoj,10,2.0,2,0,0.0
SALR,Salur,10,0.0,0,0,0.0
SANR,Sardarnagar,10,1.9,2,0,0.0
SAPT,Sugapahari H,10,1.0,1,0,0.0
RYP,Rayanapadu,10,1.0,1,0,0.0
GVB,Guneru Bamor,10,1.8,2,0,0.0
MMD,Mahesha Mund,10,1.0,1,0,0.0
MME,Mulmarora,10,1.9,2,0,0.0
MMS,Mandasa Road,10,1.1,2,0,0.0
RUSD,Runniasaidpu,10,2.0,2,0,0.0
RTP,Ratanpura,10,1.9,2,0,0.0
BSPN,Bassi Pathan,10,1.4,2,0,0.0
NAU,Nadapuram Ro,10,1.0,1,0,0.0
BNQL,Bhankala,10,1.0,1,0,0.0
PAS,Pasur,10,1.0,1,0,0.0
PAVP,Pedda Avutap,10,1.1,2,0,0.0
JRJ,Jargaon,10,1.4,2,0,0.0
OML,Omalur,10,1.6,6,0,0.0
ORR,Orr,10,1.8,2,0,0.0
OSN,Osiyan,10,2.0,2,0,0.0
BNL,Bevinahalu,10,1.1,2,0,0.0
BNQ,Banarhat,10,1.0,1,0,0.0
ODB,Oodlabari,10,1.0,1,0,0.0
BNWC,Bhiwani City,10,1.8,2,0,0.0
BOF,Barog,10,8.1,10,0,0.0
BOG,Bhairongarh,10,1.1,2,0,0.0
NAVI,New Amravati,10,2.7,5,0,0.0
SCO,Satuna,10,1.0,1,0,0.0
SDM,Surareddipal,10,1.1,2,0,0.0
MKTP,Muketashwar,10,1.1,2,0,0.0
KMX,Komatipalli,10,1.8,2,0,0.0
CAPC,Chartrapur C,10,1.0,1,0,0.0
SBRA,Sarbahara,10,1.6,2,0,0.0
GRR,Gorphar,10,1.0,1,0,0.0
CNDB,Chandur Baza,10,2.2,5,0,0.0
SBDP,Sabdalpur Jn,10,1.2,2,0,0.0
SBH,Sulebhavi,10,1.3,2,0,0.0
CNDM,Chandi Mandi,10,1.6,2,0,0.0
SBK,Shahbaz Kuli,10,1.4,2,0,0.0
GTF,Gumthal,10,1.4,2,0,0.0
SATR,Satar Halt,10,1.0,1,0,0.0
MLFC,Malda Court,10,0.4,2,0,0.0
MLGH,Mandalgarh,10,2.2,5,0,0.0
SEJ,Sarkhej,10,1.0,1,0,0.0
GPE,Gogi Pothia,10,1.1,2,0,0.0
GPZ,Gohpur,10,1.4,2,0,0.0
GQL,Gurla,10,1.2,2,0,0.0
AHU,Ahirauli (Ha,10,1.0,1,0,0.0
AIG,Aigawan,10,1.7,2,0,0.0
MK,Miranpur Kat,10,2.0,2,0,0.0
BSUR,Bisalpur,10,2.0,2,0,0.0
BSYA,Barkisalaiya,10,1.3,3,0,0.0
MKH,Malakhera,10,1.1,2,0,0.0
SDPR,Sardar Patel,10,1.0,1,0,0.0
SDS,Sadulshahar,10,2.0,3,0,0.0
SDV,Somidevi Pal,10,1.0,1,0,0.0
GRBL,Garudabilli,10,1.8,2,0,0.0
GRD,Girdih,10,0.0,0,0,0.0
GRH,Ghorasahan,10,2.0,2,0,0.0
MIL,Milak,10,2.0,2,0,0.0
SHDR,Shahdoragaon,10,1.8,2,0,0.0
SHN,Suchan Kotli,10,1.6,2,0,0.0
GNC,Gandhinagar,10,0.8,2,0,0.0
BIO,Bordi,10,1.0,1,0,0.0
SGJ,Safdarganj,10,1.0,1,0,0.0
SGPA,Sugapahari H,10,1.0,1,0,0.0
KNH,Konch,10,0.0,0,0,0.0
KNPR,Kendrapara R,10,1.0,1,0,0.0
MJN,Makum Jn.,10,2.0,2,0,0.0
SEV,Sithalavai H,10,1.0,1,0,0.0
SFC,Saintala,10,2.0,2,0,0.0
SG,Shahgarh,10,2.0,2,0,0.0
SGC,Saongi,10,1.0,1,0,0.0
GOE,Ghograpar,10,1.0,1,0,0.0
GOM,Gogamukh,10,1.2,2,0,0.0
BHKD,Bhurkunda,10,1.5,2,0,0.0
MHA,Marahra,10,2.0,2,0,0.0
MHBG,Mahadeva  Bu,10,1.0,1,0,0.0
MHBZ,Mahtha Bazar,10,1.0,1,0,0.0
MHHR,Mahesra,10,1.7,2,0,0.0
KOKA,Koka,10,1.1,2,0,0.0
MHP,Muhammadpur,10,2.0,2,0,0.0
SIE,Siddampalli,10,1.0,1,0,0.0
SJJ,Sanjha H,10,1.0,1,0,0.0
BHNP,Bishanpur Ha,10,1.0,1,0,0.0
GMIA,Gumia,10,1.8,5,0,0.0
CNKP,Chanakyapuri,10,1.0,1,0,0.0
BHTA,Bhatia,10,1.8,2,0,0.0
KNRI,Kunuri,10,1.0,1,0,0.0
KNRT,Kuneru,10,1.8,2,0,0.0
KODI,Kodi,10,1.0,1,0,0.0
SJPM,Sujatapuram,10,1.0,1,0,0.0
SKGH,Saktesgarh,10,2.0,2,0,0.0
SKJS,Krishan Janm,10,1.0,1,0,0.0
GMDA,Gumada,10,1.8,2,0,0.0
KFV,Kundara East,10,1.0,1,0,0.0
KFX,Kochewahi,10,1.0,1,0,0.0
KGE,Katangi,10,0.0,0,0,0.0
NBKH,Naba Gram Ka,10,1.0,1,0,0.0
NYT,Nayatola,10,1.0,1,0,0.0
JSGR,Jharsuguda R,10,2.0,5,0,0.0
JSL,Jassowal Hal,10,1.4,2,0,0.0
NWMS,Noapara Mahi,10,1.0,1,0,0.0
NXN,Nawagaon,10,1.0,1,0,0.0
JTH,Jhok Tahal S,10,1.5,2,0,0.0
JTTN,Jorhat Town,10,3.1,6,0,0.0
BRE,Bharwari,10,1.8,2,0,0.0
SLKX,Salakati,10,1.0,1,0,0.0
GJ,Gangajhari,10,1.2,2,0,0.0
GJD,Gujhandi,10,2.0,5,0,0.0
GJW,Gajuwala Hal,10,1.2,2,0,0.0
SLRA,Sarla,10,1.4,2,0,0.0
BTDF,Botad Jn (Mg,10,0.0,0,0,0.0
BZR,Bisra,10,1.0,1,0,0.0
BZY,Basai,10,1.9,2,0,0.0
BTJ,Bishnath Gan,10,1.0,1,0,0.0
MGZ,Maharajganj,10,0.0,0,0,0.0
BHKH,Baghoikusa,10,1.1,2,0,0.0
SLGH,Shelgaon Hal,10,1.0,1,0,0.0
GKM,Gundlakamma,10,1.0,1,0,0.0
GLBA,Golabai,10,1.0,1,0,0.0
SLHP,Sulah Himach,10,1.0,1,0,0.0
SJNP,Sujanpur,10,1.7,2,0,0.0
SNX,Saneh Road,10,2.0,2,0,0.0
SNAP,Sona Arjunpu,10,1.0,1,0,0.0
SNC,Swami Naraya,10,2.0,2,0,0.0
CPBH,Chirailla Pa,10,1.0,1,0,0.0
SML,Shimla,10,0.0,0,0,0.0
SMM,Saliyamangal,10,1.1,2,0,0.0
MFZ,Malahar,10,1.0,1,0,0.0
MGK,Mulagunnathu,10,1.0,1,0,0.0
KPB,Kharpokhra,10,2.0,2,0,0.0
SLWR,Silawar,10,1.0,1,0,0.0
SLZ,Solari,10,1.0,1,0,0.0
BHGP,Bhagirathpur,10,1.0,1,0,0.0
SMBL,Simbhooli,10,1.8,2,0,0.0
SMCP,Simen Chapar,10,1.2,2,0,0.0
CPN,Champaner Ro,10,1.1,2,0,0.0
GIF,Gani Dham Ha,10,1.0,1,0,0.0
MFJ,Muftiganj,10,2.2,6,0,0.0
SNK,Sindkheda,10,2.2,8,0,0.0
CGV,Chingavanam,10,1.0,1,0,0.0
CGX,Chargola,10,1.0,1,0,0.0
JUP,Jhunpa,10,1.0,1,0,0.0
NVG,Nawegaon,10,1.4,2,0,0.0
NRVR,Naraina Viha,10,1.0,1,0,0.0
JWN,Jiwa Arain,10,1.0,1,0,0.0
JYP,Jeypore (Ori,10,2.5,5,0,0.0
NSX,Narsipuram,10,1.0,1,0,0.0
NRI,Naraina,10,1.6,2,0,0.0
NRK,Naraikkinar,10,1.1,2,0,0.0
NERH,Ner Halt,10,1.0,1,0,0.0
SNKL,Sankarankovi,10,1.0,1,0,0.0
SNM,Sitanagaram,10,1.8,2,0,0.0
GG,Gandhigram,10,1.5,10,0,0.0
SPTR,Silapathar,10,2.4,5,0,0.0
SQN,Sarai Kansra,10,1.1,2,0,0.0
CRW,Charaud,10,1.1,2,0,0.0
GBX,Govindpur Ro,10,1.0,1,0,0.0
MDT,Madarihat,10,1.0,1,0,0.0
MDVK,Mahadeo Khed,10,1.9,2,0,0.0
MDW,Marwar Mundw,10,2.0,2,0,0.0
KPXR,Kaipadar Roa,10,1.0,1,0,0.0
KQA,Kondagunta,10,1.0,1,0,0.0
MEM,Mau Aimma,10,1.1,2,0,0.0
BGWD,Bagewadi H,10,1.1,2,0,0.0
BHBK,Bodhadi Bujr,10,1.0,1,0,0.0
GDQ,Godamgura,10,1.0,1,0,0.0
SOJ,Sarojini Nag,10,1.0,1,0,0.0
MENP,Meenapur,10,1.0,1,0,0.0
BYQ,Bahai Halt,10,1.0,1,0,0.0
SSG,Shiu Sagar R,10,1.0,1,0,0.0
SSN,Sason,10,1.4,2,0,0.0
CTMP,Chhit Makand,10,1.0,1,0,0.0
CTPE,Chandanattop,10,1.0,1,0,0.0
MDKI,Madukarai,10,1.0,1,0,0.0
BTR,Butari,10,1.8,2,0,0.0
BTRA,Banthra,10,1.4,2,0,0.0
KQT,Kurgunta,10,1.2,2,0,0.0
KQZ,Kolar,10,0.0,0,0,0.0
MDRR,Madhavnagar,10,1.3,2,0,0.0
SRPU,Sripur Halt,10,1.0,1,0,0.0
SRTN,Sibsagar Tow,10,3.8,5,0,0.0
SRUR,Sirpur Town,10,0.6,1,0,0.0
SSC,Shahi,10,2.0,2,0,0.0
SRKI,Semer Khedi,10,1.8,2,0,0.0
AGR,Amargarh,10,1.0,1,0,0.0
SXD,Siduli (Flag,10,1.0,1,0,0.0
SXK,Shahjahanpur,10,1.0,1,0,0.0
SXT,Salem Town,10,1.7,5,0,0.0
SVKS,Sivakasi,10,1.0,1,0,0.0
SVPM,Srivenkatesw,10,1.0,1,0,0.0
SVPR,Srivilliputt,10,1.0,1,0,0.0
FGSB,Fatehgarh Sa,10,1.3,2,0,0.0
SW,Sehramau,10,2.0,2,0,0.0
KRG,Koregaon,10,1.1,2,0,0.0
MDDP,Mandideep,10,1.9,2,0,0.0
MDJN,Madar Jn,10,0.8,2,0,0.0
BFPA,Bhopatpur,10,2.0,2,0,0.0
SUL,Suldhal,10,1.3,3,0,0.0
SVD,Sarwari,10,1.0,1,0,0.0
STH,Saithal (Hal,10,2.0,2,0,0.0
SSD,Shamsabad,10,1.7,2,0,0.0
BXY,Bordhai,10,1.1,2,0,0.0
TAA,Tadlapusapal,10,1.0,1,0,0.0
CWA,Chhinwara Jn,10,0.0,0,0,0.0
DYK,Dudhia Khurd,10,2.0,2,0,0.0
DZKT,Durgachak To,10,1.2,2,0,0.0
TAP,Tapang,10,1.0,1,0,0.0
TAV,Talala Jn,10,20.7,40,4,40.0
TAY,Talaiyuthu,10,1.1,2,0,0.0
SZN,Shahbaznagar,10,2.0,2,0,0.0
SZP,Shahjahanpur,10,0.0,0,0,0.0
EKR,Ekangar Sara,10,1.9,2,0,0.0
EL,Elamanur,10,1.0,1,0,0.0
SZZ,Sabira,10,1.1,2,0,0.0
BXP,Barpathar,10,2.2,5,0,0.0
MBC,Mahananda Br,10,1.0,1,0,0.0
SWNR,Sewa Nagar,10,1.0,1,0,0.0
NGB,Nawabganj(Go,10,2.0,2,0,0.0
KEF,Krishna Mako,10,1.0,1,0,0.0
KRSW,Kohar Singh,10,1.0,1,0,0.0
KRT,Khurahat,10,2.1,3,0,0.0
KRTN,Kirtinagar H,10,1.0,1,0,0.0
TDP,Todarpur,10,1.6,2,0,0.0
BEG,Behtagokal,10,1.7,2,0,0.0
BELT,Bela,10,1.0,1,0,0.0
TDR,Tiruvidaimar,10,1.0,1,0,0.0
TBH,Tatibahar,10,1.4,2,0,0.0
DXG,Dharangaon,10,1.9,2,0,0.0
CV,Cauvery,10,1.0,1,0,0.0
CVJ,Chavaj (Bloc,10,1.1,2,0,0.0
ANAS,Anas,10,1.1,2,0,0.0
MALA,Mala,10,2.0,2,0,0.0
BXQ,Brundamal,10,1.4,2,0,0.0
LVR,Lok Vidyapit,10,1.0,1,0,0.0
MABN,Maban,10,1.7,2,0,0.0
AMVA,Amaravilla H,10,1.0,1,0,0.0
KRSA,Kharsaliya,10,1.1,2,0,0.0
KER,Kiriharapur,10,1.6,2,0,0.0
BQP,Bighapur,10,1.6,2,0,0.0
KAQ,Kolanukonda,10,1.0,1,0,0.0
KAR,Karna,10,1.7,2,0,0.0
NOH,Nigohi,10,2.0,2,0,0.0
NOMD,Noamundi,10,1.0,1,0,0.0
KAWL,Kandwal,10,1.0,1,0,0.0
CHB,Chabua,10,2.0,2,0,0.0
BAE,Baliakheri,10,1.6,2,0,0.0
NMT,Namtiali,10,2.0,2,0,0.0
NMX,New Maynagur,10,1.6,2,0,0.0
NG,Nagari,10,1.4,2,0,0.0
TKC,Thakurkuchi,10,1.2,2,0,0.0
TKH,Thakurtola P,10,1.2,3,0,0.0
TKLE,Tikani,10,1.7,8,0,0.0
DAJ,Daroji,10,1.1,2,0,0.0
TKQ,Trikarpur,10,1.0,1,0,0.0
BUM,Bommasamudra,10,1.0,1,0,0.0
KRYA,Kurraiya,10,1.0,1,0,0.0
LSX,Loisingha,10,2.0,2,0,0.0
LTD,Lathidad,10,1.0,1,0,0.0
BDWS,Badarwas,10,2.0,2,0,0.0
BDY,Buddireddipp,10,1.0,1,0,0.0
DUE,Dudahi,10,2.4,7,0,0.0
DULP,Daulatpur Ha,10,1.2,2,0,0.0
DUR,Desur,10,1.4,2,0,0.0
THN,Tolahunse,10,1.0,1,0,0.0
LUSA,Lusa,10,2.0,2,0,0.0
TOI,Tamkuhi Road,10,1.5,2,0,0.0
TOU,Telaprolu,10,1.2,3,0,0.0
TMD,Talmadla,10,1.0,1,0,0.0
DRR,Dharur,10,1.0,1,0,0.0
TNDE,Thanesar Cit,10,1.0,1,0,0.0
LNW,Lakhanwara,10,1.0,1,0,0.0
KSM,Kamasamudram,10,1.0,1,0,0.0
KSPR,Kashipura Sa,10,1.2,2,0,0.0
LP,Lalapet,10,1.0,1,0,0.0
LPG,Lapanga,10,1.4,2,0,0.0
LPNR,Lajpat Nagar,10,1.0,1,0,0.0
TKTB,Thakurbari,10,1.0,1,0,0.0
TLKH,Talakhajuri,10,1.0,1,0,0.0
DSNI,Dausni,10,1.4,2,0,0.0
BDRL,Byadara Hall,10,1.0,1,0,0.0
TJD,Tajpur Dehma,10,1.4,2,0,0.0
AEK,Anekal Road,10,1.0,1,0,0.0
DODH,Dodh,10,1.0,1,0,0.0
DOK,Dholka,10,1.9,2,0,0.0
DORD,Deo Road,10,1.0,1,0,0.0
TQM,Telam,10,1.2,2,0,0.0
TRA,Tangra,10,1.9,2,0,0.0
TRM,Tirunagesvar,10,1.0,1,0,0.0
LKT,Hulkoti,10,1.1,2,0,0.0
LNN,Lonand,10,1.2,2,0,0.0
TPE,Tiruchirappa,10,1.0,1,0,0.0
TPTN,Tiruchirappa,10,1.1,2,0,0.0
BDI,Bhadli,10,1.6,2,0,0.0
BDLN,Bordolani,10,1.0,1,0,0.0
TQL,Theh Qalanda,10,1.0,1,0,0.0
DAU,Dagru,10,1.5,2,0,0.0
DAVC,D.A.V.Colleg,10,1.0,1,0,0.0
TZH,Takazhi,10,1.0,1,0,0.0
UAA,Uppala,10,1.2,2,0,0.0
BDB,Vrindavan,10,0.0,0,0,0.0
TXM,Tandavapura,10,1.0,1,0,0.0
DNQ,Dandkhora,10,1.0,1,0,0.0
DNRA,Dandhera,10,1.7,2,0,0.0
DNV,Donkinavalas,10,1.7,2,0,0.0
TSF,Tahsil Fateh,10,1.9,2,0,0.0
TSS,Talli Saida,10,1.0,1,0,0.0
TTL,Tiruttangal,10,1.0,1,0,0.0
LHLL,Lahli,10,2.0,2,0,0.0
LKD,Lakodara,10,1.2,2,0,0.0
KTGD,Kothgangad,10,1.0,1,0,0.0
KTJ,Khaltipur,10,1.0,1,0,0.0
TRSR,Tarsai,10,1.0,1,0,0.0
AEJ,Arnej,10,1.0,1,0,0.0
KTO,Katora,10,2.0,2,0,0.0
DLMH,Dhaulimuhan,10,1.0,1,0,0.0
DLPI,Delhi Indrap,10,1.0,1,0,0.0
UPD,Ulavapadu,10,1.2,3,0,0.0
UPR,Usmanpur,10,1.0,1,0,0.0
UPW,Uppalavai,10,1.0,1,0,0.0
ULD,Achalda,10,1.4,2,0,0.0
DLQ,Dalelnagar,10,1.4,2,0,0.0
DLZ,Dholbaza,10,1.0,1,0,0.0
DMC,Dhemaji,10,1.8,2,0,0.0
LDR,Landaura,10,1.5,2,0,0.0
LDY,Lakkiti,10,1.0,1,0,0.0
LER,Lehra F,10,1.0,1,0,0.0
BWR,Barwa Sagar,10,1.9,2,0,0.0
BWZ,Baddowal,10,1.3,2,0,0.0
LHBK,Lothal Bhurk,10,1.0,1,0,0.0
KDNL,Kadayanallur,10,1.1,2,0,0.0
BVN,Biswan,10,3.3,5,0,0.0
BANI,Bani,10,1.0,1,0,0.0
DJG,Duliajan,10,2.6,5,0,0.0
BBHT,Barabar Halt,10,1.0,1,0,0.0
UTA,Umar Tali,10,1.4,2,0,0.0
VAPM,Valapattanam,10,1.4,2,0,0.0
DKC,Devarkadre,10,1.0,1,0,0.0
VDI,Veldurti,10,1.0,1,0,0.0
URPR,Ugrasenpur,10,1.0,1,0,0.0
BCB,Bhowra Bh,10,1.0,1,0,0.0
BVQ,Bhilavdi,10,1.1,2,0,0.0
BVU,Balipara,10,1.3,2,0,0.0
BVW,Bahmniwala,10,1.0,1,0,0.0
LDCY,Lodi Colony,10,1.0,1,0,0.0
BXG,Bhanga,10,1.6,2,0,0.0
ZPI,Zampani Halt,10,1.0,1,0,0.0
KWN,Kachewani,10,1.3,2,0,0.0
KXB,Kanjia,10,1.9,2,0,0.0
KVD,Khurmabad Ro,10,1.0,1,0,0.0
WDJ,Wander Jatan,10,1.0,1,0,0.0
VRA,Valavanur Ha,10,1.0,1,0,0.0
VRBD,Vrindaban Ro,10,1.1,2,0,0.0
VKNR,Valmikinagar,10,2.0,2,0,0.0
VKR,Venkatnagar,10,1.8,2,0,0.0
VLA,Bavla,10,1.0,1,0,0.0
DHP,Dichpalli,10,1.0,1,0,0.0
DHPR,Dapper,10,1.6,2,0,0.0
VJF,Vijapur,10,0.0,0,0,0.0
VJR,Vijaya Nagar,10,1.6,5,0,0.0
KU,Kulikarai,10,1.1,2,0,0.0
KUDN,Kudni,10,1.1,2,0,0.0
KUL,Kallayi,10,1.1,2,0,0.0
VP,Virapur,10,1.1,2,0,0.0
NHF,Nihasta Halt,10,1.0,1,0,0.0
Y,Yeliyur,10,1.2,2,0,0.0
AAY,Aralvaymoli,10,1.0,1,0,0.0
YPD,Yerpedu,10,1.0,1,0,0.0
ABSA,Ambassa,10,2.0,2,0,0.0
ABKP,Ambikapur,10,0.0,0,0,0.0
BWF,Butewala,10,1.0,1,0,0.0
BWI,Bilwai,10,1.0,1,0,0.0
BWL,Bawal,10,1.3,2,0,0.0
WTJ,Jamwanthali,10,1.3,2,0,0.0
WTR,Wathar,10,1.2,2,0,0.0
YGL,Yelgur,10,1.0,1,0,0.0
DCK,Dhandhuka,10,1.5,2,0,0.0
DDD,Dhondha Dih,10,1.4,2,0,0.0
BRBL,Birahalli,9,1.0,1,0,0.0
SRBZ,Sehara Bazar,9,1.0,1,0,0.0
TTU,Tettu,9,1.0,1,0,0.0
BTRB,Betur Ph,9,1.0,1,0,0.0
DEL,Denduluru,9,1.1111111111111112,2,0,0.0
DDV,Dadhdevi,9,1.3333333333333333,2,0,0.0
DAL,Daliganj Jn,9,1.0,2,0,0.0
SUT,Satlana,9,1.0,1,0,0.0
GOR,Gopinathpur,9,1.0,1,0,0.0
GDP,Gudupalli,9,1.0,1,0,0.0
BUDR,Baudpur,9,1.0,1,0,0.0
BFR,Pallikeri Ha,9,1.0,1,0,0.0
DOR,Dundara,9,1.5555555555555556,2,0,0.0
DOD,Dhodhar,9,1.2222222222222223,2,0,0.0
KFQ,Kumaranallur,9,1.1111111111111112,2,0,0.0
KFK,Katka,9,1.5555555555555556,2,0,0.0
AMT,Ammapet,9,1.0,1,0,0.0
ATRR,Atraura (Hal,9,1.1111111111111112,2,0,0.0
TSA,Tisua,9,1.2222222222222223,2,0,0.0
TIK,Tik,9,1.0,1,0,0.0
SRX,Sura Nussi,9,1.5555555555555556,2,0,0.0
KHM,Kusmhi,9,1.8888888888888888,2,0,0.0
SRW,Shri Karanpu,9,1.8888888888888888,2,0,0.0
SQL,Sontalai,9,1.7777777777777777,4,0,0.0
SQE,Samarala Hal,9,1.0,1,0,0.0
GMMG,Gram Masagra,9,0.0,0,0,0.0
FTD,Fatehabad Jn,9,2.0,2,0,0.0
DUSI,Dusi,9,1.4444444444444444,2,0,0.0
UTL,Utarlai,9,2.0,2,0,0.0
DUK,Dudia,9,1.3333333333333333,2,0,0.0
GNJ,Gunji,9,1.4444444444444444,4,0,0.0
MCQ,Mirchadhorhi,9,1.6666666666666667,2,0,0.0
MCO,Motihari Cou,9,1.0,1,0,0.0
DKT,Dhulkot,9,1.5555555555555556,2,0,0.0
KWH,Kachhwa Road,9,1.5555555555555556,2,0,0.0
BATM,Batala Sugar,9,1.1111111111111112,2,0,0.0
BARL,Baral,9,1.8888888888888888,2,0,0.0
SHMR,Shyamsundar,9,1.0,1,0,0.0
DLPT,Dulakhapatna,9,1.0,1,0,0.0
DLD,Dalauda,9,1.1111111111111112,2,0,0.0
KSTE,Kistamasetti,9,1.0,1,0,0.0
DGF,Dhangaria Ph,9,1.0,1,0,0.0
UNK,Unkal,9,1.5555555555555556,5,0,0.0
MAM,Mangalmaudi,9,1.0,1,0,0.0
FSR,Faqarsar,9,1.3333333333333333,2,0,0.0
GJS,Gajsinghpur,9,2.2222222222222223,5,0,0.0
GMDP,Gramdadpur,9,1.0,1,0,0.0
BDN,Bhadan,9,1.1111111111111112,2,0,0.0
BUGM,Berugram,9,1.0,1,0,0.0
DAS,Dhasa,9,1.7777777777777777,5,0,0.0
BELD,Belkheda,9,1.5555555555555556,2,0,0.0
ULL,Ullal,9,1.5555555555555556,4,0,0.0
UKV,Uttamarkovil,9,1.1111111111111112,2,0,0.0
KYB,Kaiyar Ph,9,1.0,1,0,0.0
SMPR,Shri Madhopu,9,1.6666666666666667,2,0,0.0
SWG,Sidhwan,9,1.0,1,0,0.0
GMD,Guramkhedi,9,1.5555555555555556,2,0,0.0
GLG,Gulabganj,9,1.5555555555555556,2,0,0.0
AGCI,Angadi,9,1.0,1,0,0.0
SNKE,Sunehti Khar,9,1.0,1,0,0.0
SJM,Sajuma,9,1.0,1,0,0.0
MACR,Manguli Chow,9,1.0,1,0,0.0
MA,Madha,9,1.6666666666666667,2,0,0.0
DAV,Devalganauch,9,1.0,1,0,0.0
VLNK,Velankanni,9,0.0,0,0,0.0
BWX,Bahman Diwan,9,1.1111111111111112,2,0,0.0
VLE,Vellalcheruv,9,1.0,1,0,0.0
VLDE,Valadi,9,1.1111111111111112,2,0,0.0
TBA,Timba Road J,9,1.0,1,0,0.0
KPLD,Kapali Road,9,1.0,1,0,0.0
DRQ,Dharminiya,9,1.0,1,0,0.0
TAS,Thasra,9,1.0,1,0,0.0
KYV,Koyilvenni H,9,1.0,1,0,0.0
DIM,Dhansimla Ph,9,1.0,1,0,0.0
DRGJ,Daraganj,9,1.7777777777777777,2,0,0.0
SVL,Sevaliya,9,1.0,1,0,0.0
TMU,Tirumathikku,9,1.0,1,0,0.0
VKG,Vavadi Khurd,9,1.0,1,0,0.0
SVKD,Savar Kundla,9,1.0,1,0,0.0
BXLL,Billi,9,1.6666666666666667,2,0,0.0
CWN,Charewan Hal,9,1.0,1,0,0.0
KSNR,Khushal Naga,9,1.1111111111111112,2,0,0.0
BYH,Bhiti,9,1.6666666666666667,2,0,0.0
BXS,Pichchandar,9,1.0,1,0,0.0
TME,Tutimelur,9,1.0,1,0,0.0
KZPE,Kazipara Hal,9,1.0,1,0,0.0
BDBG,Badhai Balam,9,1.0,1,0,0.0
DS,Dasna,9,1.4444444444444444,2,0,0.0
TUWA,Tuwa,9,1.0,1,0,0.0
DIW,Dhilwan,9,1.7777777777777777,2,0,0.0
BFE,Bahawal Basi,9,1.3333333333333333,2,0,0.0
GAUR,Gaur,9,2.0,2,0,0.0
FKB,Fakhrabad Ha,9,1.0,1,0,0.0
BILD,Bildi,9,1.1111111111111112,2,0,0.0
SJGH,Sarai Jagdis,9,1.2222222222222223,2,0,0.0
SHKL,Shankrul Ph,9,1.0,1,0,0.0
SFW,Sarangpur,9,2.0,2,0,0.0
SET,Settihalli,9,1.0,1,0,0.0
BIY,Bardoli,9,2.111111111111111,3,0,0.0
GPR,Ghorpuri,9,1.0,1,0,0.0
MID,Madhi,9,2.4444444444444446,3,0,0.0
AHM,Ahimanpur,9,1.6666666666666667,2,0,0.0
SDC,Saidabad,9,1.6666666666666667,2,0,0.0
SDBH,Sindri B.H,9,1.5555555555555556,2,0,0.0
GRRG,Gurli Ramgar,9,1.3333333333333333,2,0,0.0
GRO,Gurra,9,1.5555555555555556,2,0,0.0
GRZ,Gurthuri,9,1.0,1,0,0.0
GSQ,Guir Sarang,9,1.0,1,0,0.0
GTQ,Gumtali,9,1.1111111111111112,2,0,0.0
RYS,Rasuiya,9,1.4444444444444444,2,0,0.0
RVD,Ravikampadu,9,0.8888888888888888,2,0,0.0
GXG,Geong  Halt,9,1.0,1,0,0.0
RTR,Ramnathpur,9,1.6666666666666667,2,0,0.0
RTB,Raja Talab,9,1.6666666666666667,2,0,0.0
RSNR,Rai Singh Na,9,1.8888888888888888,2,0,0.0
MLG,Malhargarh,9,1.2222222222222223,2,0,0.0
CAMU,Chamua F,9,2.0,2,0,0.0
HBP,Harpur Bocha,9,1.0,1,0,0.0
AJIT,Ajit,9,1.5555555555555556,2,0,0.0
HDT,Hardattpur F,9,1.5555555555555556,2,0,0.0
RNGR,Rainagar Ph,9,1.0,1,0,0.0
KMRL,Kumrui Ph,9,1.0,1,0,0.0
RMZ,Routhpuram H,9,1.0,1,0,0.0
RMRB,Ramnagar (Be,9,1.3333333333333333,2,0,0.0
RHW,Rohira Ghall,9,1.3333333333333333,2,0,0.0
MNKB,Miyon Ka Bar,9,1.2222222222222223,2,0,0.0
QTP,Qutabpur,9,1.0,1,0,0.0
ARL,Araul Makanp,9,1.6666666666666667,2,0,0.0
BSGR,Bhagsar,9,1.0,1,0,0.0
IKK,Ikkar Halt,9,1.7777777777777777,2,0,0.0
PTRJ,Patti Rajpur,9,1.0,1,0,0.0
INS,Indas Ph,9,1.0,1,0,0.0
MOW,Mananwala,9,1.4444444444444444,2,0,0.0
PSF,Patrasayer P,9,1.0,1,0,0.0
MPLE,Mahipal  Hal,9,1.0,1,0,0.0
PRI,Pathri,9,1.7777777777777777,2,0,0.0
PPW,Pachperwa,9,2.0,2,0,0.0
JDDA,Jetha Halt,9,1.2222222222222223,2,0,0.0
JBW,Jhabelwali,9,1.0,1,0,0.0
PPB,Partabpura,9,1.0,1,0,0.0
CHR,Chilkahar,9,2.0,2,0,0.0
JES,Jaitsar,9,1.8888888888888888,2,0,0.0
KKRM,Kaikoram,9,1.1111111111111112,2,0,0.0
JGG,Jangiganj,9,1.5555555555555556,2,0,0.0
PNDM,Pennadam,9,1.0,1,0,0.0
BRWH,Baherwa (Hal,9,1.1111111111111112,2,0,0.0
BMR,Bikrampur,9,1.7777777777777777,2,0,0.0
PLT,Pirthala Lal,9,1.1111111111111112,2,0,0.0
KKB,Karakbel,9,1.5555555555555556,2,0,0.0
MRN,Morwani,9,1.1111111111111112,2,0,0.0
PJP,Panjipara,9,0.8888888888888888,1,1,11.11111111111111
JLQ,Jalpur  Halt,9,1.0,1,0,0.0
MSSD,Maheshri San,9,1.0,1,0,0.0
PDS,Pindarsi Hal,9,1.0,1,0,0.0
BNG,Barnagar,9,2.0,2,0,0.0
BNE,Bohani,9,1.5555555555555556,2,0,0.0
JRK,Jeruwakhera,9,2.0,2,0,0.0
PBJM,Pabnawajas M,9,1.0,1,0,0.0
PATL,Patel Halt,9,1.0,1,0,0.0
CHH,Chaukhandi,9,1.1111111111111112,2,0,0.0
MTIP,Mathnanhipur,9,1.0,1,0,0.0
JTB,Jagatbela,9,2.0,2,0,0.0
KIW,Kanwalpura,9,1.3333333333333333,2,0,0.0
NVU,Navalur,9,1.1111111111111112,2,0,0.0
NVRD,Navade Road,9,1.0,1,0,0.0
NTU,Nigatpur F,9,1.4444444444444444,2,0,0.0
KISN,Kalisen Ph,9,1.0,1,0,0.0
NOI,Nariaoli,9,2.0,2,0,0.0
BPU,Bhaupur,9,2.5555555555555554,14,0,0.0
NHY,Naganahalli,9,1.0,1,0,0.0
ALMW,Almaw (Halt),9,1.1111111111111112,2,0,0.0
KEH,Kapsethi,9,1.2222222222222223,2,0,0.0
KED,Kenduapada,9,1.0,1,0,0.0
KHRJ,Khumbaraj,9,2.0,2,0,0.0
BRGT,Bheraghat,9,1.5555555555555556,2,0,0.0
BWCN,Bowaichandi,9,1.0,1,0,0.0
KESR,Kesri Singhp,9,1.8888888888888888,2,0,0.0
BRBS,Birbans,9,1.0,1,0,0.0
LBI,Lilabari,8,1.0,1,0,0.0
LAT,Lathi,8,1.0,1,0,0.0
LAN,Lotana,8,0.875,1,0,0.0
LAL,Lushala,8,1.0,1,0,0.0
LAD,Lohardaga  B,8,1.25,5,0,0.0
ATT,Atari Jn,8,0.0,0,1,12.5
ATS,Attabira,8,2.0,2,0,0.0
DBY,Digboi,8,2.0,2,0,0.0
VAY,Vayalar,8,1.0,1,0,0.0
VAN,Vadhvana,8,1.0,1,0,0.0
VAL,Vadal,8,1.0,1,0,0.0
KTRD,Ketosan Road,8,3.5,5,0,0.0
KTPR,Kathalpukhur,8,1.25,2,0,0.0
LDA,Lidhora,8,1.875,2,0,0.0
LCR,Lokur,8,1.0,1,0,0.0
UWNR,Udwant Nagar,8,1.0,1,0,0.0
USRA,Usra,8,1.0,1,0,0.0
URR,Umred,8,5.0,10,0,0.0
DKX,Dudhwakhara,8,1.75,2,0,0.0
DKWA,Dokwa,8,1.125,2,0,0.0
BBN,Barbil,8,0.0,0,0,0.0
DL,Daladi,8,1.5,2,0,0.0
UND,Unchdih,8,1.125,2,0,0.0
KTKS,Kantakosh Ha,8,1.0,1,0,0.0
LEDO,Ledo,8,0.0,0,0,0.0
LDX,Ladda,8,1.75,2,0,0.0
DMG,Domingarh,8,2.0,2,0,0.0
DMD,Dharmadam Ha,8,1.0,1,0,0.0
DLX,Dalimgaon,8,1.0,1,0,0.0
ULM,Urlam,8,1.5,2,0,0.0
UKR,Udalkachhar,8,2.0,2,0,0.0
UKD,Ulindakonda,8,1.0,1,0,0.0
UDT,Udumalaippet,8,1.5,2,0,0.0
DBB,Dhubri,8,13.75,60,2,25.0
DB,Dabhoi Jn.,8,1.0,1,0,0.0
UDKN,Udaypur Khur,8,1.0,1,0,0.0
BCJ,Bagaha Bishn,8,1.0,1,0,0.0
LIJ,Lakshmiganj,8,1.375,2,0,0.0
LHM,Lehra Muhabb,8,1.5,2,0,0.0
BXA,Balod,8,5.0,5,0,0.0
BWW,Barawaha,8,2.0,2,0,0.0
BWV,Bhiwapur,8,2.0,2,0,0.0
UCP,Uchippuli,8,1.0,1,0,0.0
UAM,Udhagamandal,8,0.0,0,0,0.0
TYT,Tirunelveli,8,1.0,1,0,0.0
TYM,Tirumaiyam,8,1.0,1,0,0.0
TWV,Thuwavi,8,1.0,1,0,0.0
DBNR,Dibnapur  Ha,8,1.0,1,0,0.0
DBNK,Derababa Nan,8,0.0,0,0,0.0
TWI,Totewahi Hal,8,1.0,1,0,0.0
BDGP,Badanaguppe,8,1.0,1,0,0.0
BDE,Bodeli,8,1.125,2,0,0.0
BDDR,Badodar,8,1.0,1,0,0.0
BDBS,Bindubasini,8,1.0,1,0,0.0
BDBA,Badabandha R,8,1.0,1,0,0.0
TUR,Turki,8,1.0,1,0,0.0
KTKA,Kotakadra Ha,8,1.0,1,0,0.0
KTGO,Kotgaon Halt,8,1.0,1,0,0.0
KTGN,Kotla Gujran,8,1.0,1,0,0.0
LKBL,Lakhabaval,8,1.25,2,0,0.0
LKB,Lakshmipur B,8,1.0,1,0,0.0
TUD,Talodi,8,1.875,2,0,0.0
TTI,Turtipar F,8,1.125,2,0,0.0
TTB,Titabar,8,2.0,2,0,0.0
LLR,Lalpur,8,2.0,2,0,0.0
LKY,Lakhmapur,8,1.125,2,0,0.0
LKNA,Lakhna,8,1.75,2,0,0.0
KTKL,Kotli Kalan,8,1.25,2,0,0.0
DOT,Dhakia Tiwar,8,1.0,1,0,0.0
DOB,Dundlod Muka,8,1.625,2,0,0.0
TRVZ,Tiruvizha,8,1.0,1,0,0.0
AEL,Ateli,8,1.0,1,0,0.0
AED,Aulenda,8,1.0,1,0,0.0
ADX,Adapur,8,2.0,2,0,0.0
ADVI,Adavali,8,1.25,2,0,0.0
ADQ,Adhikari,8,1.625,2,0,0.0
TRKR,Turekala Roa,8,1.75,2,0,0.0
TRJ,Tariasujan,8,1.5,2,0,0.0
TRE,Tikri Halt,8,1.875,2,0,0.0
TRDI,Tirodi,8,0.0,0,0,0.0
DPK,Dholipal,8,1.75,2,0,0.0
DPI,Doddampatti,8,1.0,1,0,0.0
KSW,Kheri Salwa,8,1.0,1,0,0.0
LMY,Laimekuri,8,1.0,1,0,0.0
LMD,Linganenidod,8,1.125,2,0,0.0
LLU,Lalru,8,1.5,2,0,0.0
TQA,Takia,8,1.25,2,0,0.0
DASF,Dhasa Jn (Mg,8,0.0,0,0,0.0
DAQ,Daud Khan,8,1.0,1,0,0.0
DAP,Dagmagpur,8,1.125,2,0,0.0
KSIH,Khodseoni,8,1.0,1,0,0.0
LOL,Loliem,8,1.0,1,0,0.0
LNR,Lun Richha,8,1.625,2,0,0.0
DAO,Daghora,8,1.625,2,0,0.0
TPV,Tinpheria (H,8,1.375,2,0,0.0
TOR,Titur,8,1.0,1,0,0.0
TNT,Tinnapatti,8,1.0,1,0,0.0
AT,Asnoti,8,1.0,1,0,0.0
TNPR,Teznarayanpu,8,0.0,0,0,0.0
TNGR,Thonganur H,8,1.0,1,0,0.0
DRN,Deoranian,8,2.0,2,0,0.0
DRBR,Deoraha Baba,8,1.0,1,0,0.0
TMS,Tumsar Town,8,1.0,1,0,0.0
TMPY,Tumboli H.,8,1.0,1,0,0.0
LOV,Lovedale,8,1.0,1,0,0.0
KSK,Kasim Kota,8,1.375,3,0,0.0
TMLU,Tummalacheru,8,1.0,1,0,0.0
DRZ,Dalli-Rajhar,8,1.25,5,0,0.0
TLGP,Talguppa,8,0.0,0,0,0.0
TLC,Talchhapar,8,1.25,2,0,0.0
TKUR,Tappa Khajur,8,2.0,2,0,0.0
TKT,Tikkotti,8,1.0,1,0,0.0
TKS,Tokisud,8,1.375,2,0,0.0
DST,Dasampatti,8,1.0,1,0,0.0
DSPT,Danishpet,8,1.125,2,0,0.0
DAG,Dhang,8,2.0,2,0,0.0
DABN,Dhaban,8,1.875,2,0,0.0
TKBN,T.Sakibanda,8,1.0,1,0,0.0
LRU,Lalpur Umril,8,1.125,2,0,0.0
AWS,Awasani,8,1.0,1,0,0.0
TJH,Tejgadh,8,1.0,1,0,0.0
DTN,Dhamtan Sahi,8,1.0,1,0,0.0
DTL,Darritola,8,2.0,2,0,0.0
THUR,Thuria,8,1.25,2,0,0.0
BDWL,Biradhwal,8,1.75,2,0,0.0
BDWA,Bhadwa Para,8,1.625,2,0,0.0
TH,Tinich,8,2.0,2,0,0.0
TGL,Tuggali,8,1.0,1,0,0.0
TGB,Tangrabasuli,8,1.0,1,0,0.0
TEP,Tempa,8,1.0,1,0,0.0
LUA,Lalauri Kher,8,1.0,1,0,0.0
LTR,Lakhtar,8,1.5,2,0,0.0
KSBP,Keshabpur,8,1.0,1,0,0.0
DVR,Doravarichat,8,1.75,6,0,0.0
DVJ,Dillidewanga,8,1.0,1,0,0.0
DUU,Dupadu,8,1.0,1,0,0.0
TDK,Taduku,8,1.25,2,0,0.0
AGL,Amargol,8,1.125,2,0,0.0
DXK,Dhana Kherli,8,1.0,1,0,0.0
DWT,Dewan Hat,8,1.0,1,0,0.0
TBR,Taiabpur,8,1.0,1,0,0.0
MAGH,Manikgarh Jn,8,1.0,1,0,0.0
TAZ,Targaon,8,1.0,1,0,0.0
DZK,Durgachak,8,1.0,1,0,0.0
DYU,Diyuri  Halt,8,1.0,1,0,0.0
DY,Dumariya,8,1.125,2,0,0.0
TAC,Tati Cherla,8,1.375,4,0,0.0
BFF,Barabhati,8,1.0,1,0,0.0
BFD,Borhat,8,2.75,5,0,0.0
ELM,Elimala,8,1.0,1,0,0.0
EDD,Edduladoddi,8,1.0,1,0,0.0
BEP,Bheerpur,8,1.125,2,0,0.0
BEO,Birohe,8,1.0,1,0,0.0
SZF,Satbahini,8,1.0,1,0,0.0
SYZ,Sonai,8,2.0,2,0,0.0
KRUR,Keeranur,8,1.0,1,0,0.0
KRTL,Kartauli (Ha,8,1.0,1,0,0.0
KRTA,Karkatta,8,1.0,1,0,0.0
AMY,Akathamuri,8,1.0,1,0,0.0
SYU,Sarayan,8,2.0,2,0,0.0
SYE,Sindewahi,8,2.0,2,0,0.0
SYC,Sarai Chandi,8,1.0,1,0,0.0
CTQ,Chetar,8,1.0,1,0,0.0
EZP,Ezhupunna,8,1.0,1,0,0.0
EVA,Edavai,8,1.0,1,0,0.0
ETR,Elattur,8,1.0,1,0,0.0
ETP,Ettapur Road,8,1.0,1,0,0.0
ETK,Ettakkot,8,1.0,1,0,0.0
SXF,Sobhapur,8,1.125,2,0,0.0
MALK,Malkapur Roa,8,1.125,2,0,0.0
ANF,Anantapuram,8,1.5,2,0,0.0
ANA,Aslana,8,1.875,2,0,0.0
SWJ,Siajuli,8,1.0,1,0,0.0
SWE,Siwaith,8,1.0,1,0,0.0
SWD,Sanawad,8,0.0,0,0,0.0
FHT,Farah Town,8,1.0,1,0,0.0
FGCN,Fatehgarh Ch,8,1.0,1,0,0.0
SVQ,Sivok,8,1.0,1,0,0.0
KRNU,Kananur,8,1.0,1,0,0.0
MANI,Mani Halt,8,1.0,1,0,0.0
ASLU,Aslu,8,1.125,2,0,0.0
ASD,Ambasamudram,8,1.0,1,0,0.0
SVG,Sawalgi,8,1.25,2,0,0.0
SUZ,Subansiri,8,1.0,1,0,0.0
SUX,Sudiyur,8,1.0,1,0,0.0
SUJ,Sarju,8,2.0,2,0,0.0
BGD,Bara Gudha,8,1.875,2,0,0.0
BFQ,Bendi,8,1.0,1,0,0.0
SUI,Sui,8,1.125,2,0,0.0
SUBR,Subhagpur,8,2.0,2,0,0.0
STZ,Satraon F,8,1.0,1,0,0.0
CTD,Chhota Udepu,8,0.0,0,0,0.0
KRL,Kotarlia,8,1.625,2,0,0.0
MAYR,Mayar,8,1.125,2,0,0.0
BTX,Bela Tal,8,1.875,2,0,0.0
KRPR,Karepur Halt,8,1.125,2,0,0.0
STPT,Sitampet Hal,8,1.125,2,0,0.0
STNR,Sitalnagar,8,1.0,1,0,0.0
STE,Sagarakatte,8,1.0,1,0,0.0
FTH,Fatuhi,8,1.125,2,0,0.0
SSU,Sasamusa,8,1.875,5,0,0.0
SSPH,Satish Saman,8,1.0,1,0,0.0
MC,Mandapam Cam,8,1.0,1,0,0.0
MBG,Maibang,8,2.375,5,0,0.0
KRMP,Kumaripur Ha,8,1.0,1,0,0.0
KRMG,Kumaramangal,8,1.0,1,0,0.0
SSNH,Shrisaradana,8,1.0,1,0,0.0
SSKL,Suskal,8,1.0,1,0,0.0
SSKA,Sisarka,8,1.75,2,0,0.0
SSI,Shirsai,8,1.0,1,0,0.0
SSGR,Sisai Gulab,8,1.0,1,0,0.0
SSF,Sirsuphal,8,1.0,1,0,0.0
SRSL,Sirsala  Hal,8,1.125,2,0,0.0
GAI,Gauchhari,8,1.0,1,0,0.0
KRGN,Kargaon Halt,8,1.0,1,0,0.0
MCU,Mulacala Che,8,1.0,1,0,0.0
GAHT,Ghusia Halt,8,1.0,1,0,0.0
GAGA,Galgalia,8,1.0,1,0,0.0
GAE,Gaipura,8,1.125,2,0,0.0
SRPN,Sripani,8,1.0,1,0,0.0
SRPM,Siripuram,8,1.0,1,0,0.0
SRMP,Sirsi Mukhdu,8,1.0,1,0,0.0
SRMN,Semraon,8,1.0,1,0,0.0
CRQ,Charpokhari,8,1.0,1,0,0.0
GAW,Gainjahwa,8,2.0,2,0,0.0
GAQ,Ganj  Khwaja,8,1.0,1,0,0.0
GAP,Gurpa,8,1.5,2,0,0.0
AGY,Agori Khas,8,2.0,2,0,0.0
BTRI,Bitroi,8,2.0,2,0,0.0
MDDG,Maladgaon,8,1.0,1,0,0.0
BGTN,Bhagtanwala,8,1.0,2,0,0.0
BGSF,Bisugir Shar,8,1.125,2,0,0.0
BGRM,Biggabas Ram,8,1.0,1,0,0.0
BGQ,Bhongaon,8,1.75,2,0,0.0
GDE,Garladinne,8,1.125,2,0,0.0
GBRI,Goberwahi,8,2.0,2,0,0.0
CS,Kannur South,8,1.0,1,0,0.0
CRWA,Chirawa,8,1.625,2,0,0.0
BGNR,B G Nagar,8,1.0,1,0,0.0
BGND,Boginadi,8,1.0,1,0,0.0
SRGH,Surajgarh,8,1.625,2,0,0.0
SRF,Sagarajambag,8,1.75,2,0,0.0
KQW,Kheduli,8,1.375,2,0,0.0
KQQ,Kaukuntla,8,1.0,1,0,0.0
MDLA,Mudlana,8,1.125,2,0,0.0
BTRO,Bastoi (Halt,8,1.0,1,0,0.0
SQS,Sigsigi,8,1.125,2,0,0.0
SQD,Sattirakkudi,8,1.0,1,0,0.0
SPYA,Sipaya (Halt,8,1.375,2,0,0.0
SPK,Sapekhati,8,2.75,5,0,0.0
SPJB,Saidpur Jala,8,1.0,1,0,0.0
SPGR,Sampige Road,8,1.0,1,0,0.0
SPDR,Sheoprasad N,8,1.75,2,0,0.0
SPB,Sonekhpur Ha,8,1.0,1,0,0.0
SOS,Somesar,8,1.5,2,0,0.0
SOR,Sonagir,8,2.0,2,0,0.0
SONI,Soni,8,2.0,2,0,0.0
GDZ,Gundardehi,8,2.0,2,0,0.0
GDW,Gadhwala,8,1.0,1,0,0.0
BYSA,Basulya Suta,8,1.0,1,0,0.0
BYS,Barsali,8,1.125,2,0,0.0
GDK,Gonda Kachah,8,2.0,2,0,0.0
BHA,Bhandai,8,1.5,3,0,0.0
SNS,Sasni,8,1.0,1,0,0.0
SNPR,Singarpur,8,1.0,1,0,0.0
GGG,Gangagarh (H,8,1.0,1,0,0.0
GGB,Garhmuktesar,8,1.0,1,0,0.0
SNO,Somanur,8,1.0,1,0,0.0
SNLR,Santalpur,8,2.0,2,0,0.0
KPPR,Karuppur,8,1.0,1,0,0.0
MEU,Mendu (Halt),8,1.75,2,0,0.0
KPZ,Kapren,8,1.375,2,0,0.0
GHA,Golehwala,8,1.75,2,0,0.0
CROA,Chautara,8,1.0,1,0,0.0
CRL,Choral,8,1.875,2,0,0.0
SNDY,Sandai (Halt,8,1.0,1,0,0.0
SNBD,Sunderabad,8,1.0,1,0,0.0
SMRR,Sumreri,8,2.0,2,0,0.0
SMNE,Somtane,8,1.0,1,0,0.0
GHT,Ghaghara Gha,8,2.0,2,0,0.0
GHG,Ghagghar,8,1.25,2,0,0.0
GHB,Gahri Bhagi,8,1.0,1,0,0.0
MGG,Mangliyagaon,8,1.0,1,0,0.0
BYP,Baijnathpur,8,2.0,2,0,0.0
CPQ,Chaprakata,8,1.0,1,0,0.0
SMD,Cheranmahade,8,1.0,1,0,0.0
BHJ,Barhaj Bazar,8,0.0,0,0,0.0
GIR,Gainsari Jn,8,2.0,2,0,0.0
GLH,Gulaothi,8,2.0,2,0,0.0
GKT,Gankhera Hal,8,1.0,1,0,0.0
GKJ,Golakganj,8,14.5,25,0,0.0
SKX,Sarkara,8,1.0,1,0,0.0
SKW,Sheikhupur,8,1.0,1,0,0.0
BHME,Bhandaridah,8,1.375,2,0,0.0
BHMA,Baghmara Hal,8,1.125,2,0,0.0
SKSO,Sikosa,8,1.875,2,0,0.0
CABN,Bmy A Cabin,8,1.0,1,0,0.0
BTBR,Buti Bori Jn,8,1.125,2,0,0.0
MGLI,Mangli Halt,8,1.0,1,0,0.0
MGL,Muglolli,8,1.0,1,0,0.0
KPJ,Kopaganj Hal,8,1.125,2,0,0.0
KPE,Kauwapur,8,2.0,2,0,0.0
GMA,Gudimetta Ha,8,1.0,1,0,0.0
GLU,Gullipadu,8,1.125,2,0,0.0
GLMA,Gulma,8,1.125,2,0,0.0
GLKN,Gugalwa Kirt,8,1.0,1,0,0.0
SKND,Sukinda Road,8,1.5,2,0,0.0
SKLI,Sukli,8,1.0,1,0,0.0
SJV,Sajhauli Hal,8,1.0,1,0,0.0
SJQ,Surajpur Roa,8,2.0,2,0,0.0
CNPR,Chainpur,8,1.5,2,0,0.0
CNPA,Chennrayapat,8,1.0,1,0,0.0
BTHL,Bithauli F,8,1.0,1,0,0.0
ANP,Anandatandav,8,1.0,1,0,0.0
GMI,Gond Umri,8,1.0,1,0,0.0
BHRH,Bhuyar,8,1.0,1,0,0.0
SJGM,Sanjoy Gram,8,1.0,1,0,0.0
GNL,Gongali,8,1.875,2,0,0.0
COO,Chhoti Odai,8,1.0,1,0,0.0
COB,Cooch Behar,8,1.0,1,0,0.0
SHTS,Sambahal Hat,8,0.0,0,0,0.0
MHI,Manihari,8,5.0,5,0,0.0
SHJP,Sahajipur Ha,8,1.0,1,0,0.0
SHI,Singanallur,8,1.0,1,0,0.0
SHH,Shapur,8,1.0,1,0,0.0
SGUT,Siliguri Tow,8,1.0,1,0,0.0
SGRR,Sangar,8,2.0,2,0,0.0
SGRE,Salgare,8,1.125,2,0,0.0
SGND,Shrigonda Ro,8,1.625,2,0,0.0
GOA,Gohad Road H,8,2.0,2,0,0.0
GNZ,Gahndran Hal,8,1.0,1,0,0.0
GNPR,Gunupur,8,0.0,0,0,0.0
GNN,Gangineni,8,1.0,1,0,0.0
SGF,Sangat,8,1.875,2,0,0.0
BILP,Bhilupur,8,1.0,1,0,0.0
BIJR,Bijoor,8,1.25,2,0,0.0
KNS,Kanchausi,8,1.0,1,0,0.0
MHT,Manjhi F,8,1.125,2,0,0.0
MHPR,Mahiyarpur,8,1.0,1,0,0.0
MDHA,Madhada,8,1.0,1,0,0.0
GOG,Ghorghat Hal,8,1.0,1,0,0.0
BIGA,Bigga,8,1.375,2,0,0.0
SGAM,Saraigram,8,2.0,2,0,0.0
SGA,Shergarh,8,1.375,2,0,0.0
DDM,Dam Dim,8,1.0,1,0,0.0
SEU,Sendra,8,1.625,2,0,0.0
AAP,Ambiapur,8,1.0,1,0,0.0
SEQ,Sekha,8,1.75,2,0,0.0
YY,Yediyyuru,8,1.0,1,0,0.0
BIWK,Bislawaskala,8,1.25,2,0,0.0
GPX,Gautampura R,8,2.0,2,0,0.0
KVQ,Kosiara,8,1.0,1,0,0.0
MIYN,Maniyan,8,1.125,2,0,0.0
MIW,Mighauna (Ha,8,1.0,1,0,0.0
MIR,Maijapur,8,1.875,2,0,0.0
MIQ,Mirhakur,8,1.0,1,0,0.0
KVL,Kizhvelur,8,1.125,2,0,0.0
KO,Kosgi,8,1.0,1,0,0.0
GPC,Ghatpindrai,8,1.5,2,0,0.0
BIQ,Bansi Paharp,8,1.0,1,0,0.0
ZPL,Zangalapalle,8,1.25,2,0,0.0
AHLR,Ahalyapur F,8,1.125,2,0,0.0
SDZ,Sindhar,8,1.0,1,0,0.0
GRKN,Gorakhnath,8,1.0,1,0,0.0
GRF,Gambhir Road,8,1.0,1,0,0.0
SDHA,Sidhari (Hal,8,1.125,2,0,0.0
AROR,Arur H.,8,1.0,1,0,0.0
MJTA,Majitha,8,1.0,1,0,0.0
KNPS,Kendposi,8,1.0,1,0,0.0
KNNT,Kunnathur Ha,8,1.0,1,0,0.0
ARNG,Arun Nagar H,8,1.0,1,0,0.0
GRMP,Gangarampur,8,1.75,2,0,0.0
GRMA,Ghormara,8,1.0,1,0,0.0
SDD,Sindhavader,8,1.25,2,0,0.0
YNG,Yenugonda Ha,8,1.0,1,0,0.0
AADR,Amb  Andaura,8,0.0,0,0,0.0
SDAM,Sundhia Mau,8,1.75,2,0,0.0
SCV,Sukhchain,8,1.25,2,0,0.0
CMZ,Chalama,8,1.0,1,0,0.0
AUL,Agsauli,8,1.75,2,0,0.0
KGD,Kalligudi,8,1.0,1,0,0.0
BAGJ,Barharaganj,8,1.625,2,0,0.0
BJKN,Bajekhan Hal,8,1.125,2,0,0.0
BJG,Bajranjgarh,8,1.25,2,0,0.0
SBNR,Sri Vijainag,8,2.0,2,0,0.0
SBL,Sabalgarh,8,3.75,20,0,0.0
KFY,Karapgaon,8,1.25,2,0,0.0
BSZ,Bharwa-Sumer,8,1.75,2,0,0.0
MKBH,Manwala Kot,8,1.125,2,0,0.0
SBHR,Subrahmanya,8,4.375,10,0,0.0
SBGN,Sisiborgaon,8,1.0,1,0,0.0
SBGA,Shravanabela,8,1.0,1,0,0.0
SB,Sarai Bhopat,8,1.0,1,0,0.0
GSRM,Gauri Shri R,8,1.125,2,0,0.0
NAW,Nawandgi,8,1.125,2,0,0.0
GSI,Ghosi,8,1.125,2,0,0.0
GTU,Ghatnandur,8,1.125,2,0,0.0
KHC,Khorana,8,1.375,2,0,0.0
GTP,Ghatpuri,8,2.0,2,0,0.0
GTM,Ghatampur,8,2.0,2,0,0.0
GTLM,Gotlam,8,1.75,2,0,0.0
SAK,Sankheda Bah,8,1.0,1,0,0.0
SAJH,Sahjha Halt,8,1.0,1,0,0.0
SAC,Sanichara,8,2.0,2,0,0.0
KNF,Khanodih,8,1.0,2,0,0.0
GUP,Gauripur,8,2.0,2,0,0.0
GUK,Guntakoduru,8,1.0,1,0,0.0
NABN,Nagbhir Jn.,8,0.0,0,0,0.0
RVS,Ravanasamudr,8,1.0,1,0,0.0
RVK,Raja Bhat Kh,8,1.0,1,0,0.0
MZGI,Manjur Gadi,8,1.625,2,0,0.0
CMC,Chemancheri,8,1.0,1,0,0.0
GW,Girwar,8,1.875,2,0,0.0
BAKA,Banka,8,0.0,0,0,0.0
BAI,Bassi,8,1.125,2,0,0.0
MZB,Mahuli Halt,8,1.0,1,0,0.0
GWSB,Goindwal Sah,8,2.0,2,0,0.0
KNAD,Kanad,8,1.0,1,0,0.0
MKT,Mukhtriara B,8,1.75,2,0,0.0
CMX,Chamagram,8,1.0,1,0,0.0
KHI,Kurhani,8,1.0,1,0,0.0
ZNP,Zindpura (Ha,8,1.0,1,0,0.0
HBL,Hombal,8,1.0,1,0,0.0
HAH,Hosa Agrahar,8,1.0,1,0,0.0
GZS,Giani Zail S,8,1.625,2,0,0.0
GZM,Gour Malda,8,1.0,1,0,0.0
DCX,Dhaniachha,8,1.0,1,0,0.0
RSA,Risama,8,2.0,2,0,0.0
RRME,Ranchi Road,8,2.0,2,0,0.0
RRI,Rahuri,8,1.625,2,0,0.0
RRGA,Rangareddigu,8,1.0,1,0,0.0
RR,Richha Road,8,1.0,1,0,0.0
RPSC,Rudrapur Sid,8,1.0,1,0,0.0
AAS,Asaranada,8,1.0,1,0,0.0
MLAR,Malanpur,8,2.0,2,0,0.0
MKZ,Mahkepar Roa,8,1.0,1,0,0.0
AMLP,Amalpur,8,1.0,1,0,0.0
CAO,Chauradano,8,2.0,2,0,0.0
YL,Yeola,8,1.625,2,0,0.0
HDA,Hirnoda,8,1.0,1,0,0.0
HBS,Hebsur,8,1.0,1,0,0.0
DEW,Dewalgaon,8,1.875,2,0,0.0
ROL,Rajoli,8,1.875,2,0,0.0
AJN,Ajnod,8,2.0,2,0,0.0
DEOR,Diyodar,8,2.0,2,0,0.0
BJY,Bangalbaree,8,1.5,2,0,0.0
CLDB,Chandlodiya(,8,2.0,2,0,0.0
CLD,Chalsa,8,1.0,1,0,0.0
BSM,Bisanattam,8,1.0,1,0,0.0
BSKR,Basi Kiratpu,8,2.0,2,0,0.0
BSKH,Basukinath,8,1.125,2,0,0.0
MLKH,Mulewal Khai,8,1.0,1,0,0.0
HDWL,Hardorawal,8,1.0,1,0,0.0
DEMU,Demu,8,1.125,2,0,0.0
HDM,Hirdamali,8,1.75,2,0,0.0
BJQ,Baghora,8,2.0,2,0,0.0
AIR,Alindra Road,8,1.0,1,0,0.0
RNW,Renwal,8,1.0,1,0,0.0
RNT,Ranthambhor,8,1.25,2,0,0.0
HGJ,Harduaganj,8,1.625,2,0,0.0
HEI,Heggere,8,1.0,1,0,0.0
CLN,Kollidam,8,1.0,1,0,0.0
RNJ,Runija,8,2.0,2,0,0.0
VXM,Velippalaiya,8,1.0,1,0,0.0
RNBT,Rahen Bata,8,1.75,2,0,0.0
VVR,Viravanallur,8,1.0,1,0,0.0
KMNR,Kamalnagar,8,1.0,1,0,0.0
KMND,Kumendi,8,1.0,1,0,0.0
KMMD,Kirmiti Mend,8,1.0,1,0,0.0
MLSA,Mallasandra,8,1.0,1,0,0.0
RNBD,Rana Bordi,8,1.0,1,0,0.0
VVN,Vikravandi,8,1.125,2,0,0.0
RMSR,Ramsinghpur,8,2.0,2,0,0.0
KWP,Khatipura,8,1.25,2,0,0.0
RMP,Rahimatpur,8,1.125,2,0,0.0
HHG,Hehegara Hal,8,1.0,1,0,0.0
HGR,Himgir,8,1.625,2,0,0.0
RMF,Ramna,8,1.375,2,0,0.0
BKHR,Bakhri,8,1.0,1,0,0.0
MMLN,Mahuamilan,8,1.375,2,0,0.0
RKN,Rati-Ka-Nagl,8,1.625,2,0,0.0
RKK,Ratangarh Ka,8,1.75,2,0,0.0
HMQ,Himmatpura,8,1.0,1,0,0.0
HML,Helem,8,1.25,2,0,0.0
HMK,Hindumalkote,8,1.25,2,0,0.0
HM,Hadmatiya,8,1.25,2,0,0.0
RIKD,Rishikund,8,1.0,1,0,0.0
BKRO,Bokaro Therm,8,1.25,2,0,0.0
BKRL,Bakrol,8,1.0,1,0,0.0
RIGA,Riga,8,2.0,2,0,0.0
VTV,Valantaravai,8,1.0,1,0,0.0
RGU,Ragaul,8,2.125,3,0,0.0
HNG,Hirangaon,8,1.0,1,0,0.0
HNDR,Hendegir,8,1.125,2,0,0.0
RGNH,Raghunathgar,8,1.125,2,0,0.0
CKSR,Chaksafaura,8,1.0,1,0,0.0
CCA,Chigicheria,8,1.5,5,0,0.0
MNDH,Mandir Hasau,8,2.125,3,0,0.0
CKN,Chinta Kani,8,1.0,1,0,0.0
HRG,Hirdagarh,8,1.375,2,0,0.0
RET,Rentiya,8,1.0,1,0,0.0
REG,Regupalem,8,1.125,2,0,0.0
RDS,Ramdas,8,1.0,1,0,0.0
RD,Ram Dayalu N,8,1.0,1,0,0.0
BLDK,Belakoba,8,1.0,1,0,0.0
BLAX,Barlai,8,1.125,2,0,0.0
BLA,Bajalta,8,2.0,2,0,0.0
HSB,Hasanbazar H,8,1.0,1,0,0.0
HRPG,Harpalganj,8,1.0,1,0,0.0
BKTH,Baikunth,8,1.625,2,0,0.0
RCR,Ratar Chhatt,8,1.0,1,0,0.0
RCP,Rama Chandra,8,1.0,1,0,0.0
RCGT,Richughuta,8,1.0,1,0,0.0
MNQ,Mainpuri,8,8.75,20,0,0.0
VTG,Bhetaguri,8,1.0,1,0,0.0
KLWN,Kalwan Halt,8,1.0,1,0,0.0
HSDA,Hansdiha,8,0.0,0,0,0.0
RAYA,Raya,8,2.0,2,0,0.0
RAMR,Ramaipur (Ha,8,2.0,2,0,0.0
ARAG,Arag,8,1.125,2,0,0.0
VT,Vellore Town,8,1.0,1,0,0.0
PYI,Payli,8,1.0,1,0,0.0
PYA,Pedapariya,8,1.0,1,0,0.0
PWBN,Pawai Brohma,8,1.0,1,0,0.0
VSW,Visavadar,8,7.0,20,0,0.0
CKG,Chowka Ghat,8,2.0,2,0,0.0
BLLI,Balli,8,1.0,1,0,0.0
BLJA,Bhalojala  H,8,1.0,1,0,0.0
BLGT,Balurghat,8,0.0,0,0,0.0
KLSP,Kushalpura,8,1.0,1,0,0.0
KLRS,Kolaras,8,2.0,2,0,0.0
BS,Benisar,8,1.375,2,0,0.0
MNSR,Manaksar,8,1.75,2,0,0.0
MNS,Manshahi,8,1.0,1,0,0.0
MNR,Makkhanpur,8,1.0,1,0,0.0
IB,Ib,8,1.5,2,0,0.0
HZR,Hafizpur,8,2.0,2,0,0.0
HZN,Hazratnagar,8,1.0,1,0,0.0
HYL,Hadyal,8,1.125,2,0,0.0
HYA,Hadiaya,8,1.625,2,0,0.0
HVM,Hamsavaram,8,1.25,3,0,0.0
BLGA,Belagula,8,1.0,1,0,0.0
PUWA,Pauwara  Hal,8,2.0,2,0,0.0
KLI,Kauli,8,1.625,2,0,0.0
DGDG,Durgada Gate,8,1.125,2,0,0.0
PUW,Patuwas Mehr,8,1.125,2,0,0.0
PUDI,Pudi,8,1.25,2,0,0.0
DGBZ,Dongribuzurg,8,2.0,2,0,0.0
IGL,Iringal Halt,8,1.0,1,0,0.0
IDJ,Idalhond H,8,1.625,5,0,0.0
DCH,Dinhata Coll,8,1.0,1,0,0.0
BLR,Blganur,8,1.125,2,0,0.0
PTP,Patal Pani,8,2.0,2,0,0.0
PTLI,Pathauli,8,1.0,1,0,0.0
VRVL,Vira Valli H,8,1.0,1,0,0.0
IKR,Iklehra,8,1.5,2,0,0.0
PTH,Patranga,8,1.0,1,0,0.0
PSV,Parsneu,8,1.5,2,0,0.0
PSPY,Prasannayana,8,1.75,5,0,0.0
PSN,Parsendi,8,2.0,2,0,0.0
BAMA,Birambad,8,1.0,1,0,0.0
MOL,Moliroad,8,1.5,2,0,0.0
KLPG,Kamalpur,8,1.875,2,0,0.0
PSLP,Pasalapudi,8,1.0,1,0,0.0
BALR,Baitalpur,8,2.0,2,0,0.0
PS,Paras,8,1.125,2,0,0.0
ITKY,Itky Ph,8,1.0,1,0,0.0
ITE,Intiyathok,8,2.0,2,0,0.0
ISH,Isarwara,8,2.0,2,0,0.0
ISA,Isarda,8,1.75,2,0,0.0
IRP,Iravipuram H,8,1.0,1,0,0.0
PRTN,Pratap Nagar,8,3.875,6,0,0.0
PRSP,Prasadpur (H,8,1.0,1,0,0.0
PRSL,Pandrasali,8,1.25,2,0,0.0
PRNG,Pritamnagar,8,1.0,1,0,0.0
PRNC,Purnea Court,8,1.5,2,0,0.0
KKY,Kilakadaiyam,8,1.0,1,0,0.0
MPLM,Murthipalaya,8,1.0,1,0,0.0
VRLF,Veraval Mg,8,0.0,0,0,0.0
MPI,Melpatti,8,1.375,2,0,0.0
MPG,Manpur Nagar,8,2.0,2,0,0.0
DHH,Dinhata,8,0.75,1,0,0.0
PRE,Pahara,8,1.0,1,0,0.0
PRDL,Paradol,8,1.5,2,0,0.0
JAMA,Jama,8,1.0,1,0,0.0
JACN,Jalsu Nanak,8,1.125,2,0,0.0
JAC,Jalsu,8,1.25,2,0,0.0
ITRN,Itwari Jn.,8,0.0,0,0,0.0
PQT,Puniyavant,8,1.0,1,0,0.0
BLW,Balawali,8,1.75,2,0,0.0
BLSR,Belasar  Hal,8,1.125,2,0,0.0
PQL,Pindial,8,1.125,2,0,0.0
PQH,Pindkepar Ha,8,1.0,1,0,0.0
PQD,Pranpur Road,8,1.875,2,0,0.0
PPY,Papatapalli,8,1.0,1,0,0.0
KYS,Kusumkasa,8,1.125,2,0,0.0
JBU,Jabugam,8,1.0,1,0,0.0
KKPM,Kallakkudi-P,8,1.0,1,0,0.0
KKNA,Khunkhuna,8,1.5,3,0,0.0
MPUR,New Madanpur,8,1.0,1,0,0.0
PPE,Paintepur F,8,2.0,2,0,0.0
KYNT,Kalyankot  H,8,1.375,2,0,0.0
KYBR,Khairatiya B,8,1.0,1,0,0.0
PPDA,Panchpatia D,8,1.0,1,0,0.0
KXT,Ketti,8,1.0,1,0,0.0
POT,Pothia,8,1.0,1,0,0.0
KXP,Kaniyapuram,8,1.0,1,0,0.0
JGE,Jagannath Te,8,1.0,1,0,0.0
JFD,Jiadhal,8,1.0,1,0,0.0
KVE,Kavalande,8,1.0,1,0,0.0
POI,Ponpadi,8,1.25,2,0,0.0
CCP,Chhuchhapura,8,1.0,1,0,0.0
CCO,Chicholi,8,1.0,1,0,0.0
CCL,Chanchelav,8,1.0,1,0,0.0
MQX,Meralgram,8,1.625,2,0,0.0
MQW,Mallan Nagar,8,1.0,1,0,0.0
KKT,Kath Kuiyan,8,1.75,2,0,0.0
DGY,Dighori Buzu,8,1.0,1,0,0.0
BMHT,Baraw More,8,1.0,1,0,0.0
DGPP,Dhengli Pimp,8,1.0,1,0,0.0
CHWT,Chaprawat Ha,8,1.0,1,0,0.0
CHTL,Churaru Taka,8,1.375,2,0,0.0
BMGR,Bamangram,8,1.0,1,0,0.0
BMGN,Bamunigaon,8,1.0,1,0,0.0
VPR,Visapur,8,1.75,2,0,0.0
ALAL,Alal,8,1.5,2,0,0.0
JHT,Juneta,8,1.125,2,0,0.0
MRDP,Muradpur (Ha,8,1.0,1,0,0.0
VPO,Bhupia Mau,8,1.0,1,0,0.0
KKGM,Kakri Guma,8,4.625,15,0,0.0
JHG,Jhingura,8,1.0,1,0,0.0
JGP,Jalalpur,8,1.5,2,0,0.0
VMP,Vallampaduga,8,1.0,1,0,0.0
BMP,Bramhpuri,8,1.875,2,0,0.0
VLT,Valathoor,8,1.125,2,0,0.0
JJW,Jojwa,8,1.125,2,0,0.0
JJN,Jhunjunu,8,2.25,4,0,0.0
JITE,Jite,8,1.0,1,0,0.0
JIL,Jalila Road,8,1.0,1,0,0.0
JIA,Jigna,8,1.125,2,0,0.0
PLGH,Paligarh (Ha,8,1.125,2,0,0.0
PLA,Palia,8,2.0,2,0,0.0
KKD,Kala Kund,8,3.25,12,0,0.0
DHNA,Dhachna,8,1.0,1,0,0.0
KJZ,Karonji,8,2.25,4,0,0.0
KJY,Khurja City,8,2.0,2,0,0.0
MRPL,Maram Palli,8,1.25,3,0,0.0
VLL,Vellayil Hal,8,1.0,1,0,0.0
JKT,Jekot,8,1.25,2,0,0.0
PKPU,Peddakura Pa,8,1.0,1,0,0.0
KUI,Kulali,8,1.25,2,0,0.0
PJK,Panj-Kosi,8,1.5,2,0,0.0
PJH,Pirjhalar,8,1.0,1,0,0.0
PIS,Piska Fs,8,1.0,1,0,0.0
JLW,Jhalwara,8,1.75,2,0,0.0
KUHI,Kuhi,8,2.0,2,0,0.0
PIO,Pilol,8,1.0,1,0,0.0
MSN,Mursan,8,2.0,2,0,0.0
MSDL,Mahisadal,8,1.0,1,0,0.0
MSDG,Mhasoba Dong,8,1.0,1,0,0.0
MRTY,Murti Halt,8,1.125,2,0,0.0
CCBG,Chicholibuzu,8,1.0,1,0,0.0
PHE,Pahaleja,8,1.0,1,0,0.0
PGZ,Perunguzhi,8,1.0,1,0,0.0
BMY,Bamiana,8,2.0,2,0,0.0
BMW,Bamhani,8,1.0,1,0,0.0
JMQ,Jamirghata,8,1.0,1,0,0.0
JMK,Jamunamukh,8,1.5,2,0,0.0
JMIR,Jamira Halt,8,1.0,1,0,0.0
JMG,Jamga,8,1.625,2,0,0.0
PGU,Padugupadu,8,1.0,1,0,0.0
MTBG,Mathia Bargh,8,1.125,2,0,0.0
MTA,Mathela,8,1.875,2,0,0.0
KYZ,Kizha Puliyu,8,1.0,1,0,0.0
MSR,Masur,8,1.0,1,0,0.0
PEN,Pen,8,1.0,1,0,0.0
PEL,Polireddipal,8,1.125,2,0,0.0
PEA,Pettai,8,1.0,1,0,0.0
JNKR,Janakinagar,8,2.0,2,0,0.0
CHNR,Chhan Aroria,8,1.5,2,0,0.0
KYW,Karchhue Hal,8,1.125,2,0,0.0
BNK,Banasankari,8,1.0,1,0,0.0
BNH,Bhimnath,8,1.0,1,0,0.0
DIB,Dibai,8,2.125,5,0,0.0
DHY,Dharodi,8,1.0,1,0,0.0
PDD,Padubidri,8,2.0,7,0,0.0
JPZ,Jogighopa,8,1.0,1,0,0.0
MTE,Mettur,8,1.0,1,0,0.0
JPD,Jalalpur-Dha,8,1.375,2,0,0.0
PCM,Pavurchatram,8,1.0,1,0,0.0
PCLI,Palachauri,8,1.375,2,0,0.0
AWH,Alewahi,8,1.875,2,0,0.0
DHRR,Dhirera,8,1.625,2,0,0.0
JRA,Jaraikela,8,1.0,1,0,0.0
VID,Vilavade,8,1.25,2,0,0.0
PAX,Patti,8,2.25,4,0,0.0
PAVI,Pavi,8,1.0,1,0,0.0
PATM,Patam,8,1.0,1,0,0.0
ADHL,Adihalli,8,1.0,1,0,0.0
PAPM,Palatpotaram,8,1.0,1,0,0.0
ACPR,Archipathar,8,1.0,1,0,0.0
CHDX,Chhada,8,1.5,2,0,0.0
BNO,Banar,8,1.0,1,0,0.0
BNLS,Bangi Nihal,8,1.0,1,0,0.0
BBL,Balrai,8,1.0,1,0,0.0
MTH,Mataundh,8,1.875,2,0,0.0
MTGE,Muthani,8,1.0,1,0,0.0
AMD,Amila (Halt),8,1.0,1,0,0.0
AMC,Amrithapura,8,1.0,1,0,0.0
AMA,Atamanda,8,1.0,1,0,0.0
BRQ,Bagrakot,8,1.0,1,0,0.0
OSRA,Osra,8,1.0,1,0,0.0
ORGA,Orga,8,1.0,1,0,0.0
OREH,Ore Halt,8,1.0,1,0,0.0
ONR,Coonoor,8,2.5,10,0,0.0
OM,Omkareshwar,8,2.0,2,0,0.0
BNWD,Bhandewadi H,8,1.0,1,0,0.0
APTA,Apta,8,1.0,1,0,0.0
APN,Ayodhyapatti,8,1.0,1,0,0.0
APH,Anupgarh,8,0.0,0,0,0.0
ODUR,Odur,8,1.0,1,0,0.0
BAPR,Ballupur Fla,8,1.25,2,0,0.0
KJJ,Kodavaluru,8,1.0,1,0,0.0
KJC,Kasganj City,8,2.0,2,0,0.0
KIZ,Kansudhi,8,1.25,2,0,0.0
BVO,Bogolu,8,1.0,1,0,0.0
MTPR,Rai Maihatpu,8,1.375,2,0,0.0
MTO,Maitha,8,1.0,1,0,0.0
OBVP,Obulavaripal,8,1.125,2,0,0.0
NYM,Neyamatpur H,8,1.0,1,0,0.0
JTRD,Jath Road,8,1.25,2,0,0.0
JTK,Jhitkia,8,1.0,1,0,0.0
NWH,Nawalgarh,8,1.75,2,0,0.0
KZS,Kuakhera Hal,8,1.0,1,0,0.0
KUG,Kusugal,8,1.125,2,0,0.0
MTWN,Mitewani Ph,8,1.0,1,0,0.0
KTYR,Kottaiyur,8,1.0,1,0,0.0
NTR,Nittur,8,1.0,1,0,0.0
KADH,Khairadih Ha,8,1.0,1,0,0.0
JYK,Jonekarang H,8,1.0,1,0,0.0
JWL,Jajiwal,8,1.0,1,0,0.0
NRS,Nagaria Sada,8,2.0,2,0,0.0
NRKP,Narkopi Fs,8,1.0,1,0,0.0
KAL,Kallal,8,1.0,1,0,0.0
NRDP,Nagireddipal,8,1.0,1,0,0.0
AZK,Azhwarkuruch,8,1.0,1,0,0.0
AZA,Azara,8,1.0,1,0,0.0
KARK,Karaikkurich,8,1.0,1,0,0.0
KARH,Kakraha Rest,8,1.0,1,0,0.0
KAPP,Khariapipra,8,1.0,1,0,0.0
NQR,Naraj Marath,8,1.5,2,0,0.0
NPRD,Nagpur Road,8,1.75,2,0,0.0
BRMT,Baramati,8,0.0,0,0,0.0
BRMO,Bermo,8,1.375,2,0,0.0
KUQ,Kuretha,8,1.875,2,0,0.0
CHAF,Chaf Halt,8,1.375,3,0,0.0
KAVR,Kalavur H.,8,1.0,1,0,0.0
KAU,Kachna,8,1.125,2,0,0.0
KASU,Kasu,8,1.0,1,0,0.0
NON,Nonar Halt,8,1.0,1,0,0.0
DIT,Dohrighat,8,0.0,0,0,0.0
NNPR,Nonapar F,8,1.125,2,0,0.0
NNM,Nannilam,8,1.0,1,0,0.0
NNGL,Naya Nangal,8,1.125,2,0,0.0
NNGE,Narangi,8,1.5,2,0,0.0
KAY,Karai Madai,8,1.0,1,0,0.0
AVK,Aravankadu,8,1.0,1,0,0.0
KBU,Kasu Begu,8,1.625,2,0,0.0
CDBN,Chedhabanni,8,1.0,1,0,0.0
KIGL,Kunigal,8,1.0,1,0,0.0
KIC,Kallidaikuru,8,1.0,1,0,0.0
KIB,Kizha Ambur,8,1.0,1,0,0.0
MVD,Mulvad,8,1.125,2,0,0.0
MVC,Mavinkere,8,1.0,1,0,0.0
BAAR,Bandar Ph,8,1.0,1,0,0.0
NMGA,Nelamangala,8,1.0,1,0,0.0
KCT,Kerakat (Hal,8,1.25,2,0,0.0
KCO,Kachhla Brid,8,1.0,1,0,0.0
KCN,Karchana,8,1.125,2,0,0.0
KCI,Kalikiri,8,1.0,1,0,0.0
NLH,Naultha,8,1.0,1,0,0.0
NKBR,Narkatia Baz,8,1.25,2,0,0.0
DIPA,Dipa,8,1.0,1,0,0.0
BPRS,Bhogpur Sirw,8,1.75,2,0,0.0
KDLR,Kandel Road,8,1.75,2,0,0.0
MWJ,Madwas Gram,8,2.0,2,0,0.0
MWG,Mindala,8,1.0,1,0,0.0
KDJR,Kendujhar,8,3.75,5,0,0.0
KDI,Kundli,8,1.0,1,0,0.0
KDHN,Kandharan Ha,8,1.0,1,0,0.0
KDHL,Kundhela,8,1.0,1,0,0.0
NJA,Nagjua Fs,8,1.0,1,0,0.0
NID,Nidur,8,1.0,1,0,0.0
BAO,Banmore,8,1.875,2,0,0.0
KDTY,Kaduturutty,8,1.0,1,0,0.0
KDSB,Khadur  Sahi,8,1.0,1,0,0.0
KDRP,Kandarpur,8,1.0,1,0,0.0
KDRI,Kendri,8,0.0,0,0,0.0
NGWN,Noganwan,8,1.25,2,0,0.0
NGW,Nauganwan,8,2.0,2,0,0.0
NGTN,Nagothane,8,1.0,1,0,0.0
MXZ,Mohdara Halt,8,1.0,1,0,0.0
MXL,Mokholi,8,1.125,2,0,0.0
MXA,Marauda,8,10.0,10,0,0.0
MWZ,Mahishadahar,8,1.0,1,0,0.0
MWY,Mailaram,8,1.0,1,0,0.0
NGLT,Nagla Tula,8,1.0,1,0,0.0
ALNP,Akela Hanspu,8,1.0,1,0,0.0
VGE,Valappadi Ga,8,1.0,1,0,0.0
VGA,Vepagunta,8,1.125,2,0,0.0
KEE,Kaseetar,8,1.0,1,0,0.0
VEN,Verna,8,1.0,1,0,0.0
NGE,Nagar,8,2.0,2,0,0.0
BR,Bandh Bareth,8,1.0,1,0,0.0
CGHD,Chinnadagudi,8,1.0,1,0,0.0
VELI,Veli H.,8,1.0,1,0,0.0
KHQ,Kharik,8,1.0,1,0,0.0
VEL,Vellanur,8,1.0,1,0,0.0
BRGM,Baraigram Jn,8,1.75,2,0,0.0
KEP,Kelanpur,8,1.0,1,0,0.0
KEMP,Kempalsad Ha,8,1.0,1,0,0.0
KEMK,Khem Karan,8,0.0,0,0,0.0
BQH,Bhanohad Pun,8,1.0,1,0,0.0
NDZ,Nidigalu,8,1.0,1,0,0.0
KFI,Kappil,8,1.0,1,0,0.0
YLK,Yellakaru,8,1.0,1,0,0.0
WP,Wangapalli,8,1.0,1,0,0.0
WH,West Hill,8,1.0,1,0,0.0
WEL,Wellington,8,1.0,1,0,0.0
WDLN,Wadwalnagnat,8,1.0,1,0,0.0
WDG,Wadegaon,8,1.875,2,0,0.0
WANI,Wani,8,1.875,3,0,0.0
VZPH,Vazeer Pur,8,1.0,1,0,0.0
AUR,Atrauli Road,8,1.75,2,0,0.0
KWD,Karwandiya,8,1.0,1,0,0.0
KWC,Kundwa Chain,8,2.0,2,0,0.0
BWP,Bhawanipur K,8,1.125,2,0,0.0
VEK,Vellarakkad,8,1.0,1,0,0.0
BWC,Banwali,8,1.875,6,0,0.0
BWBN,Bewar Bhojan,8,1.125,2,0,0.0
KFH,Katphal,8,1.625,6,0,0.0
DDNI,Dudhnoi,8,8.25,35,1,12.5
KFE,Kurikad,8,1.0,1,0,0.0
KEZ,Kelzhar,8,1.875,2,0,0.0
KEY,Kagankarai,8,1.0,1,0,0.0
VEER,Veer,8,1.5,2,0,0.0
CGON,Chaygaon,8,1.0,1,0,0.0
NDN,Nardana,8,2.625,8,0,0.0
MYO,Moridhal,8,1.0,1,0,0.0
MYL,Malliyala,8,1.125,2,0,0.0
BRIH,Bairi Halt,8,1.0,1,0,0.0
NCH,Nakachari,8,2.0,2,0,0.0
NBU,Narasambudhi,8,1.0,1,0,0.0
BRDT,Beria Daulat,8,1.0,1,0,0.0
BRDB,Barda,8,1.0,1,0,0.0
LBO,Latabor,8,1.0,1,0,0.0
KGKD,Kang Khurd,8,1.0,1,0,0.0
KVTA,Karuvatta H.,7,1.0,1,0,0.0
AUNG,Aung,7,1.2857142857142858,2,0,0.0
RJAP,Rajapur Halt,7,1.0,1,0,0.0
VZ,Vijayamangal,7,1.0,1,0,0.0
RKJE,Rakhitpur,7,1.5714285714285714,2,0,0.0
HLW,Hirnawali,7,1.0,1,0,0.0
HHD,Hunsihadgil,7,1.2857142857142858,2,0,0.0
HRNG,Harpur Nag,7,1.0,1,0,0.0
REI,Rithi,7,2.0,2,0,0.0
MNMU,Mani Mau,7,1.0,1,0,0.0
BKTS,Bakhoti Khas,7,1.0,1,0,0.0
HDS,Haridas Pur,7,1.0,1,0,0.0
MLKP,Malikpur (Ha,7,1.0,1,0,0.0
MNGR,Mohan Nagar,7,1.7142857142857142,2,0,0.0
AJJN,Arakkonam No,7,1.1428571428571428,2,0,0.0
HDD,Haddingaundu,7,1.1428571428571428,2,0,0.0
MLGT,Mallapa Gate,7,1.0,1,0,0.0
RSWN,Rameshwar Na,7,1.0,1,0,0.0
PY,Perundurai,7,1.1428571428571428,2,0,0.0
GWP,Gangwa Pur (,7,1.0,1,0,0.0
GTST,Gautam Sthan,7,1.4285714285714286,2,0,0.0
SANK,Sank,7,1.8571428571428572,2,0,0.0
IGR,Ingur,7,1.0,1,0,0.0
GTA,Golanthra,7,1.0,1,0,0.0
BAV,Baruva,7,1.0,1,0,0.0
BRG,Bargarh,7,1.7142857142857142,2,0,0.0
KUX,Khirasdoh Jn,7,1.0,1,0,0.0
ARX,Areli (Halt),7,1.0,1,0,0.0
KNKT,Kankot,7,1.2857142857142858,2,0,0.0
AHL,Ajharail,7,1.0,1,0,0.0
IRN,Irgaon P.H.,7,1.0,1,0,0.0
PRKE,Purwa Khera,7,1.0,1,0,0.0
GOP,Gop Jam,7,1.0,1,0,0.0
GNW,Gangiwara,7,1.0,1,0,0.0
SGRP,Singhirampur,7,1.0,1,0,0.0
KOLA,Kotla,7,1.0,1,0,0.0
KON,Kudalnagar,7,1.0,1,0,0.0
KXO,Kudikadu,7,1.0,1,0,0.0
VRB,Vishrambag,7,1.0,1,0,0.0
BBD,Bablad,7,1.1428571428571428,2,0,0.0
SHNG,Shivnagar,7,1.0,1,0,0.0
JDA,Jasoda,7,1.4285714285714286,2,0,0.0
SILO,Silao,7,1.5714285714285714,2,0,0.0
BRTG,Barithen Gar,7,1.0,1,0,0.0
PO,Parangippett,7,1.0,1,0,0.0
JEN,Jenapur,7,1.0,1,0,0.0
SIPR,Sihapar (Hal,7,1.1428571428571428,2,0,0.0
SJDR,Sri Jhadeshw,7,1.0,1,0,0.0
MHBA,Mathabhanga,7,1.4285714285714286,2,0,0.0
SKK,Sikkal,7,1.0,1,0,0.0
SKLP,Shankerpur,7,1.0,1,0,0.0
MGPA,Munda Gopal,7,1.1428571428571428,2,0,0.0
AKZ,Akashi  Ph,7,1.0,1,0,0.0
VNJ,Vanjipalaiya,7,1.4285714285714286,4,0,0.0
KHDP,Khudlapur F,7,1.0,1,0,0.0
NDKR,Nandhakumarp,7,1.2857142857142858,2,0,0.0
VPU,Velpuru Halt,7,1.0,1,0,0.0
GKX,Ghal Kalan,7,1.0,1,0,0.0
JGWL,Jagjvan Halt,7,1.0,1,0,0.0
JHJ,Jhejhar,7,2.2857142857142856,5,0,0.0
GIN,Ginigera,7,1.0,1,0,0.0
SLRD,Surla Road,7,1.0,1,0,0.0
BHCL,Bahora Chand,7,1.2857142857142858,2,0,0.0
PMH,Parao Mahna,7,1.1428571428571428,2,0,0.0
JKA,Jakhvada,7,2.0,2,0,0.0
KOTT,Kottur Halt,7,1.0,1,0,0.0
CPD,Chinchpada,7,3.0,10,0,0.0
SMT,Salamatpur,7,1.4285714285714286,2,0,0.0
CRAE,Cheragram Bh,7,1.0,1,0,0.0
PKZ,Pipli Pakhi,7,1.0,1,0,0.0
KHNP,Khanapur,7,1.0,1,0,0.0
MFH,Mahrauli,7,1.5714285714285714,2,0,0.0
SNL,Sanahwal,7,1.5714285714285714,2,0,0.0
SNZ,Sherganj (Ha,7,1.0,1,0,0.0
GDGN,Gaudgaon,7,1.2857142857142858,2,0,0.0
GDN,Gangaikondan,7,1.1428571428571428,2,0,0.0
MDVE,Mahendravadi,7,1.1428571428571428,2,0,0.0
MSHW,Musharwa   H,7,1.1428571428571428,2,0,0.0
BYY,Byree,7,1.0,1,0,0.0
MRTL,Mirthal,7,2.0,2,0,0.0
MDPB,Madhopur Pun,7,1.4285714285714286,2,0,0.0
KRKD,Karakad,7,1.0,1,0,0.0
PDPK,Padmapukur,7,1.0,1,0,0.0
CHM,Chalthan,7,1.7142857142857142,2,0,0.0
MDA,Mandhana Jn,7,1.4285714285714286,2,0,0.0
SSL,Sirsaul,7,1.2857142857142858,2,0,0.0
CGKR,Chandagiri K,7,1.0,1,0,0.0
BVM,Bayyavaram,7,2.5714285714285716,11,0,0.0
FSW,Fateh Singhw,7,1.1428571428571428,2,0,0.0
BTVA,Batuva. P.H.,7,1.0,1,0,0.0
PCV,Palakkodu,7,1.1428571428571428,2,0,0.0
MAV,Mariammn Kov,7,1.0,1,0,0.0
STVA,Satyavada Ha,7,1.0,1,0,0.0
SUDV,Summa Devi,7,1.0,1,0,0.0
JPI,Jhadupudi,7,1.0,1,0,0.0
JPP,Jalalpur-Pan,7,1.0,1,0,0.0
AOR,Argora  Ph,7,1.0,1,0,0.0
KJNC,Kannauj City,7,1.0,1,0,0.0
SULH,Sulhani,7,1.0,1,0,0.0
SUU,Sulur Road,7,1.0,1,0,0.0
ASH,Aishbagh,7,1.5714285714285714,2,0,0.0
JRKN,Jorkian,7,1.0,1,0,0.0
JRKT,Jadarama Kun,7,1.1428571428571428,2,0,0.0
NGMP,New Garh Mad,7,1.0,1,0,0.0
FNO,Fungo Halt,7,1.0,1,0,0.0
SVUR,Sevur,7,1.2857142857142858,2,0,0.0
BNP,Bhanapur,7,1.1428571428571428,2,0,0.0
BNPT,Benipatti Pi,7,1.0,1,0,0.0
FGH,Fatehgarh Ha,7,1.2857142857142858,2,0,0.0
BUGL,Buglanwali,7,1.0,1,0,0.0
SWX,Saidanwala,7,1.0,1,0,0.0
APE,Andanapettai,7,1.0,1,0,0.0
SYA,Salaia,7,2.0,2,0,0.0
DZL,Dhana Ladanp,7,1.0,1,0,0.0
TGP,Tuljapur,7,1.1428571428571428,2,0,0.0
DUO,Dhaursalar H,7,1.0,1,0,0.0
NXH,Nidaghatta H,7,1.0,1,0,0.0
LAE,Lakholi,7,1.7142857142857142,2,0,0.0
NGS,Nagansur,7,1.1428571428571428,2,0,0.0
CE,Chharodi,7,2.0,2,0,0.0
DSPN,Deshapran Ph,7,1.2857142857142858,2,0,0.0
TLAM,Tulsi Ashrar,7,1.2857142857142858,2,0,0.0
BDPL,Bandarupalle,7,1.0,1,0,0.0
CYI,Chhayapuri,7,1.0,1,0,0.0
BDSW,Budhsinghwal,7,1.0,1,0,0.0
BOT,Boroti,7,1.1428571428571428,2,0,0.0
TLT,Tilati,7,1.1428571428571428,2,0,0.0
TMC,Talamanchi,7,1.1428571428571428,2,0,0.0
TMPT,Tirumalairay,7,1.0,1,0,0.0
ATH,Antah,7,1.7142857142857142,2,0,0.0
KAA,Kaurara,7,1.0,1,0,0.0
TPM,Totiyapalaiy,7,1.0,1,0,0.0
KAH,Kalhar,7,1.4285714285714286,2,0,0.0
BBPR,Babupur (Hal,7,1.0,1,0,0.0
BCD,Bansdih Road,7,1.7142857142857142,2,0,0.0
USD,Ukai Songhad,7,2.4285714285714284,7,0,0.0
UTP,Utri Pura,7,1.5714285714285714,2,0,0.0
BRMI,Brahmani,7,1.0,1,0,0.0
LMO,Liliya Mota,7,1.0,1,0,0.0
DOC,Daun Kalan,7,1.5714285714285714,2,0,0.0
LKSH,Lakshminaray,7,1.0,1,0,0.0
CHA,Chawapail,7,1.2857142857142858,2,0,0.0
KBH,Khandbara,7,2.2857142857142856,7,0,0.0
NML,Nellimarla,7,1.2857142857142858,2,0,0.0
KHU,Khurhand,7,2.0,2,0,0.0
KID,Khairar Jn.,7,2.7142857142857144,8,0,0.0
NLI,Namli,7,1.1428571428571428,2,0,0.0
KDJ,Khudaganj,7,1.4285714285714286,2,0,0.0
YAG,Yaqutganj (H,7,1.0,1,0,0.0
CBR,Chaubepur,7,1.4285714285714286,2,0,0.0
HP,Haripur,7,1.5714285714285714,2,0,0.0
DDK,Dhindsa,7,1.0,1,0,0.0
ABD,Ambli Road,7,2.2857142857142856,4,0,0.0
NAND,Nandikoor,6,1.6666666666666667,5,0,0.0
RGJI,Rangjuli,6,1.0,1,0,0.0
HND,Hindol Road,6,1.0,1,0,0.0
KMHT,Karmahat,6,1.3333333333333333,2,0,0.0
KMK,Komakhan,6,1.6666666666666667,2,0,0.0
KMKD,Khamkhed,6,1.0,1,0,0.0
DGB,Dandu Gopala,6,1.0,1,0,0.0
BWB,Bagwali,6,1.5,2,0,0.0
BWD,Belvandi,6,1.8333333333333333,2,0,0.0
BWIP,Bhawanipatna,6,5.0,5,0,0.0
MZX,Matatila,6,1.8333333333333333,2,0,0.0
MZY,Machapur,6,1.0,1,0,0.0
KGL,Kupgal,6,1.0,1,0,0.0
KGN,Kurseong,6,3.3333333333333335,10,0,0.0
NAN,Nanogaon Roa,6,1.3333333333333333,2,0,0.0
NANA,Nana,6,1.3333333333333333,2,0,0.0
WLGN,Walgaon,6,1.5,2,0,0.0
MWAD,Mowad,6,1.6666666666666667,3,0,0.0
MWE,Mewa Nawada,6,1.6666666666666667,2,0,0.0
DLP,Dalpatpur,6,1.8333333333333333,2,0,0.0
DKLU,Dolkallu,6,2.0,2,0,0.0
DKRA,Dhuankhedi,6,1.1666666666666667,2,0,0.0
DKU,Dumrikhurd,6,1.8333333333333333,2,0,0.0
WADO,Wadoda,6,1.0,1,0,0.0
WDL,Wandal,6,1.0,1,0,0.0
YAD,Yeulkhed,6,1.0,1,0,0.0
AAH,Itehar,6,2.0,2,0,0.0
KHHJ,Khatkar Kala,6,1.0,1,0,0.0
KHJ,Khajraha,6,1.8333333333333333,2,0,0.0
KHJA,Khanja Halt,6,1.3333333333333333,2,0,0.0
MZU,Marandahalli,6,1.0,1,0,0.0
WKRC,Wankaner Cit,6,1.3333333333333333,2,0,0.0
WIRR,Wirur,6,1.0,1,0,0.0
MWW,Mahwa,6,1.1666666666666667,2,0,0.0
BPW,Burhpura,6,1.8333333333333333,2,0,0.0
NJN,Naojan,6,1.1666666666666667,2,0,0.0
NKDO,Nakkanadoddi,6,1.0,1,0,0.0
NKN,Nyolikalan,6,1.3333333333333333,2,0,0.0
UM,Umerdashi,6,2.0,2,0,0.0
DMBR,Dumri Bihar,6,1.3333333333333333,2,0,0.0
DMJR,Domjur Road,6,1.0,1,0,0.0
LGCE,Lagargawan,6,1.5,2,0,0.0
UMED,Umed,6,1.0,1,0,0.0
UMNF,Ambliyasan J,6,0.0,0,0,0.0
DLA,Daulta,6,2.0,2,0,0.0
DLC,Dulmera,6,1.5,2,0,0.0
KDF,Khundaur,6,1.0,1,0,0.0
KDGH,Kodigehalli,6,1.0,1,0,0.0
KDHA,Karchha,6,1.3333333333333333,2,0,0.0
NLKT,Nalkata,6,1.0,1,0,0.0
NMG,Nimiaghat,6,1.5,2,0,0.0
AXA,Amarsar,6,1.1666666666666667,2,0,0.0
AXK,Asokhar,6,2.0,2,0,0.0
AXR,Allururoad,6,1.0,1,0,0.0
UDM,Undasa Madha,6,1.0,1,0,0.0
DML,Dharamtul,6,1.8333333333333333,4,0,0.0
DMPR,Dharampur  H,6,1.1666666666666667,2,0,0.0
DMRT,Dummuriput,6,2.0,2,0,0.0
DBI,Dabli Rathan,6,2.0,2,0,0.0
DBLA,Dabla,6,1.0,1,0,0.0
UDS,Udasar,6,1.0,1,0,0.0
UGN,Ugaon,6,1.0,1,0,0.0
UKE,Uttarkathani,6,1.0,1,0,0.0
MWK,Mordad Tanda,6,1.0,1,0,0.0
MWT,Marwar Lohaw,6,1.8333333333333333,2,0,0.0
BAC,Bargachia,6,1.0,1,0,0.0
BAD,Baad,6,1.1666666666666667,2,0,0.0
KBKN,Khabra Kalan,6,1.5,2,0,0.0
KBP,Kuberpur,6,1.0,1,0,0.0
KBR,Kabrai,6,1.6666666666666667,2,0,0.0
KBSN,Kasbe Sukene,6,1.0,1,0,0.0
MVH,Mantatti,6,1.0,1,0,0.0
TZR,Turki,6,2.0,2,0,0.0
UA,Upleta,6,1.0,1,0,0.0
UBN,Ubarni,6,1.1666666666666667,2,0,0.0
UCB,Unchi Bassi,6,1.6666666666666667,2,0,0.0
UCH,Unchaulia,6,2.0,2,0,0.0
LHD,Lohogad,6,1.0,1,0,0.0
LHNR,Lakshmanpur,6,1.3333333333333333,2,0,0.0
LIN,Lingam Guntl,6,1.0,1,0,0.0
NLBR,Nilambazar,6,1.1666666666666667,2,0,0.0
KII,Kille,6,1.0,1,0,0.0
CDK,Chandkheda R,6,1.0,1,0,0.0
BADR,Bhader,6,1.1666666666666667,2,0,0.0
NMN,Namanasamudr,6,1.0,1,0,0.0
BDHL,Badhal,6,1.0,1,0,0.0
TVI,Taradevi,6,1.1666666666666667,2,0,0.0
TVN,Tiruppuvanam,6,1.0,1,0,0.0
TVS,Talaivasal,6,1.0,1,0,0.0
DBM,Dabolim H,6,1.1666666666666667,2,0,0.0
DBN,Dhablan,6,1.6666666666666667,2,0,0.0
DN,Dhanari,6,1.6666666666666667,2,0,0.0
DNDL,Dandi Mal,6,1.0,1,0,0.0
DNE,Dhamni Halt,6,1.0,1,0,0.0
DNEA,Danea,6,1.3333333333333333,2,0,0.0
NMGT,Nimshirgaon,6,1.0,1,0,0.0
NMGY,Numaligarh R,6,1.8333333333333333,2,0,0.0
KBI,Kambarganvi,6,1.5,3,0,0.0
NNE,Nonera,6,2.0,2,0,0.0
NOA,Nosaria  Hal,6,1.0,1,0,0.0
NPK,N.Panakudi,6,1.0,1,0,0.0
AYR,Ayyalur,6,1.0,1,0,0.0
AYU,Abhayapuri A,6,1.0,1,0,0.0
BUU,Bhadanpur,6,1.5,2,0,0.0
BUX,Bhandak,6,1.1666666666666667,2,0,0.0
KTGA,Keutigua,6,2.0,2,0,0.0
KTGM,Kayasthagram,6,1.0,1,0,0.0
KTHA,Khutha,6,1.5,2,0,0.0
KTHL,Kathola (Hal,6,1.0,1,0,0.0
TUNG,Tung,6,3.1666666666666665,10,0,0.0
TUX,Tunia,6,1.0,1,0,0.0
TUY,Thiruthuraiy,6,1.0,1,0,0.0
KIE,Khiria Khurd,6,1.0,1,0,0.0
KSTH,Kashti,6,1.6666666666666667,2,0,0.0
KSWR,Kalmeshwar,6,1.3333333333333333,2,0,0.0
KTA,Kushtala,6,1.1666666666666667,2,0,0.0
DPRA,Dhupdhara,6,1.0,1,0,0.0
TRG,Tarighat,6,0.0,0,0,0.0
AE,Amreli,6,1.0,1,0,0.0
AEP,Amreli Para,6,1.0,1,0,0.0
TSAH,Tatasigua,6,1.0,1,0,0.0
LKNR,Lakhpat Naga,6,2.0,2,0,0.0
CHBS,Chaubisi,6,1.0,1,0,0.0
BRLA,Barayla Chau,6,1.0,1,0,0.0
LLGM,Leligumma,6,2.0,2,0,0.0
DNI,Dansi Ph,6,1.0,1,0,0.0
TUJ,Tanijan,6,1.1666666666666667,2,0,0.0
KAWT,Kanwat,6,1.0,1,0,0.0
KBE,Kurbhar,6,1.0,1,0,0.0
BXB,Banga,6,1.6666666666666667,2,0,0.0
DPUR,Depur Ph,6,1.6666666666666667,2,0,0.0
DQL,Dhalaibi,6,1.0,1,0,0.0
KTF,Kot Fateh,6,1.0,1,0,0.0
LO,Loliya,6,1.0,1,0,0.0
LOA,Lorha,6,1.5,2,0,0.0
NPM,Nellikuppam,6,1.0,1,0,0.0
NPR,Nepalganj Ro,6,0.0,0,0,0.0
NPT,Narasinganpe,6,1.0,1,0,0.0
NPW,Nipani Vadga,6,1.0,1,0,0.0
NPX,Narindarpura,6,1.0,1,0,0.0
KAOT,Kaotha,6,1.1666666666666667,2,0,0.0
LOHA,Loha   Halt,6,1.0,1,0,0.0
DARI,Dhari,6,3.8333333333333335,10,0,0.0
BDMA,Budhma,6,2.0,2,0,0.0
DOY,Dornahalli,6,1.0,1,0,0.0
KAGR,Kahangarh Ha,6,1.0,1,0,0.0
KALI,Kaili,6,1.1666666666666667,2,0,0.0
KANS,Kansiya Nes,6,1.0,1,0,0.0
NRNR,Nurnagar  Ha,6,1.1666666666666667,2,0,0.0
NRR,Nagarur,6,1.0,1,0,0.0
BBO,Babugarh,6,1.5,2,0,0.0
BBPM,Balabhadrapu,6,1.3333333333333333,3,0,0.0
NGZ,Shri-Kshetra,6,1.0,1,0,0.0
NHLN,Naharlagun,6,0.0,0,0,0.0
NHX,Narthar (Hal,6,1.0,1,0,0.0
NIN,Nimkana,6,1.0,1,0,0.0
NIP,Nizampur,6,1.0,1,0,0.0
BPKA,Bhopalka,6,1.5,2,0,0.0
BPRA,Baripura,6,1.5,2,0,0.0
BBTR,Barbatpur,6,1.0,1,0,0.0
BBY,Bhadroli Hal,6,2.0,2,0,0.0
DRB,Debari,6,1.0,1,0,0.0
TNI,Tandarai,6,1.0,1,0,0.0
TOK,Thokur,6,3.6666666666666665,17,0,0.0
NRY,Nyoriya Huse,6,2.0,2,0,0.0
JWNR,Jawahar Naga,6,1.0,1,0,0.0
KADL,Kumradol,6,1.0,1,0,0.0
TPB,Trilokpur (H,6,1.3333333333333333,2,0,0.0
TPC,Tiruppachett,6,1.0,1,0,0.0
TPG,Tipling,6,1.0,1,0,0.0
TPK,Tipkai,6,1.0,1,0,0.0
TPPI,Thipparthi,6,1.0,1,0,0.0
BDHN,Bodhan,6,0.0,0,0,0.0
BDHY,Budhi,6,2.0,7,0,0.0
BDKN,Bandhua Kala,6,1.0,1,0,0.0
KASH,Kultham Abdu,6,1.0,1,0,0.0
NRGR,Naranjipur,6,1.3333333333333333,2,0,0.0
BDPK,Burha Panka,6,1.0,1,0,0.0
DRW,Dharewada,6,1.6666666666666667,2,0,0.0
DRWN,Derowan Ph,6,1.0,1,0,0.0
CXA,Chandsara Ha,6,1.1666666666666667,2,0,0.0
NSRH,Niz-Sariha,6,1.0,1,0,0.0
NSS,Nawashahr Do,6,3.0,5,0,0.0
BOK,Borkhedi,6,1.0,1,0,0.0
BOKO,Boko,6,1.0,1,0,0.0
NTWL,Netawal,6,1.0,1,0,0.0
TLS,Bettahalasur,6,1.0,1,0,0.0
KSR,Kasturi (Hal,6,1.3333333333333333,2,0,0.0
LOT,Lohta,6,1.0,1,0,0.0
LPH,Lotapahar,6,1.0,1,0,0.0
LPJL,Jagityal,6,0.3333333333333333,1,0,0.0
TMPM,Timmapuram H,6,1.3333333333333333,3,0,0.0
TMT,Timtala,6,1.3333333333333333,3,0,0.0
NVLN,Navalgoan,6,1.0,1,0,0.0
TKMY,Taklimiya Ha,6,1.0,1,0,0.0
TKRP,Tikauli Rawa,6,1.0,1,0,0.0
TKYR,Tikariya,6,1.3333333333333333,2,0,0.0
TLMR,Teliamura,6,1.0,1,0,0.0
TLN,Talni,6,1.1666666666666667,2,0,0.0
TLNR,Talanallur,6,1.0,1,0,0.0
BDPG,Bada Padagao,6,1.0,1,0,0.0
JUK,Jaulka Halt,6,1.0,1,0,0.0
JUNX,Junona Halt,6,1.0,1,0,0.0
KJL,Khumgaon Bur,6,1.0,1,0,0.0
KJLU,Khari - Jhal,6,1.0,1,0,0.0
MTUR,Mathur,6,1.0,1,0,0.0
MUGA,Mahugara,6,2.0,2,0,0.0
MUGR,Manuguru,6,0.0,0,0,0.0
CDRL,Chhandrauli,6,1.0,1,0,0.0
NGTG,New Gitaldah,6,1.0,1,0,0.0
KDN,Kudatini,6,1.0,1,0,0.0
KDSD,Kudsad,6,1.3333333333333333,2,0,0.0
TJM,Turinjapuram,6,1.0,1,0,0.0
TJP,Tajpur,6,1.0,1,0,0.0
BUTA,Bhadutola Ph,6,1.0,1,0,0.0
AWP,Aghwanpur,6,1.5,2,0,0.0
KRX,Kurud,6,1.0,1,0,0.0
TKB,Tupkadih,6,1.0,1,0,0.0
TKI,Takli,6,1.0,1,0,0.0
DAE,Dahegaon,6,1.1666666666666667,2,0,0.0
NTZ,Nathwana,6,1.6666666666666667,2,0,0.0
NUA,Nua,6,1.6666666666666667,2,0,0.0
NUB,Nurabad,6,1.0,1,0,0.0
NVC,Nagalwancha,6,1.0,1,0,0.0
NVF,Nagavangala,6,1.0,1,0,0.0
JTO,Jutogh,6,1.1666666666666667,2,0,0.0
JTV,Jetalvad,6,1.0,1,0,0.0
JTY,Jethi,6,1.0,1,0,0.0
TIM,Timmanacherl,6,1.0,1,0,0.0
TIW,Tivari,6,2.0,2,0,0.0
BXHT,Boxirhat,6,1.0,1,0,0.0
KTNR,Kirtyanand N,6,2.0,2,0,0.0
KTP,Katepurna,6,1.0,1,0,0.0
KTPK,Kotha Pakki,6,1.3333333333333333,2,0,0.0
VBR,Vambori,6,1.8333333333333333,2,0,0.0
DBW,Dubia,6,1.0,1,0,0.0
DJL,Dodjala,6,1.0,1,0,0.0
BVZ,Naloi Barwa,6,1.0,1,0,0.0
BW,Biwai,6,1.0,1,0,0.0
MXW,Mahadevasal,6,1.0,1,0,0.0
MYE,Mandhali,6,1.0,1,0,0.0
OBM,Oblapuram,6,1.1666666666666667,2,0,0.0
JSPR,Jashapur,6,1.0,1,0,0.0
JSRD,Jhankad Sara,6,1.0,1,0,0.0
JSS,Jasia  Halt,6,1.0,1,0,0.0
JSV,Jarandeshwar,6,1.0,1,0,0.0
MTL,Mailam,6,1.1666666666666667,2,0,0.0
MTMI,Motumari Jn.,6,1.0,1,0,0.0
DUS,Dulrasar,6,1.0,1,0,0.0
THW,Tharwai,6,1.0,1,0,0.0
THY,Thadi,6,1.0,1,0,0.0
DTF,Dantia,6,1.0,1,0,0.0
DTR,Dhamtari,6,0.0,0,0,0.0
DTW,Datewas,6,1.0,1,0,0.0
DTX,Dangtal,6,1.0,1,0,0.0
NWB,Niwas Road,6,2.0,2,0,0.0
NXR,Nagsar Halt,6,1.8333333333333333,2,0,0.0
MTU,Matmari,6,1.0,1,0,0.0
KJ,Kajgaon,6,1.1666666666666667,2,0,0.0
KJA,Khajurhat,6,1.0,1,0,0.0
ODC,Oddanchatram,6,1.0,1,0,0.0
ODHA,Odha,6,1.0,1,0,0.0
API,Akkaraippatt,6,1.0,1,0,0.0
APJ,Amarpur-Jora,6,1.0,1,0,0.0
APK,Aruppukkotta,6,1.0,1,0,0.0
DWA,Dailwara,6,2.0,2,0,0.0
DWG,Dewanganj,6,1.3333333333333333,2,0,0.0
KSBI,Kashiabari,6,1.0,1,0,0.0
KSDE,Karsindhu Ha,6,1.0,1,0,0.0
LSE,Laseri  Halt,6,1.1666666666666667,2,0,0.0
TELY,Telia,6,1.0,1,0,0.0
TFGN,Tufanganj,6,1.0,1,0,0.0
DUM,Dhaurmui Jag,6,1.0,1,0,0.0
MADA,Maonda,6,1.0,1,0,0.0
JRZ,Joranda Road,6,1.0,1,0,0.0
ORDI,Ordi,6,1.0,1,0,0.0
ORKI,Orki Halt,6,1.3333333333333333,2,0,0.0
ORW,Orwara,6,2.0,2,0,0.0
MAHO,Maholi,6,1.8333333333333333,2,0,0.0
AGA,Agra City,6,1.3333333333333333,2,0,0.0
DXR,Digsar,6,1.3333333333333333,2,0,0.0
CVD,Chavadipalay,6,1.0,1,0,0.0
AGM,Agaram Sibba,6,1.0,1,0,0.0
BEDM,Bedham,6,1.0,1,0,0.0
BEHJ,Behaj,6,1.0,1,0,0.0
BEHT,Bihat Halt,6,1.0,1,0,0.0
BEK,Bundki,6,1.6666666666666667,2,0,0.0
TEG,Tribediganj,6,1.0,1,0,0.0
TEK,Tekkali,6,1.0,1,0,0.0
BUDA,Bhuda,6,1.0,1,0,0.0
EDN,Edamann,6,0.0,0,0,0.0
OTD,Ootward,6,1.0,1,0,0.0
OTK,Ottakovil,6,1.0,1,0,0.0
OV,Ottivakkam,6,1.1666666666666667,2,0,0.0
PAIL,Block Hut 'C,6,1.1666666666666667,2,0,0.0
EKL,Ekdil,6,1.0,1,0,0.0
BFJ,Bhoras Budru,6,1.0,1,0,0.0
TABU,Talaburu,6,1.0,1,0,0.0
CVV,Cheruvu Madh,6,1.0,1,0,0.0
CWI,Chondi,6,1.0,1,0,0.0
TBL,Tarchhera Ba,6,1.0,1,0,0.0
LXA,Lakwa,6,2.0,2,0,0.0
LYD,Layabad,6,1.0,1,0,0.0
MAA,Maval,6,1.0,1,0,0.0
MABB,Mabbi Halt,6,1.0,1,0,0.0
BUL,Bhalulata,6,1.0,1,0,0.0
ANC,Annechakanah,6,1.0,1,0,0.0
MANA,Mana,6,1.0,1,0,0.0
SXB,Sambre,6,1.1666666666666667,2,0,0.0
SXE,Sila Kheri,6,1.0,1,0,0.0
ETUE,Etmadpur,6,1.0,1,0,0.0
AMDI,Amdi,6,1.0,1,0,0.0
BNM,Baragaon,6,1.0,1,0,0.0
AWL,Alawal Pur,6,1.6666666666666667,2,0,0.0
JRNA,Jirinia,6,2.0,2,0,0.0
CTRD,Chitrawad,6,1.0,1,0,0.0
SXR,Serndanur,6,1.0,1,0,0.0
SYK,Saidkhanpur,6,1.0,1,0,0.0
SYW,Sindurwa,6,1.0,1,0,0.0
AMW,Amanvadi,6,1.0,1,0,0.0
AMZ,Amta,6,0.0,0,0,0.0
ALP,Alappakkam,6,1.0,1,0,0.0
MXP,Malupota,6,1.0,1,0,0.0
SVO,Sanvrad,6,1.0,1,0,0.0
SVT,Shivpura,6,1.0,1,0,0.0
CTT,Chitrasani,6,1.0,1,0,0.0
CTW,Chhintanwala,6,1.6666666666666667,2,0,0.0
APG,Anupganj,6,1.0,1,0,0.0
PAQ,Padiya Nagla,6,1.0,1,0,0.0
PASG,Panisagar,6,1.3333333333333333,2,0,0.0
PATA,Pata,6,1.0,1,0,0.0
FAR,Farah,6,1.1666666666666667,2,0,0.0
SVW,Shivnishivap,6,1.0,1,0,0.0
SVX,Savarda,6,1.3333333333333333,2,0,0.0
SWAR,Sewar,6,1.0,1,0,0.0
SWDE,Siwaha,6,1.0,1,0,0.0
SWF,Sathin Road,6,1.0,1,0,0.0
BXT,Bamanhat,6,0.0,0,0,0.0
BYHA,Barya Ram,6,1.1666666666666667,2,0,0.0
KRNH,Kornahalli,6,1.0,1,0,0.0
LBN,Laban,6,1.1666666666666667,2,0,0.0
LBW,Laiburwa Hal,6,1.3333333333333333,2,0,0.0
DJR,Domjur,6,1.0,1,0,0.0
DJX,Dungripali,6,2.0,2,0,0.0
DKB,Dakshinbari,6,1.0,1,0,0.0
VD,Vadadiya,6,1.3333333333333333,2,0,0.0
VDP,Vadippatti,6,1.0,1,0,0.0
VER,Vellur Halt,6,1.0,1,0,0.0
ACH,Achal Ganj,6,1.0,1,0,0.0
KTRK,Kuturukhamar,6,1.6666666666666667,2,0,0.0
KTRR,Kathara Road,6,2.3333333333333335,4,0,0.0
KTWS,Kathuwas,6,1.0,1,0,0.0
KZW,Katar Singh,6,1.0,1,0,0.0
JPO,Jora Alapur,6,2.0,2,0,0.0
ALPR,Alam Pur Roa,6,1.0,1,0,0.0
APDC,Alipur Duar,6,1.0,1,0,0.0
BFP,Bilochpura (,6,1.1666666666666667,2,0,0.0
SUM,Summit,6,1.1666666666666667,2,0,0.0
SUNM,Sunmai Halt,6,1.0,1,0,0.0
SURP,Suratpura Jn,6,1.0,1,0,0.0
SVB,Savni,6,1.0,1,0,0.0
ASAN,Asan,6,1.0,1,0,0.0
FLM,Falimari,6,1.0,1,0,0.0
MANU,Manu,6,2.0,2,0,0.0
PBD,Pedda Brahma,6,1.1666666666666667,2,0,0.0
AVRD,Aravali Road,6,1.3333333333333333,2,0,0.0
PCC,Prachi Road,6,2.0,5,0,0.0
PCMK,Pachar Malik,6,1.0,1,0,0.0
JOM,Jogimagra,6,1.5,2,0,0.0
ADE,Adri Road,6,1.0,1,0,0.0
ADIJ,Ahmedabad Jn,6,0.0,0,0,0.0
MCF,Manik Chauri,6,1.0,1,0,0.0
BGN,Borgaon,6,1.0,1,0,0.0
SSPR,Sadashibapur,6,1.0,1,0,0.0
CTHR,Chitahara,6,1.5,2,0,0.0
SSZ,Sadda Singhw,6,1.0,1,0,0.0
STDR,Satadhar,6,1.0,1,0,0.0
FRDH,Faridaha,6,1.1666666666666667,2,0,0.0
KJS,Krishnarajsa,6,1.0,1,0,0.0
PDGN,Padhegaon,6,1.6666666666666667,2,0,0.0
PDKM,Peddanayakka,6,1.0,1,0,0.0
MASK,Maisar Khana,6,1.0,1,0,0.0
KRLS,Kurlasi,6,1.3333333333333333,2,0,0.0
STRK,Sitapur Kutc,6,1.0,1,0,0.0
JOQ,Jorai,6,1.0,1,0,0.0
JNRD,Junagarh Roa,6,0.0,0,0,0.0
JOK,Jodhka,6,1.1666666666666667,2,0,0.0
BNHR,Banbihari -,6,1.0,1,0,0.0
MBV,Mirzapur Bac,6,1.0,1,0,0.0
KHSN,Khera Sandha,6,1.0,1,0,0.0
BQQ,Bakhleta,6,2.0,2,0,0.0
BQZ,Ballalpure,6,1.0,1,0,0.0
KDX,Kadabari Hat,6,1.0,1,0,0.0
KDZ,Kandaghat,6,2.6666666666666665,4,0,0.0
KZX,Khudda Koral,6,1.6666666666666667,2,0,0.0
BVNR,Bhavani Naga,6,1.0,1,0,0.0
BVV,Bedetti,6,1.0,1,0,0.0
DJD,Didarganj Ro,6,2.0,2,0,0.0
BAPN,Baraipura  H,6,1.0,1,0,0.0
BBJ,Babaganj Hal,6,2.0,2,0,0.0
BBKR,Baba Bakala,6,1.0,1,0,0.0
CRV,Chureb,6,2.0,2,0,0.0
SRMR,Srirampuram,6,1.0,1,0,0.0
SRPJ,Swarupganj,6,1.3333333333333333,2,0,0.0
SRRG,Surer,6,1.0,1,0,0.0
SRSI,Sarsi,6,2.0,2,0,0.0
MCLA,Macherla,6,0.0,0,0,0.0
KRI,Khapri,6,1.0,1,0,0.0
GAO,Gaigaon,6,1.0,1,0,0.0
SRVN,Sravanur,6,1.0,1,0,0.0
SRVT,Siruvattur H,6,1.0,1,0,0.0
BGHI,Bagahai Road,6,2.0,2,0,0.0
MBSK,Marwar- Bali,6,1.0,1,0,0.0
MBU,Melpattambak,6,1.0,1,0,0.0
PDNA,Peddadinne H,6,1.0,1,0,0.0
BNGL,Bhangala,6,2.0,2,0,0.0
BNGY,Babhanjyotiy,6,1.3333333333333333,2,0,0.0
PEC,Pencharthal,6,1.1666666666666667,2,0,0.0
PETA,Pandetola,6,1.0,1,0,0.0
PEU,Perashshannu,6,1.0,1,0,0.0
MSRP,Murhesi Ramp,6,1.0,1,0,0.0
MSS,Masarahalli,6,1.0,1,0,0.0
MSWA,Masaniwala,6,1.0,1,0,0.0
BTO,Bhitaura,6,2.0,2,0,0.0
SRL,Sarola,6,1.8333333333333333,2,0,0.0
GATD,Gautamdhara,6,1.0,1,0,0.0
BNI,Budni,6,1.6666666666666667,2,0,0.0
BNJL,Binjhol,6,1.0,1,0,0.0
PDNR,Padnur H,6,1.0,1,0,0.0
PDO,Poodoor,6,1.0,1,0,0.0
PDPH,Padapahar,6,1.0,1,0,0.0
JMS,Jamsar,6,1.6666666666666667,2,0,0.0
JMV,Jambara,6,1.3333333333333333,2,0,0.0
CRX,Carron,6,1.0,1,0,0.0
GCH,Gachhipura,6,1.6666666666666667,2,0,0.0
BGPA,Bageshpura,6,1.0,1,0,0.0
MTB,Matlabpur,6,1.5,2,0,0.0
PGG,Penganga,6,1.0,1,0,0.0
JML,Jumnal,6,1.0,1,0,0.0
CHKE,Challakere,6,1.0,1,0,0.0
BGRR,Bagarpur Hal,6,1.0,1,0,0.0
SRJK,Surajkunda,6,1.1666666666666667,2,0,0.0
AGMN,Agomoni,6,1.0,1,0,0.0
AGT,Agthori,6,1.1666666666666667,2,0,0.0
KRJD,Karjoda,6,1.0,1,0,0.0
KRKN,Karkend Ph,6,1.0,1,0,0.0
MDC,Makardaha,6,1.0,1,0,0.0
MDG,Mandalghat,6,1.0,1,0,0.0
JNK,Jhinkpani,6,1.0,1,0,0.0
SPX,Sapatgram,6,1.3333333333333333,2,0,0.0
SPY,Sarsonpuri,6,1.0,1,0,0.0
CHLR,Chhalesar,6,1.0,1,0,0.0
BMZ,Bamour Gaon,6,2.0,2,0,0.0
PH,Panoh,6,1.1666666666666667,2,0,0.0
PHM,Patapatnam,6,1.0,1,0,0.0
CCK,Chichaki,6,1.6666666666666667,2,0,0.0
MRV,Marsul,6,1.0,1,0,0.0
SQJ,Saila Khurd,6,1.0,1,0,0.0
SQQ,Salagaon,6,1.0,1,0,0.0
SRBG,Sarobag,6,1.0,1,0,0.0
SRDR,Sardarsahar,6,0.0,0,0,0.0
MDLE,Mandar Hill,6,2.1666666666666665,5,0,0.0
MDPD,Manda Padu,6,1.0,1,0,0.0
KQS,Kailaras,6,2.0,2,0,0.0
BGNP,Banagalapall,6,1.1666666666666667,2,0,0.0
GDHA,Godha,6,1.1666666666666667,2,0,0.0
GDO,Goverdhan,6,1.0,1,0,0.0
KRC,Kiroda,6,1.0,1,0,0.0
MRZA,Mirza,6,1.0,1,0,0.0
MSDR,Murshadpur,6,1.6666666666666667,2,0,0.0
PHY,Phariha,6,2.0,2,0,0.0
PIH,Parihara,6,1.1666666666666667,2,0,0.0
JLF,Julmi,6,1.3333333333333333,2,0,0.0
JLI,Jalalsi Ph,6,1.0,1,0,0.0
JLLO,Jhilo,6,1.0,1,0,0.0
MEE,Methai F,6,1.0,1,0,0.0
GDPT,Gudaparti,6,1.1666666666666667,2,0,0.0
GDRA,Gangadhara,6,1.0,1,0,0.0
GDX,Ghoksadanga,6,1.3333333333333333,2,0,0.0
SOL,Solan,6,2.1666666666666665,3,0,0.0
SPV,Sivapur,6,1.0,1,0,0.0
GEA,Ghatera,6,2.0,2,0,0.0
GEOR,Gunjaria,6,1.0,1,0,0.0
CQL,Chirakkal Ha,6,1.0,1,0,0.0
CQS,Capper Quarr,6,1.0,1,0,0.0
SNRA,Sanwara Halt,6,1.3333333333333333,2,0,0.0
SNVR,Sanvatsar,6,1.0,1,0,0.0
BGUA,Baiguda,6,2.0,2,0,0.0
BGY,Bangriposi,6,0.0,0,0,0.0
JLWC,Jhalawar Cit,6,0.0,0,0,0.0
JMD,Jamdha,6,2.0,2,0,0.0
JMDG,Jammalamadug,6,1.0,1,0,0.0
PJY,Parjani  Hal,6,1.0,1,0,0.0
PKBS,Peeplee - Ka,6,1.0,1,0,0.0
PKDE,Pilu Khera,6,1.1666666666666667,2,0,0.0
BHAW,Block Hut(A),6,1.0,1,0,0.0
SOB,Silanibari,6,1.0,1,0,0.0
KUM,Kuram,6,1.0,1,0,0.0
KUND,Kund,6,1.0,1,0,0.0
VKP,Varakalpattu,6,1.0,1,0,0.0
GGR,Gangrar,6,1.1666666666666667,2,0,0.0
GGT,Ghunghuti,6,1.8333333333333333,2,0,0.0
MELH,Melusar,6,1.0,1,0,0.0
MEQ,Malethu Kana,6,1.0,1,0,0.0
MES,Madurai East,6,1.0,1,0,0.0
MRHA,Murahara,6,1.0,1,0,0.0
MROA,Mora,6,1.0,1,0,0.0
MFC,Monabari,6,1.0,1,0,0.0
KPO,Karanpura,6,1.0,1,0,0.0
SNKG,Sankara Gumm,6,1.0,1,0,0.0
SNKX,Sankra   Hal,6,1.0,1,0,0.0
SNMY,Sindri Marsh,6,1.5,2,0,0.0
SNPH,Shankapur Ha,6,1.0,1,0,0.0
MRSH,Morshi,6,2.1666666666666665,3,0,0.0
JLBR,Jhaluarbar,6,1.0,1,0,0.0
PKRD,Pakariya Roa,6,1.5,2,0,0.0
PLH,Parlakimidi,6,2.0,2,0,0.0
VHGN,Wihirgaon,6,1.0,1,0,0.0
VJP,Vijaypur,6,2.0,2,0,0.0
VKM,Venkateshapu,6,1.1666666666666667,2,0,0.0
DHWN,Daniyawan Fl,6,2.0,2,0,0.0
DIBL,Dholi (Bhal),6,1.0,1,0,0.0
KYX,Karhiya Bhad,6,2.0,2,0,0.0
KYY,Kariha Halt,6,1.0,1,0,0.0
KUGT,Kumarghat,6,2.0,2,0,0.0
CGH,Cholang,6,1.6666666666666667,2,0,0.0
KHRA,Kachera,6,1.0,1,0,0.0
KHRI,Kharkhari,6,1.0,1,0,0.0
KULH,Kulha Halt,6,1.0,1,0,0.0
MGD,Mugad,6,1.1666666666666667,2,0,0.0
MGKM,Mangiakami,6,1.0,1,0,0.0
KORI,Khori,6,1.0,1,0,0.0
JJ,Jajau,6,1.3333333333333333,2,0,0.0
JJA,Jajanpatti,6,1.0,1,0,0.0
JJJ,Jaijon Doaba,6,0.0,0,0,0.0
BMKJ,Bhimkhoj,6,1.6666666666666667,2,0,0.0
GHNH,Ghantikal Ni,6,1.0,1,0,0.0
SMND,Sarmatanr,6,1.3333333333333333,2,0,0.0
SMPA,Shyampura,6,1.8333333333333333,2,0,0.0
SMRL,Samarala,6,1.6666666666666667,2,0,0.0
SMV,Sumaoli,6,2.5,5,0,0.0
SNB,Satnaur Bade,6,1.0,1,0,0.0
SNCA,Singra,6,1.0,1,0,0.0
SNDI,Sendurai,6,1.0,1,0,0.0
SNDT,Sindri Town,6,0.0,0,0,0.0
SLRP,Salarpur,6,1.0,1,0,0.0
SLTH,Sillakkudi,6,1.0,1,0,0.0
BHK,Badhari Kala,6,1.6666666666666667,2,0,0.0
PLU,Patakottache,6,1.0,1,0,0.0
PLW,Pingleshwar,6,1.0,1,0,0.0
PMB,Pullambadi,6,1.0,1,0,0.0
PMKT,Pimpalkhuti,6,2.0,2,0,0.0
PMN,Paman,6,2.0,2,0,0.0
PMO,Pandoli,6,1.1666666666666667,2,0,0.0
PMT,Pullampet,6,1.3333333333333333,2,0,0.0
GIBP,Ghogi Bariar,6,1.0,1,0,0.0
GIL,Gaisal,6,1.0,1,0,0.0
GILA,Ghiala,6,1.1666666666666667,2,0,0.0
KPRR,Kotapar Road,6,1.6666666666666667,2,0,0.0
MFQ,Mahroi,6,2.0,2,0,0.0
MGB,Mudigubba,6,1.1666666666666667,2,0,0.0
KXK,Kharkhauda,6,1.6666666666666667,2,0,0.0
SKVL,Sankaval,6,1.0,1,0,0.0
BHKL,Bhakrauli,6,1.0,1,0,0.0
BHM,Bahram,6,1.6666666666666667,2,0,0.0
GKB,Ghatkavarana,6,1.0,1,0,0.0
GLGT,Golaghat,6,2.0,2,0,0.0
SLM,Somalapuram,6,4.5,21,0,0.0
PNB,Panbari,6,1.6666666666666667,2,0,0.0
AKR,Akolner,6,1.8333333333333333,2,0,0.0
JHA,Jakhaura,6,2.0,2,0,0.0
JHK,Jethuke,6,1.5,2,0,0.0
KKL,Kala Bakra,6,1.6666666666666667,2,0,0.0
BRUD,Barud,6,1.6666666666666667,2,0,0.0
SLOR,Seloo Road,6,1.0,1,0,0.0
SLR,Salogra,6,1.3333333333333333,2,0,0.0
GJTA,Gurudijhatia,6,1.0,1,0,0.0
MRG,Margherita,6,2.0,2,0,0.0
PNDP,Pandillapall,6,1.0,1,0,0.0
CAJ,Chakraj Mal,6,1.3333333333333333,2,0,0.0
GMG,Gumgaon,6,1.0,1,0,0.0
SKPI,Sikripai,6,2.0,2,0,0.0
VL,Vilad,6,1.8333333333333333,2,0,0.0
VLG,Vali Gonda,6,1.0,1,0,0.0
DHL,Devanhalli,6,0.6666666666666666,1,0,0.0
DHRJ,Dhirganj,6,1.0,1,0,0.0
DHRN,Dhurana,6,1.0,1,0,0.0
NDPR,Nandapur,6,1.0,1,0,0.0
KEV,Kela Devi,6,1.0,1,0,0.0
NDT,Nathdwara,6,3.0,12,0,0.0
VPJ,Vaiyampatti,6,1.0,1,0,0.0
DGJ,Dungar Road,6,1.0,1,0,0.0
DGW,Dhigawara,6,1.0,1,0,0.0
BMK,Birang Khera,6,1.8333333333333333,2,0,0.0
BMKD,Bellam Konda,6,1.0,1,0,0.0
PNGI,Panangudi,6,1.0,1,0,0.0
PNGR,Pingora,6,1.0,1,0,0.0
PNI,Puraini,6,1.5,2,0,0.0
PNSD,Pangarshinde,6,1.0,1,0,0.0
MGWD,Mahangarwal,6,1.0,1,0,0.0
MHAD,Mohadi Praga,6,1.0,1,0,0.0
CNPI,Chandanpahar,6,1.0,1,0,0.0
BHTL,Bhatel,6,1.5,2,0,0.0
SKAP,Skpara,6,1.0,1,0,0.0
SKLR,Sakleshpur,6,8.333333333333334,10,0,0.0
SKNR,Shakarnagar,6,1.0,1,0,0.0
GLNA,Golana  Halt,6,1.0,1,0,0.0
BRVR,Borvihir,6,1.0,1,0,0.0
BRYC,Bareilly Can,6,1.6666666666666667,2,0,0.0
SIKD,Sikroda Kwan,6,1.8333333333333333,2,0,0.0
SIM,Shri Amirgad,6,1.0,1,0,0.0
SIPA,Singhpokhari,6,1.0,1,0,0.0
KKET,Kamrup Khetr,6,1.3333333333333333,2,0,0.0
KKG,Kekatumar,6,1.0,1,0,0.0
POK,Pokaran,6,25.333333333333332,33,1,16.666666666666664
JGBR,Jogeswar Bih,6,1.1666666666666667,2,0,0.0
SISN,Sisauna,6,1.0,1,0,0.0
SIY,Sirri,6,1.0,1,0,0.0
SJER,Sanjarpur (H,6,1.0,1,0,0.0
SJKL,Surjakamal,6,1.1666666666666667,2,0,0.0
GMU,Gauriyamau,6,1.0,1,0,0.0
ANMD,Arangmahanad,6,1.6666666666666667,2,0,0.0
BTGH,Bettadanagen,6,1.0,1,0,0.0
JGKS,Jigni Khas (,6,1.3333333333333333,2,0,0.0
JGNR,Jogendra Nag,6,1.0,1,0,0.0
BARI,Bari,6,0.6666666666666666,1,0,0.0
BASN,Adra,6,1.0,1,0,0.0
KONA,Kona Ph,6,1.0,1,0,0.0
CNR,Chandar,6,1.0,1,0,0.0
GNGL,Gangauli (Ha,6,1.0,1,0,0.0
GNJB,Gopinathjew,6,1.0,1,0,0.0
CHPT,Chatrappatti,6,1.0,1,0,0.0
POM,Punthottam,6,1.0,1,0,0.0
PORA,Pora,6,1.0,1,0,0.0
JBX,Jabri,6,1.1666666666666667,2,0,0.0
JDH,Jam Jodhpur,6,1.0,1,0,0.0
JDL,Jagdevwala,6,1.5,2,0,0.0
SHW,Samhon,6,1.0,1,0,0.0
SHX,Shukarullahp,6,1.0,1,0,0.0
SHZ,Summer Hill,6,5.833333333333333,20,0,0.0
SIF,Sirli,6,1.0,1,0,0.0
PPLC,Pimpla Chaur,6,1.0,1,0,0.0
PPLI,Pipli,6,1.1666666666666667,2,0,0.0
PPNS,Pappinisseri,6,1.0,1,0,0.0
JAN,Jarangdih,6,1.3333333333333333,2,0,0.0
MPNH,Majnupur Naw,6,1.0,1,0,0.0
KXM,Kitham,6,1.1666666666666667,2,0,0.0
KXX,Kata Road,6,1.0,1,0,0.0
DHI,Dhule,6,0.0,0,0,0.0
VRG,Vikram Nagar,6,1.3333333333333333,2,0,0.0
BBGN,Barua Bamung,6,2.0,2,0,0.0
VRT,Vriddhachala,6,1.0,1,0,0.0
VST,Vijaysota,6,2.0,2,0,0.0
DGD,Dangidahar,6,1.6666666666666667,2,0,0.0
VVA,Varvala,6,1.3333333333333333,2,0,0.0
NCA,Nizchatia,6,1.0,1,0,0.0
BRKB,Bharat Khand,6,1.0,1,0,0.0
KKNH,Karukhirharn,6,1.0,1,0,0.0
KKRL,Kakrala Halt,6,1.6666666666666667,2,0,0.0
JBG,Jung Bahadur,6,1.8333333333333333,2,0,0.0
JBS,Jadoli Ka Ba,6,1.0,1,0,0.0
PPTN,Piprithan,6,1.1666666666666667,2,0,0.0
PPU,Piparpur,6,1.0,1,0,0.0
SGRM,Singaram,6,2.0,2,0,0.0
SHF,Shirud,6,2.0,2,0,0.0
SHGN,Shri Ghasi N,6,1.0,1,0,0.0
BHTS,Bhatasa (Hal,6,1.0,1,0,0.0
BHU,Bhandu Moti,6,1.5,2,0,0.0
MHDB,Mahadia Ph,6,1.0,1,0,0.0
MHF,Mohari,6,1.0,1,0,0.0
MHLN,Mahendralaln,6,1.0,1,0,0.0
KOHR,Kohir(Deccan,6,2.5,10,0,0.0
PPEA,Paparera,6,1.0,1,0,0.0
GOPA,Ghosipura,6,2.5,5,0,0.0
GOS,Ghosrana,6,1.0,1,0,0.0
GOT,Got (Halt),6,1.0,1,0,0.0
GOVR,Govindnagar,6,2.0,2,0,0.0
GOX,Gobindpur Du,6,1.0,1,0,0.0
KONN,Konnur Halt,6,1.0,1,0,0.0
KONY,Kisoni,6,1.0,1,0,0.0
MHUL,Mahuwala Hal,6,1.1666666666666667,2,0,0.0
MHUR,Mohanpur,6,1.0,1,0,0.0
MIA,Mania,6,1.3333333333333333,2,0,0.0
KNRG,Kanhargaon N,6,1.0,1,0,0.0
KNSR,Kanasar,6,1.5,2,0,0.0
BILA,Bheslana,6,1.0,1,0,0.0
BIML,Bhimal,6,1.0,1,0,0.0
BINR,Brij Nagar,6,1.0,1,0,0.0
KKMB,Kastla-Kasma,6,1.0,1,0,0.0
PRGA,Paharjaganga,6,1.0,1,0,0.0
PRK,Parkham,6,1.0,1,0,0.0
PRM,Pirumadara (,6,1.0,1,0,0.0
MPH,Mundha Pande,6,1.6666666666666667,2,0,0.0
MPLI,Minnampalli,6,1.0,1,0,0.0
KKTI,Kuttakudi,6,1.0,1,0,0.0
SEPR,Sherpur,6,1.0,1,0,0.0
SEW,Sehal Halt,6,1.0,1,0,0.0
SFDE,Safidon,6,2.0,2,0,0.0
SFE,Sanodiya,6,1.0,1,0,0.0
SFR,Safrai,6,2.0,2,0,0.0
SGBJ,Surgaon Banj,6,1.6666666666666667,2,0,0.0
BLSN,Belsonda,6,1.6666666666666667,2,0,0.0
BLX,Bolai,6,1.1666666666666667,2,0,0.0
JAL,Jawali,6,1.3333333333333333,2,0,0.0
JALD,Jaliadewani,6,1.0,1,0,0.0
GOZ,Golsar,6,1.0,1,0,0.0
KODN,Kodumunda Ha,6,1.0,1,0,0.0
MIH,Mihrawan,6,1.0,1,0,0.0
KLAD,Kalanad Halt,6,1.0,1,0,0.0
PRNT,Periyanagath,6,1.0,1,0,0.0
CIT,Chitali,6,1.6666666666666667,2,0,0.0
MINA,Miyana,6,2.0,2,0,0.0
KNJJ,Kannjara Hal,6,1.0,1,0,0.0
GPDE,Gudipudi,6,1.0,1,0,0.0
GRAK,Garkha F,6,1.0,1,0,0.0
BIZ,Baihata,6,1.0,1,0,0.0
BJA,Bijrotha,6,2.0,2,0,0.0
AHZ,Adhinpur,6,1.0,1,0,0.0
AIA,Ajarka,6,1.0,1,0,0.0
SEN,Senapura,6,1.0,1,0,0.0
PRDT,Proddatur,6,1.0,1,0,0.0
MJH,Maju (Ph),6,1.0,1,0,0.0
PRUR,Prithwirajpu,6,1.1666666666666667,2,0,0.0
PRV,Pukkiravari,6,1.0,1,0,0.0
PRWD,Parewadi,6,1.3333333333333333,2,0,0.0
PSL,Parisal,6,1.0,1,0,0.0
MOI,Mori Bera,6,1.3333333333333333,2,0,0.0
MOMU,Molakalmuru,6,1.0,1,0,0.0
MONR,Mohanur,6,1.1666666666666667,2,0,0.0
MOP,Mohitnagar,6,1.0,1,0,0.0
MOPR,Mohanpura Ha,6,1.5,2,0,0.0
ARPL,Arepalli Hal,6,1.0,1,0,0.0
ARW,Ahraura Road,6,1.3333333333333333,2,0,0.0
GRCP,G.Ramachandr,6,1.6666666666666667,2,0,0.0
GRHM,Gir Gadhada,6,1.0,1,0,0.0
BIRL,Biraul,6,0.0,0,0,0.0
BIS,Biswa Bridge,6,1.0,1,0,0.0
BAH,Bhabhar,6,2.0,2,0,0.0
SCE,Senchoa Jn,6,1.8333333333333333,2,0,0.0
AS,Arjansar,6,2.0,2,0,0.0
SCN,Sondha Road,6,2.0,2,0,0.0
SCPD,Suchipind Ha,6,1.8333333333333333,2,0,0.0
MORA,Moraiya,6,1.0,1,0,0.0
PST,Posoita,6,1.0,1,0,0.0
PTHL,Pantihal Ph,6,1.0,1,0,0.0
ILA,Silaiman,6,1.0,1,0,0.0
INJ,Innanje,6,1.8333333333333333,6,0,0.0
IQG,Iqbal Gadh,6,1.1666666666666667,2,0,0.0
SCPR,Shyama Chara,6,1.0,1,0,0.0
ARN,Arand,6,1.6666666666666667,2,0,0.0
ARNA,Arniya,6,1.0,1,0,0.0
ARNH,Arjunahalli,6,1.0,1,0,0.0
MJE,Mujnai,6,1.0,1,0,0.0
MKDI,Makudi,6,1.0,1,0,0.0
BSW,Baneswar,6,1.0,1,0,0.0
BSWA,Baiswara,6,1.0,1,0,0.0
GRU,Garopara Hal,6,1.0,1,0,0.0
GS,Godhneshwar,6,1.0,1,0,0.0
GSA,Guagachha,6,1.0,1,0,0.0
GSB,Garna Sahib,6,1.0,1,0,0.0
GSD,Ghosunda,6,1.0,1,0,0.0
BJI,Bijauli,6,1.8333333333333333,2,0,0.0
BLSD,Balsamand,6,1.0,1,0,0.0
PTRE,Patara,6,2.0,2,0,0.0
PTWA,Patwara,6,1.5,2,0,0.0
IDM,Indemau,6,1.0,1,0,0.0
BJL,Brahmajan,6,1.0,1,0,0.0
BAGA,Bhagega,6,1.0,1,0,0.0
BAGD,Bagwada,6,1.1666666666666667,2,0,0.0
SBIC,Sabarmati Jn,6,2.0,2,0,0.0
MJZ,Majhola Paka,6,0.0,0,0,0.0
KXF,Kampil Road,6,1.0,1,0,0.0
KXG,Kharia Khang,6,1.1666666666666667,2,0,0.0
KXI,Kurumurthi,6,1.0,1,0,0.0
KURN,Khukrana Hal,6,1.1666666666666667,2,0,0.0
KURO,Korari,6,1.0,1,0,0.0
NARA,Nara Halt,6,1.0,1,0,0.0
KGF,Katghar,6,1.1666666666666667,2,0,0.0
NB,Nimbhora,6,1.3333333333333333,2,0,0.0
BRGL,Burgula Halt,6,1.0,1,0,0.0
NBT,Naya Bhagira,6,1.0,1,0,0.0
NBX,Nizbarganj,6,1.0,1,0,0.0
VYK,Vilayat Kala,6,1.5,2,0,0.0
DEV,Devarayi,6,1.5,2,0,0.0
MKD,Markundi,6,1.3333333333333333,2,0,0.0
KNGN,Kanhegaon,6,1.6666666666666667,2,0,0.0
KNGR,Kashinagar P,6,1.0,1,0,0.0
SAD,Sonada,6,3.5,10,0,0.0
SAGM,Sagma,6,1.5,2,0,0.0
SAHA,Sarahula Hal,6,1.5,2,0,0.0
SAKD,Suprakandi,6,1.0,1,0,0.0
SAMT,Salem Market,6,1.1666666666666667,2,0,0.0
SANH,Sanha Halt,6,1.0,1,0,0.0
SAO,Sagoni,6,2.0,2,0,0.0
SASG,Sasan Gir,6,1.0,1,0,0.0
IKI,Itikyala,6,1.0,1,0,0.0
PUC,Puduchatiram,6,1.0,1,0,0.0
PUF,Pauta (Halt),6,1.0,1,0,0.0
GSR,Garhshankar,6,1.0,1,0,0.0
GSW,Gurusar Sehn,6,2.0,2,0,0.0
SAV,Savda,6,1.3333333333333333,2,0,0.0
KLKA,Koilakuntla,6,1.0,1,0,0.0
HWR,Hatwar,6,1.0,1,0,0.0
ICG,Ichchangadu,6,1.0,1,0,0.0
BSA,Bhainsa,6,1.0,1,0,0.0
KLS,Kolatur,6,1.0,1,0,0.0
AJUG,Abjuganj,6,1.0,1,0,0.0
AKNR,Adhyatmik Na,6,1.0,1,0,0.0
PUSA,Pusla,6,2.0,2,0,0.0
MNX,Manganallur,6,1.0,1,0,0.0
MOA,Manopad,6,1.0,1,0,0.0
KLGM,Kallagam,6,1.0,1,0,0.0
KLH,Khemli,6,1.0,1,0,0.0
KLHD,Kolhadi,6,1.0,1,0,0.0
CATD,Chataud,6,1.0,1,0,0.0
KNDI,Kandrori,6,1.8333333333333333,2,0,0.0
KNDL,Khandel,6,1.0,1,0,0.0
KLSX,Kaulseri,6,1.3333333333333333,2,0,0.0
CBH,Chaube,6,1.5,2,0,0.0
CBJ,Clutterbuckg,6,1.8333333333333333,2,0,0.0
BLMK,Bhalumaska,6,2.0,2,0,0.0
GWO,Gwalior (Ng),6,0.0,0,0,0.0
CMA,Cinnamara,6,2.0,2,0,0.0
RVG,Revelganj Gh,6,1.1666666666666667,2,0,0.0
RVH,Raipur R-V B,6,1.6666666666666667,2,0,0.0
RWJ,Rawanjna,6,1.1666666666666667,2,0,0.0
RY,Rayaka,6,1.0,1,0,0.0
RYC,Rayakottai,6,1.0,1,0,0.0
RYT,Rayatpura,6,2.0,2,0,0.0
RZN,Rauzagaon,6,1.0,1,0,0.0
GUNS,Ghunas Halt,6,1.3333333333333333,2,0,0.0
MKLI,Makrauli,6,1.0,1,0,0.0
CATA,Chhata-Ascha,6,1.0,1,0,0.0
QXR,Kuchesar Roa,6,1.5,2,0,0.0
RA,Ramparda,6,1.3333333333333333,2,0,0.0
RAGM,Rajagambiram,6,1.0,1,0,0.0
RTZ,Ratona,6,1.8333333333333333,2,0,0.0
CMR,Chamrola,6,1.0,1,0,0.0
MKSP,Mukhasa Paru,6,1.0,1,0,0.0
AMGA,Amjonga,6,1.0,1,0,0.0
AMLI,Amli,6,1.3333333333333333,2,0,0.0
AMLO,Amlo,6,1.3333333333333333,2,0,0.0
KMSI,Kurusi,6,1.0,1,0,0.0
KNB,Kaniyambadi,6,1.0,1,0,0.0
GZA,Gurujala,6,1.0,1,0,0.0
RUL,Ravli,6,2.0,2,0,0.0
BAHN,Babhan Gaon,6,1.0,1,0,0.0
BAHP,Band Hamirpu,6,1.0,1,0,0.0
GVH,Govindgarh,6,1.0,1,0,0.0
HDC,Harishdadpur,6,1.0,1,0,0.0
RAH,Ramgarh,6,1.0,1,0,0.0
RAHA,Raha,6,1.0,1,0,0.0
RAKL,Rethorakalan,6,2.0,2,0,0.0
HVD,Halvad,6,2.0,2,0,0.0
ARE,Arnetha,6,1.1666666666666667,2,0,0.0
MLC,Malkisar,6,2.0,2,0,0.0
MLDE,Madlauda,6,1.0,1,0,0.0
MLKA,Maluka,6,1.0,1,0,0.0
HDGR,Hadgaon Road,6,1.0,1,0,0.0
RRU,Rayaru,6,1.8333333333333333,2,0,0.0
RSH,Ratan Sahar,6,1.3333333333333333,2,0,0.0
HAR,Hamirpur Roa,6,2.0,2,0,0.0
HBLN,Hbl Nagar H,6,1.0,1,0,0.0
RTK,Ramtek,6,0.0,0,0,0.0
PW,Pirwa,6,1.0,1,0,0.0
BSPX,Banspani,6,1.3333333333333333,2,0,0.0
RBR,Ribada,6,1.0,1,0,0.0
HSY,Harsinghpur,6,1.0,1,0,0.0
KLWL,Kilanwali Pu,6,1.3333333333333333,2,0,0.0
KLYH,Kallur Yedah,6,1.0,1,0,0.0
KLYN,Khileriyan,6,1.0,1,0,0.0
MNH,Munsirhat Ph,6,1.0,1,0,0.0
MNHA,Mindha,6,1.0,1,0,0.0
BSQ,Barsi Takli,6,1.0,1,0,0.0
MLQ,Malkera Jn,6,1.0,1,0,0.0
BJRA,Bhajera,6,1.0,1,0,0.0
BJUD,Bajud,6,1.0,1,0,0.0
AJK,Ajakollu Hal,6,1.0,1,0,0.0
HBW,Habibwala,6,1.5,2,0,0.0
HCM,Harischandra,6,1.0,1,0,0.0
HCNR,Harichandanp,6,1.3333333333333333,2,0,0.0
RNJD,Ranjan Gaon,6,1.6666666666666667,2,0,0.0
RNKA,Runkuta,6,1.1666666666666667,2,0,0.0
CLKN,Chuchela Kal,6,1.0,1,0,0.0
HEB,Hebbal,6,1.6666666666666667,4,0,0.0
RCA,Rentachin Ta,6,1.0,1,0,0.0
RCG,Rachagunneri,6,1.0,1,0,0.0
BKTW,Baikunth Wes,6,1.3333333333333333,2,0,0.0
BKWA,Bakayanwala,6,1.3333333333333333,2,0,0.0
CKV,Cherukuvada,6,1.0,1,0,0.0
HET,Hetampur,6,1.8333333333333333,2,0,0.0
HDU,Hardua,6,2.0,2,0,0.0
CLC,Chalala,6,1.0,1,0,0.0
MLMG,Mallemadugu,6,1.0,1,0,0.0
BSI,Basbari,6,1.0,1,0,0.0
BSJ,Bhupal Sagar,6,1.0,1,0,0.0
BSKO,Banskho,6,1.0,1,0,0.0
HK,Helak,6,1.0,1,0,0.0
RMH,Rangmahal,6,1.6666666666666667,2,0,0.0
RMNR,Rahmat Nagar,6,1.0,1,0,0.0
RMW,Roshan Mau H,6,1.0,1,0,0.0
MLR,Malkhed,6,1.0,1,0,0.0
MLSU,Malsailu Hal,6,1.0,1,0,0.0
KMM,Kannamangala,6,1.0,1,0,0.0
CKYD,Chakra Road,6,1.0,1,0,0.0
BLC,Bolda,6,1.0,1,0,0.0
RDG,Raya Drug,6,2.0,5,0,0.0
RDV,Radha Balamp,6,1.0,1,0,0.0
REM,Reddi Gudem,6,1.0,1,0,0.0
RES,Rasauli,6,1.0,1,0,0.0
HRE,Hirodih,6,1.5,2,0,0.0
KMNP,Kishan-Manpu,6,1.0,1,0,0.0
KMPH,Kamalpur Hal,6,1.0,1,0,0.0
RKX,Rukhi Halt,6,1.0,1,0,0.0
RLO,Rayalcheruvu,6,1.1666666666666667,2,0,0.0
BKDE,Budha Khera,6,1.0,1,0,0.0
HKL,Harkia Khal,6,1.1666666666666667,2,0,0.0
HLB,Hadala Bhal,6,1.6666666666666667,5,0,0.0
BKIT,Bindadkatti,6,1.0,1,0,0.0
BKKS,Bakkas,6,1.0,1,0,0.0
BKLA,Bakulha,6,1.6666666666666667,2,0,0.0
RM,Rajmane,6,1.0,1,0,0.0
HHT,Habanghatta,6,1.0,1,0,0.0
HRH,Harthala,6,1.5,3,0,0.0
KMLI,Kamli,6,1.6666666666666667,2,0,0.0
KMLM,Kelamangalam,6,1.0,1,0,0.0
MMP,Mambalappatt,6,1.0,1,0,0.0
MMY,Marwar Matha,6,1.8333333333333333,2,0,0.0
MNDA,Mandura,6,1.0,1,0,0.0
DCP,Dal Chapra F,6,1.0,1,0,0.0
BWPB,Bhawanipur B,6,1.0,1,0,0.0
RIM,Rajim,6,0.0,0,0,0.0
KW,Khervadi,6,1.0,1,0,0.0
WGJ,Warisganj Ha,6,1.0,1,0,0.0
ABGT,Arabagatta,6,1.0,1,0,0.0
YDV,Yadvendranag,6,1.0,1,0,0.0
RJGR,Rajathgarh J,6,1.0,1,0,0.0
HMBD,Humnabad,6,0.6666666666666666,1,0,0.0
RJMP,Rajmalpur Ro,6,1.1666666666666667,2,0,0.0
RJS,Rajiyasar,6,1.6666666666666667,2,0,0.0
RKS,Sarai Rani,6,2.0,2,0,0.0
BKNA,Bakaina Halt,6,1.0,1,0,0.0
BKNM,Bankra Nayab,6,1.0,1,0,0.0
WOC,Warud Orange,6,2.0,2,0,0.0
HPA,Hampapura,6,1.0,1,0,0.0
ABW,Abutara Halt,6,1.0,1,0,0.0
YDP,Yedapalli  H,6,1.0,1,0,0.0
DEEG,Deeg,6,1.0,1,0,0.0
DELO,Deorakot,6,1.0,1,0,0.0
ACG,Achegaon,6,1.0,1,0,0.0
HLDD,Haldi Road,6,2.0,2,0,0.0
HLKH,Hallikhed,6,2.6666666666666665,11,0,0.0
HLP,Haldharpur F,6,1.1666666666666667,2,0,0.0
HLV,Haliyuru,6,1.0,1,0,0.0
MLYR,Melnariyappa,6,1.0,1,0,0.0
KM,Kalem,6,1.5,3,0,0.0
KMGH,Kamarganj,6,1.0,1,0,0.0
CBT,Char Batia,6,1.0,1,0,0.0
DDNA,Dudhaunda (H,6,1.0,1,0,0.0
KVGM,Kolvagram,6,1.0,1,0,0.0
AAR,Adesar,6,2.0,2,0,0.0
DWD,Dhekwad,5,1.4,2,0,0.0
HMG,Hamir Garh,5,1.4,2,0,0.0
HMRR,Hamarapur,5,1.0,1,0,0.0
LSGS,Lavan Satyag,5,1.0,1,0,0.0
TBV,Timbarva,5,1.0,1,0,0.0
BOBS,Bobas,5,1.0,1,0,0.0
SZA,Sarotra Road,5,1.0,1,0,0.0
BENL,Benal H,5,1.0,1,0,0.0
BET,Bareth,5,1.4,2,0,0.0
CTPR,Chinta Parru,5,1.0,1,0,0.0
KRSL,Krishnashila,5,2.0,2,0,0.0
MTJL,Motijheel,5,2.0,2,0,0.0
PATI,Parsa Tiwari,5,2.0,2,0,0.0
SWC,Shivrampur,5,2.0,2,0,0.0
BUGY,Bugia,5,1.0,1,0,0.0
TIC,Timmachipura,5,1.0,1,0,0.0
JON,Johna,5,1.0,1,0,0.0
JONR,Jeonara,5,1.2,2,0,0.0
MAND,Mandurai Hal,5,1.0,1,0,0.0
SUH,Sulehalli,5,1.0,1,0,0.0
KSAR,Kudala Sanga,5,1.0,1,0,0.0
STLB,Sitalpur (Be,5,1.0,1,0,0.0
JPV,Jmtra Parasw,5,1.2,2,0,0.0
PDE,Pindrai,5,2.0,2,0,0.0
TKRA,Tikra Ph,5,1.0,1,0,0.0
BGMR,Bagumra,5,1.2,2,0,0.0
SSIA,Suisa,5,1.0,1,0,0.0
BDPA,Badalpur Ph,5,1.0,1,0,0.0
JNE,Janiyana,5,1.0,1,0,0.0
BTKP,Bharat Kup,5,2.0,2,0,0.0
AHD,Aherwadi H,5,1.0,1,0,0.0
CHK,Chakeri,5,1.0,1,0,0.0
MDB,Mandor,5,47.2,230,1,20.0
CSM,Cansaulim,5,1.0,1,0,0.0
PGMD,Pragati Maid,5,1.0,1,0,0.0
HOH,Honaganahall,5,1.0,1,0,0.0
KSQ,Kanspur Guga,5,1.0,1,0,0.0
BUQ,Bargi,5,2.0,2,0,0.0
MDL,Mandal,5,1.2,2,0,0.0
KRAI,Kaher,5,1.0,1,0,0.0
SOY,Sukrimangela,5,1.8,2,0,0.0
DRPH,Devri P.H,5,1.0,1,0,0.0
TNGM,Tondalagopav,5,1.0,1,0,0.0
PHX,Pathakpur,5,1.0,1,0,0.0
GGAR,Gangadhra,5,1.4,2,0,0.0
GGGS,Garha Goods,5,1.8,2,0,0.0
CRE,Chorghat Pip,5,1.0,1,0,0.0
DPT,Dalpat Singh,5,1.4,2,0,0.0
LNWT,Lucknow West,5,1.2,2,0,0.0
HGL,Harangul,5,1.0,1,0,0.0
PLHW,Palhawas,5,1.0,1,0,0.0
BMQ,Bhimarlai,5,1.0,1,0,0.0
BMRN,Bhimrana,5,1.2,2,0,0.0
TRAN,Torang,5,1.0,1,0,0.0
KSVM,Kesavaram Ha,5,1.2,2,0,0.0
PMPR,Prempur,5,1.0,1,0,0.0
LKKD,Lokkadkot,5,1.2,2,0,0.0
MUQ,Marudur Halt,5,1.0,1,0,0.0
SKY,Shikara,5,2.0,2,0,0.0
SLGE,Sulerjavalge,5,1.0,1,0,0.0
GKG,Gokulgarh,5,1.0,1,0,0.0
MGRL,Mangrolia,5,1.0,1,0,0.0
SKRI,Sikaria Halt,5,1.0,1,0,0.0
SKTN,Shaktinagar,5,0.0,0,0,0.0
DNK,Dhanakya,5,1.0,1,0,0.0
TUL,Tiraldih,5,1.0,1,0,0.0
KTK,Kyatanakeri,5,1.0,1,0,0.0
TVG,Tavargatti,5,1.2,2,0,0.0
KHTX,Khed Temple,5,1.0,1,0,0.0
BRHU,Barahu,5,1.4,2,0,0.0
HRW,Harrawala,5,2.0,2,0,0.0
KBN,Karbigwan,5,1.0,1,0,0.0
KKS,Kurasti Kala,5,1.0,1,0,0.0
SJPA,Sujalpur Ph,5,1.0,1,0,0.0
TWL,Tilwara,5,1.2,2,0,0.0
ANGR,Angadgeri H,5,1.0,1,0,0.0
ANPR,Anpara,5,2.0,2,0,0.0
DMP,Dharampur Hi,5,3.2,5,0,0.0
SIW,Shiravade,5,1.0,1,0,0.0
SJDA,Sanjuja-Da-A,5,1.0,1,0,0.0
DBEC,Devbaloda Ch,5,1.4,2,0,0.0
HEN,Heria Ph,5,1.0,1,0,0.0
DGHL,Dighal,5,1.0,1,0,0.0
NCN,Nachinda Ph,5,1.0,1,0,0.0
SII,Sitimani,5,1.0,1,0,0.0
CHRG,Chorgi H,5,1.0,1,0,0.0
PPKD,Paprakund,5,1.4,2,0,0.0
SGS,Shoghi,5,1.2,2,0,0.0
GNS,Ghonsor,5,2.0,2,0,0.0
GNST,Ghandhi Smru,5,1.0,1,0,0.0
KKRD,Kikakui Road,5,1.4,2,0,0.0
KDGI,Kudgi H,5,1.0,1,0,0.0
KDHI,Kaladehi,5,1.0,1,0,0.0
BLWR,Bileshwar,5,1.0,1,0,0.0
MHRI,Machhrauli,5,1.4,3,0,0.0
GOLE,Gole,5,1.2,2,0,0.0
MWF,Magardaha,5,1.4,2,0,0.0
MWH,Malwan,5,1.0,1,0,0.0
PRTR,Puttarra,5,1.2,2,0,0.0
PRU,Parlu,5,1.0,1,0,0.0
NIDI,Nidi,5,1.0,1,0,0.0
NIR,Nainpur Jn.,5,0.0,0,0,0.0
USK,Usiakhas Hal,5,1.0,1,0,0.0
PRPM,Pt Ram Prasa,5,1.0,1,0,0.0
MOM,Maman,5,1.2,2,0,0.0
GRG,Guwari Ghat,5,1.8,2,0,0.0
IMR,Ibrahimpur H,5,1.0,1,0,0.0
MJHL,Majhaula Hal,5,1.0,1,0,0.0
MYGD,Mynaguri Rd,5,1.2,2,0,0.0
KDRD,Khuldil Road,5,1.4,2,0,0.0
PTRL,Pathrala,5,1.4,2,0,0.0
CNBI,Chandari,5,1.0,1,0,0.0
PTE,Patiala Cant,5,1.6,2,0,0.0
GRX,Gaura,5,1.2,2,0,0.0
KYT,Kailahat,5,1.6,3,0,0.0
BBAI,Bhadbhunja,5,1.2,2,0,0.0
PTPR,Pratabpur Ha,5,1.0,1,0,0.0
LAUL,Laul,5,1.0,1,0,0.0
PUO,Pir Umrod,5,1.0,1,0,0.0
MKDN,Markadhana,5,1.2,2,0,0.0
KHTG,Khatgaon,5,1.2,2,0,0.0
BQW,Barakalan,5,1.0,1,0,0.0
BSDA,Baniya Sanda,5,1.2,2,0,0.0
KLM,Kadlimatti H,5,1.0,1,0,0.0
BLG,Bilhar Ghat,5,1.0,1,0,0.0
BQM,Barelipar,5,1.2,2,0,0.0
RXM,Rooma,5,1.0,1,0,0.0
KHNR,Kachnara,5,1.0,1,0,0.0
DHND,Dhinda,5,1.0,1,0,0.0
KMTI,Kumarhatti D,5,1.2,2,0,0.0
KVA,Kavas,5,1.8,2,0,0.0
HDE,Hardas Bigha,5,1.0,1,0,0.0
MKY,Mekkudi Halt,5,1.0,1,0,0.0
VNK,Binaiki,5,2.0,2,0,0.0
KHE,Kankather,5,1.6,2,0,0.0
NDNI,Nidhani,5,1.8,2,0,0.0
RSYI,Rasayani,5,1.0,1,0,0.0
KFF,Kolde,5,1.2,2,0,0.0
ZPR,Zorawarpura,5,1.0,1,0,0.0
APRD,Ashapurna De,5,1.0,1,0,0.0
ABLE,Amble,5,1.0,1,0,0.0
NAG,Nagargali,4,1.25,2,0,0.0
MZQ,Majgaon-Assa,4,1.0,1,0,0.0
WKA,Vakav,4,1.5,2,0,0.0
BNTH,Bandnath,4,1.0,1,0,0.0
MTRA,Matigara,4,1.0,1,0,0.0
DVA,Delvada,4,0.0,0,0,0.0
APRH,Alehpur,4,1.25,2,0,0.0
DVN,Devthana Hal,4,1.0,1,0,0.0
RJB,Rajabera,4,1.0,1,0,0.0
HMO,Hanumangarh,4,2.0,2,0,0.0
HMP,Hempur,4,1.75,2,0,0.0
RJLK,Rajalukah,4,1.0,1,0,0.0
RJW,Rajewadi,4,1.0,1,0,0.0
HNMN,Hanuman Circ,4,1.25,2,0,0.0
HNU,Hanspura,4,1.25,2,0,0.0
RHI,Rakhi,4,1.5,2,0,0.0
KGZ,Karunguzhi,4,1.25,2,0,0.0
KHA,Khaigaon,4,2.0,2,0,0.0
KHD,Khodiyar,4,2.0,2,0,0.0
ABE,Ambikeshwar,4,2.0,2,0,0.0
WLH,Valha,4,1.0,1,0,0.0
DDGJ,Deedar Ganj,4,1.25,2,0,0.0
MLI,Mangaliyawas,4,1.25,2,0,0.0
RPV,Rajapatti,4,1.5,2,0,0.0
RQP,Radha Kishor,4,1.0,1,0,0.0
RRJ,Ramarajupall,4,1.0,1,0,0.0
RSJ,Rayser Jagir,4,2.0,2,0,0.0
RSKA,Rajsunakhala,4,1.0,1,0,0.0
KFC,Kalpattichat,4,1.0,1,0,0.0
KFD,Karanjadi,4,1.0,1,0,0.0
NDY,Nandi,4,1.0,1,0,0.0
KWAR,Kawar,4,0.0,0,0,0.0
AUS,Anup Shahr,4,1.75,2,0,0.0
WAB,Balwa,4,1.0,1,0,0.0
WDS,Wadsinge,4,1.5,2,0,0.0
WG,Wagholi,4,1.0,1,0,0.0
WGA,Waghoda,4,1.25,2,0,0.0
BAR,Bar,4,1.25,2,0,0.0
KHDR,Khandari Hal,4,1.0,1,0,0.0
CGTA,Chegunta,4,1.0,1,0,0.0
HAA,Harwada,4,1.0,1,0,0.0
HAQ,Hastavaramu,4,1.0,1,0,0.0
HATI,Hati,4,1.5,2,0,0.0
HBF,Hadobhangi P,4,1.0,1,0,0.0
RTBR,Ratabari,4,1.0,1,0,0.0
RTGN,Ratangaon,4,1.75,2,0,0.0
RTJ,Rantej,4,1.0,1,0,0.0
ARH,Amhera  Halt,4,1.0,1,0,0.0
ARI,Antri,4,1.75,2,0,0.0
ARK,Araku,4,8.75,15,0,0.0
ARKA,Arkha Halt,4,1.0,1,0,0.0
PWK,Pipariyakela,4,2.0,2,0,0.0
RBHR,Rabhra Haalt,4,1.0,1,0,0.0
RBHT,R Block Halt,4,0.5,1,0,0.0
VLU,Vadalur,4,1.0,1,0,0.0
NERI,Neri,4,1.25,2,0,0.0
BQE,Bakanian Bha,4,1.25,2,0,0.0
VNRD,Vaniroad,4,1.25,2,0,0.0
VPL,Venkatam Pal,4,1.0,1,0,0.0
DGN,Dongargaon,4,1.25,2,0,0.0
DGQ,Dugdol Halt,4,1.25,2,0,0.0
KXL,Kamarbandha,4,2.0,2,0,0.0
RPL,Reddipalli,4,1.0,1,0,0.0
HBN,Haibargaon,4,2.5,5,0,0.0
KNC,Kanchanpur R,4,2.0,2,0,0.0
CAPG,Chapaguri,4,1.0,1,0,0.0
AMPR,Amarpura Rat,4,1.5,2,0,0.0
RAK,Ramkot,4,1.75,2,0,0.0
VNM,Ontimitta,4,1.0,1,0,0.0
VNN,Bhanaur,4,1.0,1,0,0.0
KHPL,Khaliapali,4,2.0,2,0,0.0
KHRY,Khairahi,4,2.0,2,0,0.0
KUJU,Kuju,4,1.0,1,0,0.0
KUKA,Khui Khera,4,2.0,2,0,0.0
VKZ,Venkatanaras,4,1.25,2,0,0.0
VLD,Vayalpadu,4,1.25,2,0,0.0
VLDR,Valadar,4,1.0,1,0,0.0
DHLI,Dethli,4,1.0,1,0,0.0
DHNR,Dhanora (Dec,4,1.0,1,0,0.0
DHOA,Dholpur (Ng),4,0.0,0,0,0.0
QSR,Kansrao,4,2.0,2,0,0.0
RTU,Ratan Sarai,4,2.0,2,0,0.0
CMGR,Chikmagaluru,4,0.0,0,0,0.0
MKRA,Makrera,4,1.25,2,0,0.0
DHR,Dharnaoda,4,1.0,1,0,0.0
VLTR,Vadali Luter,4,1.0,1,0,0.0
BJN,Bejnal,4,1.0,1,0,0.0
RVN,Rajiv Nagar,4,1.0,1,0,0.0
RWH,Rowriah,4,1.0,1,0,0.0
RXN,Ramsan,4,1.25,2,0,0.0
KNAR,Khanpur Ahir,4,1.0,1,0,0.0
KNBR,Kanaibazar,4,1.0,1,0,0.0
BAK,Bhan Kari,4,1.0,1,0,0.0
GWH,Ghoshawar,4,1.0,1,0,0.0
CBG,Charbhuja Ro,4,1.5,2,0,0.0
CBP,Chikballapur,4,1.75,2,0,0.0
BLME,Bholidih,4,1.0,1,0,0.0
BLMR,Bhalukmara,4,2.0,2,0,0.0
BLNG,Barlanga,4,1.0,1,0,0.0
PUY,Phulaguri,4,1.0,1,0,0.0
BRHI,Barhi,4,1.0,1,0,0.0
KHOH,Khoh,4,2.25,3,0,0.0
BLGH,Bishalgarh,4,2.0,2,0,0.0
HZBN,Hazaribagh T,4,5.0,5,0,0.0
ICL,Ichauli,4,2.0,2,0,0.0
BSCP,Baskatwa Bh,4,1.0,1,0,0.0
VINH,Vinhere,4,1.0,1,0,0.0
VJD,Vijapadi Roa,4,1.0,1,0,0.0
VKH,Vikhran Road,4,2.0,2,0,0.0
DHS,Dhavalas,4,1.5,2,0,0.0
BQN,Bagri Nagar,4,1.0,1,0,0.0
CEME,Chegro,4,1.0,1,0,0.0
CGF,Charali,4,1.75,2,0,0.0
MYJ,Maheji,4,1.0,1,0,0.0
CKE,Choki Sorath,4,1.0,1,0,0.0
CKKD,Charkeda Khu,4,1.75,2,0,0.0
ARGD,Arigada,4,1.0,1,0,0.0
BJMR,Baijnath Man,4,1.0,1,0,0.0
NGAN,Nagaon,4,3.5,5,0,0.0
NGD,Nagardevla,4,1.0,1,0,0.0
KDY,Kettandapatt,4,1.0,1,0,0.0
DJI,Dhoraji,4,1.0,1,0,0.0
AKI,Adarki,4,1.0,1,0,0.0
BSDR,Bansadhara P,4,1.0,1,0,0.0
MOBD,Moubund,4,1.0,1,0,0.0
KLGN,Kalangani,4,1.0,1,0,0.0
KLGR,Kolaigram,4,1.0,1,0,0.0
SAF,Salkhapur,4,1.0,1,0,0.0
GTT,Gomta,4,1.0,1,0,0.0
GUZ,Gumanihat,4,1.0,1,0,0.0
GVA,Ganguwada,4,1.0,1,0,0.0
MKL,Makali Durga,4,1.0,1,0,0.0
MKPT,Malikpeth,4,1.5,2,0,0.0
KLLF,Kalol,4,4.25,8,0,0.0
ALN,Alandi,4,1.0,1,0,0.0
NGI,Nagri,4,1.0,1,0,0.0
MXM,Minatchipura,4,1.0,1,0,0.0
MXO,Morthala,4,1.0,1,0,0.0
MXR,Mahur,4,3.5,5,0,0.0
GTY,Golapatti,4,2.0,2,0,0.0
GUA,Gua,4,0.0,0,0,0.0
SAPE,Sape-Wamne (,4,1.0,1,0,0.0
SAPR,Sarangpur Ro,4,1.0,1,0,0.0
SAR,Shahzad Naga,4,1.25,2,0,0.0
GSGJ,Ghausganj,4,1.0,1,0,0.0
IDS,Ishardaspur,4,1.0,1,0,0.0
IDT,Sidlaghatta,4,1.25,2,0,0.0
IGRL,Ingorala,4,1.0,1,0,0.0
IKD,Ikdori,4,2.0,2,0,0.0
MXS,Mohasa,4,2.0,2,0,0.0
LBZ,Lalbagh,4,1.0,1,0,0.0
VDM,Vadamadura,4,1.0,1,0,0.0
VDV,Vadiya Devli,4,1.0,1,0,0.0
VEI,Velliyanai,4,1.0,1,0,0.0
VGL,Vaghli,4,1.0,1,0,0.0
VGM,Vinnamangala,4,1.25,2,0,0.0
BAMR,Bamur,4,2.0,2,0,0.0
PU,Patchur,4,1.0,1,0,0.0
PUD,Phanda,4,1.25,2,0,0.0
PUG,Punggudi,4,1.0,1,0,0.0
AJRE,Aujuri,4,1.5,2,0,0.0
GTI,Ghutai,4,1.5,2,0,0.0
CNH,Chaunrah,4,2.0,2,0,0.0
BSSL,Bassi Berisa,4,2.25,5,0,0.0
BSTP,Basantapur,4,1.0,1,0,0.0
KZQ,Khimel,4,1.0,1,0,0.0
BLRG,Balasiring,4,1.0,1,0,0.0
HUN,Hunsenahalli,4,1.0,1,0,0.0
CJS,Charamula Ku,4,1.5,2,0,0.0
CJW,Chhajawa,4,1.75,2,0,0.0
CK,Chiksugur,4,1.0,1,0,0.0
KYH,Khairah,4,1.75,2,0,0.0
VRLI,Veravali,4,1.0,1,0,0.0
BAYD,Bayad,4,1.0,1,0,0.0
BALE,Bale,4,1.5,2,0,0.0
VRX,Varahi,4,2.0,2,0,0.0
AUWA,Auwa,4,1.25,2,0,0.0
HTGR,Hathigadh,4,1.0,1,0,0.0
KLYT,Kolayat,4,2.0,2,0,0.0
MNJ,Manoharganj,4,1.5,2,0,0.0
CLDR,Chilikdara,4,1.0,1,0,0.0
KDT,Khadarpett,4,1.75,2,0,0.0
SBW,Shewbabudih,4,1.0,1,0,0.0
CMY,Chintamani,4,1.25,2,0,0.0
MOTA,Mota,4,1.0,1,0,0.0
MOTG,Motiganj,4,2.0,2,0,0.0
PTG,Patna Ghat,4,0.0,0,0,0.0
PTHD,Patohan,4,1.75,2,0,0.0
BSWD,Bhenswadi,4,1.0,1,0,0.0
BSY,Barsathi,4,1.0,1,0,0.0
MKHI,Makhi,4,2.0,2,0,0.0
SBLJ,Shri Balaji,4,1.0,1,0,0.0
BLNI,Bhalwani,4,1.5,2,0,0.0
BLNK,Belanki,4,1.0,1,0,0.0
BLO,Bhulon,4,1.5,2,0,0.0
BLPE,Balapalle,4,1.0,1,0,0.0
BLPR,Badulipar,4,1.0,1,0,0.0
BLRD,Balaroad,4,1.25,2,0,0.0
KNLP,Kanamalepall,4,1.0,1,0,0.0
KNNA,Khinaniyan,4,1.25,2,0,0.0
MJGP,Majhgawan Ph,4,2.0,2,0,0.0
PRWA,Parwakhurd H,4,1.0,1,0,0.0
PSLI,Parsoli,4,1.5,2,0,0.0
VADR,Varud,4,1.0,1,0,0.0
VCN,Virochannaga,4,1.25,2,0,0.0
ATRU,Atru,4,1.5,2,0,0.0
DJKR,Dalaji-Ka-Kh,4,1.0,1,0,0.0
LATH,Lath Halt,4,1.0,1,0,0.0
MXY,Mahuariya,4,1.25,2,0,0.0
NGY,Nath Ganj,4,1.0,1,0,0.0
PTSC,Paricha Ther,4,1.5,2,0,0.0
PTYR,Patiyara,4,1.0,1,0,0.0
BJK,Bijora,4,1.25,2,0,0.0
BAHI,Balenahalli,4,1.0,1,0,0.0
MOHR,Mohana Harya,4,1.0,1,0,0.0
MOJ,Mohana,4,2.0,2,0,0.0
MONJ,Monglajhora,4,1.0,1,0,0.0
MJNL,Majri Nangal,4,1.0,1,0,0.0
MJV,Manjhagarh,4,1.75,2,0,0.0
MJY,Maramjhiri,4,1.0,1,0,0.0
ARP,Atrampur,4,1.0,1,0,0.0
ARU,Arasalu,4,1.0,1,0,0.0
SDMK,Sidmukh,4,2.0,2,0,0.0
GRBH,Garea Bihar,4,1.25,2,0,0.0
GRE,Gola Road,4,1.0,1,0,0.0
GRI,Guriya,4,1.0,1,0,0.0
INP,Indapur,4,1.0,1,0,0.0
PTKD,Patharkandi,4,1.0,1,0,0.0
SDH,Saradhna,4,1.25,2,0,0.0
GRM,Garhmau,4,2.0,2,0,0.0
NIV,Nivasar,4,1.0,1,0,0.0
KDBR,Khadki Bazar,4,1.0,1,0,0.0
UWAN,Urwan,4,1.0,1,0,0.0
LCH,Linch,4,2.5,4,0,0.0
KTNA,Kathana,4,0.0,0,0,0.0
KTR,Kothar,4,1.0,1,0,0.0
KTRA,Kotra,4,1.75,2,0,0.0
GRJA,Gorinja,4,1.5,2,0,0.0
SEI,Shendri,4,1.25,2,0,0.0
BIPR,Bheempura,4,1.5,2,0,0.0
BIR,Bir,4,0.0,0,0,0.0
BISH,Bishengarh,4,1.5,2,0,0.0
KOA,Karonda,4,2.0,2,0,0.0
KOF,Marwar Kori,4,1.5,2,0,0.0
KLBA,Kalambha,4,1.25,2,0,0.0
KLGD,Kollengode,4,1.0,1,0,0.0
BKA,Barkheda,4,1.5,2,0,0.0
AJM,Adraj Moti,4,0.0,0,0,0.0
RORA,Rora,4,1.75,2,0,0.0
RPGU,Rasulpur Gog,4,2.0,2,0,0.0
MNKN,Manikalan Ha,4,1.0,1,0,0.0
RCJ,Ranayala,4,1.0,1,0,0.0
BKTL,Baktal,4,1.0,1,0,0.0
CKW,Chalkhowa,4,2.0,2,0,0.0
HER,Her,4,1.0,1,0,0.0
RNN,Rajan Kunti,4,1.0,1,0,0.0
RNRD,Ranipur Road,4,1.75,2,0,0.0
BJPR,Bijaipur Roa,4,2.0,2,0,0.0
MLM,Malthan,4,1.25,2,0,0.0
HSL,Hisvahal,4,1.0,1,0,0.0
REMA,Rema,4,2.0,2,0,0.0
NI,Naydongri,4,1.0,1,0,0.0
SFG,Subedarganj,4,1.5,2,0,0.0
SFK,Sikir,4,2.0,2,0,0.0
SFPR,Safipur,4,2.0,2,0,0.0
BIF,Bhaironpur,4,1.5,2,0,0.0
MWA,Mandva,4,1.25,2,0,0.0
MWD,Mhasavad,4,1.0,1,0,0.0
DLPH,Daulatpur Ha,4,1.0,1,0,0.0
BBLK,Baba Lakshma,4,1.0,1,0,0.0
DKI,Dharam Kundi,4,1.75,2,0,0.0
DKM,Dikom,4,1.75,2,0,0.0
NHR,Nohar,4,2.0,2,0,0.0
ISRI,Ishapur Kher,4,1.0,1,0,0.0
CIA,Chheharta,4,1.5,2,0,0.0
GPU,Gulapalayamu,4,1.0,1,0,0.0
PRKD,Powar Kheda,4,1.5,2,0,0.0
BK,Bakra Road,4,1.75,2,0,0.0
BMBE,Bimbari,4,1.0,1,0,0.0
PQZ,Pundibari,4,1.0,1,0,0.0
CJA,Chongajan,4,1.5,2,0,0.0
CJR,Chamaraj,4,1.25,2,0,0.0
JA,Jaliya,4,1.0,1,0,0.0
GOPG,Gopalganj,4,2.0,2,0,0.0
MHSA,Maheshpur 'A,4,1.0,1,0,0.0
MHUA,Mahudha,4,1.0,1,0,0.0
PRN,Parauna,4,2.0,2,0,0.0
MP,Melappalayam,4,1.0,1,0,0.0
MPC,Muttampatti,4,1.0,1,0,0.0
MPF,Muirpur Road,4,1.5,2,0,0.0
KKV,Kukavav,4,1.0,1,0,0.0
SER,Samayanallur,4,1.0,1,0,0.0
SEX,Seroni Road,4,2.0,2,0,0.0
SF,Settigunta,4,1.0,1,0,0.0
GNR,Gadiganuru,4,1.0,1,0,0.0
GNTR,Gauntra,4,1.0,1,0,0.0
MPUE,Mainpuri Kac,4,1.5,2,0,0.0
MQE,Mohd Kheda,4,1.0,1,0,0.0
BWRA,Bharatwada,4,1.0,1,0,0.0
BWS,Badwasi,4,1.25,2,0,0.0
DMK,Dilmili,4,1.5,2,0,0.0
UMG,Uttangal Man,4,1.0,1,0,0.0
UMM,Umram,4,1.0,1,0,0.0
UMS,Udramsar,4,1.5,2,0,0.0
UNA,Una,4,1.75,2,0,0.0
DKY,Dhoki,4,1.5,2,0,0.0
DLCR,Dullabcherra,4,0.0,0,0,0.0
KDK,Kohdad,4,1.25,2,0,0.0
MVRD,Maivadiroad,4,1.0,1,0,0.0
BMA,Bagmar,4,1.25,2,0,0.0
JBB,Jambur,4,1.0,1,0,0.0
KKRH,Karahiya Hal,4,1.0,1,0,0.0
JBR,Jahangirabad,4,2.0,2,0,0.0
PPTR,Pushpattur,4,1.0,1,0,0.0
GO,Ghoti,4,1.0,1,0,0.0
SHER,Sher (Halt),4,1.25,2,0,0.0
SHIV,Shindawane,4,1.0,1,0,0.0
BHUA,Bhua,4,2.0,2,0,0.0
BHY,Bhayavadar,4,1.0,1,0,0.0
BIB,Birpur,4,2.0,2,0,0.0
MIAL,Milavali Hal,4,2.0,2,0,0.0
KNRN,Kanaroan,4,1.0,1,0,0.0
BILK,Bilkha,4,1.0,1,0,0.0
SGDP,Sagadapata,4,1.0,1,0,0.0
GNO,Goregaon Roa,4,1.0,1,0,0.0
GNQ,Godhani,4,1.0,1,0,0.0
LDM,Ladermer,4,1.5,2,0,0.0
LDU,Lunidhar,4,1.0,1,0,0.0
LEK,Lakhakera,4,1.75,2,0,0.0
LGI,Longai,4,2.0,2,0,0.0
LGRE,Lingiri,4,1.0,1,0,0.0
KTKR,Kumtha Khurd,4,1.0,1,0,0.0
KTLP,Katalpur (Ha,4,1.0,1,0,0.0
MHDA,Mahadiya,4,1.5,2,0,0.0
MHMB,Mahimba,4,1.0,1,0,0.0
KOHL,Kohli,4,1.0,1,0,0.0
KOL,Kolad,4,3.25,10,0,0.0
KOLE,Kole,4,1.25,2,0,0.0
PPF,Piplaj,4,1.25,2,0,0.0
PPJ,Pophlaj,4,1.5,2,0,0.0
JARI,Jari,4,1.5,2,0,0.0
JAUA,Jamua,4,2.0,2,0,0.0
JCN,Junichavand,4,1.0,1,0,0.0
JDNX,Joginder Nag,4,0.0,0,0,0.0
SHYP,Sakkaraya Pa,4,1.0,1,0,0.0
CDB,Chaudhuriban,4,1.5,2,0,0.0
SHMI,Shiroor,4,1.0,1,0,0.0
SHNX,Sheosinghpur,4,1.0,1,0,0.0
SHRM,Sharma Halt,4,1.0,1,0,0.0
COE,Chitrod,4,2.0,2,0,0.0
GNDM,Gunrajpur Dh,4,1.0,1,0,0.0
SHTT,Silghat Town,4,0.0,0,0,0.0
CHRI,Charhi,4,1.0,1,0,0.0
NKK,Narikkudi,4,1.0,1,0,0.0
NKW,Nilakanthewa,4,1.0,1,0,0.0
DLW,Dilwa,4,1.25,2,0,0.0
DME,Damnagar,4,1.0,1,0,0.0
DMGN,Dhamalgaon,4,2.0,2,0,0.0
BPV,Bhotepatti,4,1.0,1,0,0.0
NKH,Nathu Khedi,4,1.0,1,0,0.0
RFR,Rafinagar F,4,1.0,1,0,0.0
HRF,Hathras Qila,4,0.0,0,0,0.0
KMRD,Kalamb Road,4,1.0,1,0,0.0
RNGG,Rangaliting,4,1.0,1,0,0.0
RNL,Ranala,4,3.5,8,0,0.0
CLO,Chilo,4,1.0,1,0,0.0
MNJR,Manjhlepur,4,1.0,1,0,0.0
MNKD,Mankhurd,4,0.0,0,0,0.0
VTE,Venkatagirik,4,1.0,1,0,0.0
VTL,Vadtal Swami,4,0.0,0,0,0.0
VVD,Vavdi,4,1.0,1,0,0.0
NCBD,New Changrab,4,3.25,10,0,0.0
NCU,Nallacheruvu,4,1.0,1,0,0.0
PPCK,Pipalwali Ch,4,2.0,2,0,0.0
CDBH,Candrabanda,4,1.0,1,0,0.0
PNV,Panevadi,4,1.25,2,0,0.0
PNVT,Panchratna,4,1.0,1,0,0.0
PNWN,Pachawan,4,1.25,2,0,0.0
JEP,Jeonathpur,4,1.0,1,0,0.0
JFG,Jafarganj,4,1.0,1,0,0.0
SJF,Sajanvav Roa,4,1.0,1,0,0.0
SJMA,Sanjamala,4,1.0,1,0,0.0
BHRJ,Bechraji,4,2.0,2,0,0.0
UDPU,Udaipur,4,0.0,0,0,0.0
UGP,Ugarpur,4,1.0,1,0,0.0
UGU,Ugu,4,1.0,1,0,0.0
UKC,Uksi,4,1.0,1,0,0.0
ULN,Ulna Bhari,4,1.0,1,0,0.0
MWP,Maharani Pac,4,1.0,1,0,0.0
KDL,Kankroli,4,1.0,1,0,0.0
NLNR,Nulenuru,4,1.0,1,0,0.0
KCLA,Kenchanalu,4,1.0,1,0,0.0
KCM,Kalasamudram,4,1.25,2,0,0.0
BHRM,Bishramganj,4,2.0,2,0,0.0
GMGM,Gomangalam,4,1.0,1,0,0.0
GMX,Gurmura,4,1.5,2,0,0.0
CNL,Chandawal,4,1.0,1,0,0.0
ANO,Anjani,4,1.0,1,0,0.0
MGRR,Magarpur,4,1.5,2,0,0.0
JGJN,Jugijan,4,1.5,2,0,0.0
KCP,Kalgupur,4,1.0,1,0,0.0
KCR,Khonkar,4,2.0,2,0,0.0
NM,Naimisharany,4,3.75,5,0,0.0
BCHL,Bacheli,4,2.0,2,0,0.0
BCHN,Bochasan Jn.,4,1.0,1,0,0.0
UDMR,Udi Mor,4,2.0,2,0,0.0
ALAI,Alai,4,1.0,1,0,0.0
BPK,Bhugaon,4,1.0,1,0,0.0
AV,Asvali,4,1.25,2,0,0.0
AVL,Amrutvel,4,1.0,1,0,0.0
DMYA,Damay,4,1.75,2,0,0.0
MVE,Mundhewadi,4,1.5,2,0,0.0
PNHR,Panihar,4,2.0,2,0,0.0
PNT,Panitola,4,2.0,2,0,0.0
MQZ,Mota Jadra,4,1.0,1,0,0.0
MGWN,Mahgawan Hal,4,1.0,1,0,0.0
MHC,Masrakh,4,1.5,2,0,0.0
SJRR,Sajerpar,4,1.0,1,0,0.0
SJT,Shujatpur,4,1.5,2,0,0.0
SKBR,Shankarpur B,4,2.0,2,0,0.0
LH,Lahing,4,1.5,2,0,0.0
LHL,Lahoal,4,2.0,2,0,0.0
NDK,Nandkhas,4,2.0,2,0,0.0
BRHT,Bailey Road,4,1.0,1,0,0.0
BRI,Bhiringi,4,1.75,2,0,0.0
BRKP,Barkipona,4,1.0,1,0,0.0
HISE,Hirisave,4,1.0,1,0,0.0
RMPH,Rampahari,4,2.0,2,0,0.0
RNB,Ranpura,4,1.0,1,0,0.0
MLS,Malasa,4,2.0,2,0,0.0
CKX,Chakur,4,1.0,1,0,0.0
RDK,Rashidpura-K,4,1.0,1,0,0.0
MYP,Mundiampakka,4,1.25,2,0,0.0
MZA,Mezenga,4,1.5,2,0,0.0
SKKE,Sekerkote,4,2.0,2,0,0.0
KOZ,Kosma,4,1.5,2,0,0.0
MRDG,Maradanga,4,1.0,1,0,0.0
MRF,Marpalli,4,0.75,1,0,0.0
BHNE,Bhone,4,1.5,2,0,0.0
BRLY,Biroliya,4,1.0,1,0,0.0
DNJ,Daundaj,4,1.0,1,0,0.0
DNPR,Dhanpura,4,1.0,1,0,0.0
DNU,Dalsanur,4,1.0,1,0,0.0
DNUA,Dhansura,4,1.0,1,0,0.0
DNWR,Dhanwar,4,1.75,2,0,0.0
TSD,Tahsil Bhadr,4,2.5,3,0,0.0
TTLA,Tetelia,4,1.5,2,0,0.0
KBA,Kurbalakota,4,1.0,1,0,0.0
KBK,Khamil Ghat,4,4.75,10,0,0.0
NOSM,Nossam,4,1.0,1,0,0.0
NPH,Nurpura Halt,4,1.0,1,0,0.0
KTHE,Katahri,4,1.0,1,0,0.0
CDI,Chandni,4,1.25,2,0,0.0
NDE,Nandre,4,1.0,1,0,0.0
KIKA,Kurwai Ketho,4,1.5,2,0,0.0
BRLF,Bar Longfer,4,2.25,5,0,0.0
SLBN,Salai Banwa,4,1.5,2,0,0.0
GKD,Gadhakada,4,1.0,1,0,0.0
GLE,Gajulaguden,4,1.0,1,0,0.0
SLHA,Salhana,4,2.0,2,0,0.0
SLHI,Silhaudi,4,1.25,2,0,0.0
JHIR,Jhir,4,1.0,1,0,0.0
KKGT,Kalkalighat,4,1.5,2,0,0.0
KKK,Khakhariya,4,1.0,1,0,0.0
CHRK,Churki,4,1.25,2,0,0.0
JGF,Jogidih,4,1.25,2,0,0.0
MGRD,Magardoh,4,1.0,1,0,0.0
SKPT,Somanayakkan,4,1.0,1,0,0.0
SKU,Sikroda,4,2.0,2,0,0.0
BHMW,Bhambhewa,4,1.0,1,0,0.0
PMD,Pamidi,4,1.25,2,0,0.0
KKLU,Kaklur,4,1.5,2,0,0.0
BRTK,Bhortex,4,1.75,2,0,0.0
SLP,Salpa,4,1.0,1,0,0.0
GIS,Garhi Sandra,4,1.0,1,0,0.0
GIW,Girdharpur,4,2.0,2,0,0.0
GJMB,Ganj Muradab,4,1.0,1,0,0.0
GJT,Jannaghatta,4,1.0,1,0,0.0
SLTP,Sultanpur,4,1.0,1,0,0.0
SLV,Sandalpur,4,1.0,1,0,0.0
SLX,Selenghat,4,2.5,4,0,0.0
LKZ,Lakdiya,4,2.0,2,0,0.0
KAUA,Kathautia,4,1.0,1,0,0.0
KAW,Khajuri,4,2.0,2,0,0.0
CHBN,Chand Khira,4,1.0,1,0,0.0
CHBR,Chaure Bazar,4,1.0,1,0,0.0
AEH,Anantpaith,4,2.0,2,0,0.0
TRWT,Tarwata,4,2.0,2,0,0.0
DOH,Dhodramohar,4,1.0,1,0,0.0
DOHM,Devgadh Mada,4,1.0,1,0,0.0
KTKD,Katangi Khur,4,2.0,2,0,0.0
LKG,Lamsakhang,4,1.5,2,0,0.0
BHBV,Block Hut B,4,1.0,1,0,0.0
BHDH,Bahadurpur,4,1.0,1,0,0.0
BHDR,Bhadri,4,1.0,1,0,0.0
BHGN,Bhilgaon,4,1.5,2,0,0.0
SMDT,Semmandapatt,4,1.0,1,0,0.0
CPL,Chakariapall,4,1.0,1,0,0.0
BMSB,Bhimasar,4,2.0,2,0,0.0
BMSN,Bamsin,4,1.0,1,0,0.0
BMU,Bamhrauli,4,2.75,7,0,0.0
PLV,Palsi,4,1.0,1,0,0.0
KSHR,Keshwari Bh,4,1.25,2,0,0.0
DOTL,Deotala,4,1.5,2,0,0.0
DOW,Davol,4,1.0,1,0,0.0
DOZ,Daurai,4,1.0,1,0,0.0
LMC,Lakhamanchi,4,1.25,2,0,0.0
GHX,Garhara,4,1.0,1,0,0.0
ANQ,Amnapur,4,1.0,1,0,0.0
JIR,Jira Road,4,1.0,1,0,0.0
PLM,Paneli Moti,4,1.0,1,0,0.0
PLSG,Palasingi,4,1.0,1,0,0.0
BMN,Bhimana,4,1.0,1,0,0.0
BMNL,Bamanwali,4,1.25,2,0,0.0
KSUA,Kashipura,4,1.0,1,0,0.0
KTAL,Kathlal,4,1.0,1,0,0.0
DPE,Devarapalle,4,1.25,2,0,0.0
DPLN,Diplana,4,1.25,2,0,0.0
CKNI,Chikni Road,4,1.0,1,0,0.0
KKAS,Katkamasandi,4,1.0,1,0,0.0
PKRH,Parsa Kerwa,4,1.0,1,0,0.0
PKX,Pakhrauli,4,1.0,1,0,0.0
PLD,Paldhi,4,3.25,8,0,0.0
BMPT,Banni Mahamm,4,1.0,1,0,0.0
GHAI,Ghatigaon,4,2.0,2,0,0.0
GHRI,Ghori  Halt,4,1.0,1,0,0.0
SMKR,Sham Kauria,4,1.5,2,0,0.0
SMKT,Soman Katti,4,1.0,1,0,0.0
SMTA,Samuktala Ro,4,2.0,5,0,0.0
SMTL,Simariatal,4,1.0,1,0,0.0
SMWA,Someshwara,4,1.0,1,0,0.0
NQH,New Domohani,4,1.0,1,0,0.0
KARO,Khario Ph,4,1.0,1,0,0.0
LOM,Lodhma,4,1.0,1,0,0.0
CRC,Charkhari Ro,4,1.25,2,0,0.0
KJW,Khajwana,4,1.25,2,0,0.0
KHDI,Khandheri,4,1.25,2,0,0.0
KWI,Kivarli,4,1.0,1,0,0.0
KWW,Kuswa Halt,4,1.0,1,0,0.0
KXA,Kunariya,4,1.0,1,0,0.0
KURT,Khurda Town,4,1.0,1,0,0.0
KUT,Kanauta,4,1.0,1,0,0.0
NAWN,Nawan,4,1.5,2,0,0.0
NBP,Nibhapur,4,1.0,1,0,0.0
BRB,Boribial,4,1.25,2,0,0.0
BRCK,Barua Chak,4,2.0,2,0,0.0
HRBR,Harubera,4,1.0,1,0,0.0
RGLI,Raghouli,4,1.5,2,0,0.0
RMGJ,Ramganj,4,1.0,1,0,0.0
HRM,Hadmadiya,4,1.0,1,0,0.0
CRK,Charkheda,4,1.5,2,0,0.0
GGO,Goram Ghat,4,1.0,1,0,0.0
MER,Metpanjra,4,1.0,1,0,0.0
METR,Methi Tikur,4,1.0,1,0,0.0
MEW,Marhaura,4,2.0,2,0,0.0
PKE,Pimpar Khed,4,1.0,1,0,0.0
PKGM,Phakhoagarm,4,1.0,1,0,0.0
DAN,Dhaneta,4,1.5,2,0,0.0
LNH,Lachhmangarh,4,1.5,2,0,0.0
LNP,Langarpeth,4,1.0,1,0,0.0
BRMX,Burmi  Halt,4,1.0,1,0,0.0
NPU,Nadiapur,4,1.0,1,0,0.0
SNBR,Sonuabari,4,1.5,2,0,0.0
SND,Sondimra,4,1.0,1,0,0.0
SNE,Shenoli,4,1.0,1,0,0.0
SNGN,Sanganer,4,1.5,2,0,0.0
JKB,Jakhalabandh,4,1.75,2,0,0.0
JKH,Jahanikhera,4,1.75,2,0,0.0
JKR,Jaulkhera,4,1.0,1,0,0.0
JKS,Jaksi,4,2.0,2,0,0.0
MRM,Mamanduru,4,1.0,1,0,0.0
SNKB,Sonkhamb,4,1.0,1,0,0.0
SNN,Sonegaon,4,1.0,1,0,0.0
GEG,Gir Gadhara,4,1.5,2,0,0.0
TORA,Torniya,4,1.0,1,0,0.0
TPP,Toppur,4,1.0,1,0,0.0
BDIN,Bhadaiyan,4,1.0,1,0,0.0
BDKT,Badakhandita,4,1.0,1,0,0.0
KARR,Kharar,4,1.25,2,0,0.0
NRF,Neralakatte,4,1.0,1,0,0.0
KAKN,Kaimarakalan,4,2.0,2,0,0.0
PLJE,Phulwartanr,4,0.0,0,0,0.0
JMBL,Jambhali  Ha,4,1.0,1,0,0.0
PJN,Panjhan,4,1.0,1,0,0.0
PJPR,Pjp Road Hal,4,1.0,1,0,0.0
PJR,Pangri,4,1.0,1,0,0.0
ASTG,Ashtegaon,4,1.5,2,0,0.0
ATA,Ata,4,2.0,2,0,0.0
ATKS,Atwa Kursath,4,1.0,1,0,0.0
ATM,Altagram,4,1.0,1,0,0.0
TNUE,Tindauli,4,1.0,1,0,0.0
NRV,Nariyar  Hal,4,1.0,1,0,0.0
NRWI,Narwasi,4,1.5,2,0,0.0
JXN,Jirona Halt,4,1.0,1,0,0.0
KADI,Kadi,4,2.0,2,0,0.0
KAGA,Kurhagada,4,1.0,1,0,0.0
PKNA,Pakhna,4,1.25,2,0,0.0
PKRA,Parsa Khera,4,1.25,2,0,0.0
DRS,Dhareshwar,4,1.0,1,0,0.0
PK,Pakni,4,1.5,2,0,0.0
PKC,Pakra,4,1.0,1,0,0.0
SOE,Sheopur Kala,4,0.0,0,0,0.0
GDH,Gidanahalli,4,1.0,1,0,0.0
MDPJ,Madanapur Ha,4,1.0,1,0,0.0
MDPR,Modpur,4,1.5,2,0,0.0
MDSA,Modasa,4,0.0,0,0,0.0
MRYA,Meriyana,4,1.0,1,0,0.0
PHV,Pirthiganj,4,1.0,1,0,0.0
PI,Padli,4,1.0,1,0,0.0
SNSL,Shonselu,4,1.5,2,0,0.0
SNYN,Soniyana,4,0.75,1,0,0.0
BHAN,Bhoyani,4,1.25,2,0,0.0
BHAT,Bhatpura,4,2.0,2,0,0.0
JLRF,Jetalsar Jn,4,0.0,0,0,0.0
MDXR,Mudaria,4,1.5,2,0,0.0
BYXA,Betgara,4,1.0,1,0,0.0
BYZA,Begunia,4,1.0,1,0,0.0
BZGT,Bazarghat,4,1.0,1,0,0.0
SORI,Sorai,4,1.5,2,0,0.0
SPDM,Singhpurdumr,4,1.75,2,0,0.0
SPGL,Sarai Gopal,4,1.0,1,0,0.0
BUR,Bindaura,4,2.0,2,0,0.0
BURA,Bahuara(Halt,4,1.5,2,0,0.0
TMP,Tamaraipadi,4,1.0,1,0,0.0
TMUR,Tenua Dumari,4,1.0,1,0,0.0
DRA,Dulariya,4,1.75,2,0,0.0
DRG,Darshannagar,4,1.0,1,0,0.0
DRGM,Deoragram,4,2.0,2,0,0.0
DRGU,Damrughutu,4,1.0,1,0,0.0
DRHI,Dagarkhedi,4,1.75,2,0,0.0
SPHL,Shampurhalli,4,1.0,1,0,0.0
SPHT,Shivpuri Hal,4,1.0,1,0,0.0
SPO,Surpura,4,1.25,2,0,0.0
SPPR,Shudnipur,4,1.0,1,0,0.0
SPRA,Sillipur,4,2.0,2,0,0.0
SPRM,Sitapuram Ph,4,1.0,1,0,0.0
SPSR,Sarpeswar P.,4,1.0,1,0,0.0
CHLK,Chavalkhede,4,2.25,3,0,0.0
BNAR,Binaur,4,2.0,2,0,0.0
BNDI,Barundni,4,1.25,2,0,0.0
PHI,Panikhaiti,4,1.5,2,0,0.0
PHQ,Pardhade,4,1.0,1,0,0.0
PIC,Paricha,4,2.0,2,0,0.0
JLG,Julgaon(Decc,4,1.0,1,0,0.0
JLHI,Jhilahi,4,2.0,2,0,0.0
MDVR,Madhavnagar,4,1.0,1,0,0.0
JUBS,Jubbasahani,4,2.0,2,0,0.0
TLZ,Talavli,4,1.0,1,0,0.0
TMB,Temburu,4,1.0,1,0,0.0
TMGN,Thamla Mogan,4,1.0,1,0,0.0
TMKA,Tomka,4,1.0,1,0,0.0
KSNA,Kanasar Nawa,4,3.0,9,0,0.0
LPR,Lilapurroad,4,1.25,2,0,0.0
BUPH,Babupeth,4,1.0,1,0,0.0
CCD,Chichonda,4,1.25,2,0,0.0
CCI,Chinne Kunta,4,1.25,2,0,0.0
SQW,Sidhwalia,4,1.5,2,0,0.0
SR,Sabliroad,4,1.25,2,0,0.0
MDPA,Mandpiya,4,1.0,1,0,0.0
KQE,Kala Akhar,4,1.0,1,0,0.0
KQRT,Koderma Town,4,2.0,2,0,0.0
SRDW,Shrimad Dwar,4,1.0,1,0,0.0
CKOD,Chakrod,4,1.0,1,0,0.0
KMLK,Kamalapur,4,1.0,1,0,0.0
MMPL,Mantapampall,4,1.0,1,0,0.0
MLW,Mallanwan,4,2.0,2,0,0.0
MMDA,Muthalamada,4,1.0,1,0,0.0
KMAH,Kamathe,4,1.25,2,0,0.0
MNDU,Mandu Halt,4,1.25,2,0,0.0
CBZ,Churaibari,4,1.25,2,0,0.0
HOL,Hol,4,1.75,3,0,0.0
HPR,Hirapur,4,1.0,1,0,0.0
BRDV,Baradev,4,1.0,1,0,0.0
BRGJ,Bargaon Guja,4,1.25,2,0,0.0
NBUE,Nibkarori,4,1.25,2,0,0.0
KUTI,Khumtai,4,1.0,1,0,0.0
BAWA,Balwara,4,1.5,2,0,0.0
JUA,Jarauna,4,1.0,1,0,0.0
AGQ,Asirgarh Roa,4,1.25,2,0,0.0
KRKM,Khara-Kameri,4,1.0,1,0,0.0
KRKP,Kyarkop,4,1.0,1,0,0.0
PEE,Paterhi,4,1.75,2,0,0.0
MSO,Misrod,4,1.5,2,0,0.0
MSOD,Masodha,4,1.0,1,0,0.0
MSQ,Marwar Ratan,4,1.5,2,0,0.0
CSDR,Channasandra,4,1.25,2,0,0.0
CSMA,Chanasma Jn.,4,1.0,1,0,0.0
MTDI,Maltekdi,4,1.0,1,0,0.0
MTDM,Mettur Dam,4,0.0,0,0,0.0
PFL,Piprala,4,2.0,2,0,0.0
PGL,Pagdhal,4,1.5,2,0,0.0
PGP,Panduranga P,4,1.0,1,0,0.0
BMVR,Bmvr,4,1.0,1,0,0.0
JMI,Jamguri,4,1.5,2,0,0.0
GARA,Garha,4,2.0,2,0,0.0
GBP,Gulabpura,4,1.5,2,0,0.0
GBQ,Godbhaga,4,2.0,2,0,0.0
CDS,Chandisar,4,2.0,2,0,0.0
DSD,Dosvada,4,1.25,2,0,0.0
DSK,Duskheda,4,1.25,2,0,0.0
DSL,Deswal  Halt,4,1.0,1,0,0.0
DSME,Dasara,4,1.0,1,0,0.0
BDT,Bordubi Road,4,1.5,2,0,0.0
BOKE,Bhoke,4,1.0,1,0,0.0
BOMN,Bommagundana,4,1.0,1,0,0.0
BON,Bhonra,4,1.25,2,0,0.0
BORD,Bolagarh Roa,4,1.0,1,0,0.0
BORT,Bolagarh Tow,4,1.0,1,0,0.0
CHIT,Chithari Hal,4,1.5,2,0,0.0
BGPL,Bhaguapal,4,1.0,1,0,0.0
PDP,Padse,4,2.0,2,0,0.0
PDSN,Peddasana,4,1.0,1,0,0.0
SRMT,Sirmuttra,4,0.0,0,0,0.0
SRPB,Srirampur (A,4,1.0,1,0,0.0
MCPE,Marwar Chhap,4,1.0,1,0,0.0
MCRD,Mecheri Road,4,1.0,1,0,0.0
MCSC,Maharaja Chh,4,2.0,2,0,0.0
MCZ,Mahabuang,4,1.0,1,0,0.0
KRDL,Kirandul,4,0.0,0,0,0.0
MSSN,Maishashan,4,0.0,0,0,0.0
MSTH,Misrikh Tira,4,2.75,5,0,0.0
MSV,Mustra,4,2.0,2,0,0.0
BTKD,Bharatkund,4,1.0,1,0,0.0
AGTR,Agauthar Hal,4,1.0,1,0,0.0
AHJU,Ahju,4,2.0,2,0,0.0
SRKN,Sherekan,4,1.0,1,0,0.0
SRTE,Soorothee,4,1.0,1,0,0.0
SS,Shirsoli,4,1.0,1,0,0.0
SSDT,Shamshabad T,4,2.0,2,0,0.0
SSGJ,Surasaraigha,4,2.0,2,0,0.0
BGG,Banta Rughna,4,4.0,13,0,0.0
BGKA,Bangurkela,4,1.0,1,0,0.0
TLE,Talgaria,4,1.0,1,0,0.0
TLGR,Tulsi Nagar,4,1.0,1,0,0.0
TLI,Talwara Jhil,4,2.0,2,0,0.0
TLMG,Talamadugu H,4,1.0,1,0,0.0
TLNH,Tilaunchi,4,2.0,2,0,0.0
TLPH,Talpur,4,1.0,1,0,0.0
JUJA,Jujomura,4,2.0,2,0,0.0
MUGN,Mahutgaon,4,1.5,2,0,0.0
MUO,Masangaon,4,1.5,2,0,0.0
CDRA,Chandera Hal,4,1.0,1,0,0.0
TKPY,Turkapalli,4,1.0,1,0,0.0
TKRU,Takhrau Halt,4,1.0,1,0,0.0
TKU,Tanakallu,4,1.0,1,0,0.0
TL,Tiloniya,4,1.0,1,0,0.0
BGLI,Bargolai,4,1.75,2,0,0.0
BGMU,Bangarmau,4,4.25,5,0,0.0
MBF,Munabao,4,0.0,0,1,25.0
MBGA,Marwar Bagra,4,1.5,2,0,0.0
BNF,Bandhua,4,1.75,2,0,0.0
JNN,Jamuniatanr,4,1.25,2,0,0.0
JNTR,Jinti Road,4,1.25,2,0,0.0
JNX,Jagannath Ji,4,1.5,2,0,0.0
GAJB,Gajara Bahar,4,2.0,2,0,0.0
GAJU,Gaju Halt,4,1.0,1,0,0.0
GAL,Ghatala,4,1.0,1,0,0.0
GAMI,Gogameri,4,2.0,2,0,0.0
JOBA,Joba,4,2.0,2,0,0.0
MBW,Malwara,4,1.5,2,0,0.0
SSPD,Sadashivapet,4,1.0,1,0,0.0
SSV,Sasvad Road,4,1.0,1,0,0.0
CTJ,Chateni,4,2.0,2,0,0.0
CTL,Chital,4,1.0,1,0,0.0
GAA,Galan,4,1.0,1,0,0.0
STBD,Sultanabad H,4,1.0,1,0,0.0
STBJ,Sitabanj,4,1.0,1,0,0.0
NVL,Neyveli,4,1.0,1,0,0.0
DAM,Dhamora,4,1.5,2,0,0.0
DSR,Dhansiri,4,1.5,2,0,0.0
TKMG,Tikamgarh,4,2.0,2,0,0.0
TKND,Trivikaramde,4,1.0,1,0,0.0
TKOT,Tokkuttu,4,1.75,4,0,0.0
TKPH,Takipur Halt,4,1.0,1,0,0.0
TKHE,Takarkhede,4,2.0,2,0,0.0
TKLN,Tarra Kalan,4,2.0,2,0,0.0
JVA,Javale,4,1.0,1,0,0.0
JVL,Jamwala,4,1.0,1,0,0.0
JW,Jatwara,4,1.0,1,0,0.0
JWK,Jawaharpur K,4,1.0,1,0,0.0
STLI,Sithouli,4,1.75,2,0,0.0
FPS,Fatehpur-She,4,1.0,2,0,0.0
FRH,Farhantnagar,4,1.0,1,0,0.0
FSG,Phursungi,4,1.0,1,0,0.0
BTZ,Balimara,4,1.5,2,0,0.0
KJPD,Kurinjipadi,4,1.0,1,0,0.0
KJTW,Kajgaon Terh,4,1.0,1,0,0.0
PCT,Panchtalavad,4,1.0,1,0,0.0
PDF,Padampur,4,2.0,2,0,0.0
JNZ,Jenal,4,1.75,2,0,0.0
SUPP,Suppalapadu,4,1.0,1,0,0.0
SUW,Sukhi Sewani,4,1.5,2,0,0.0
PDGL,Pondugula,4,1.0,1,0,0.0
PDGM,Pudunagaram,4,3.5,11,0,0.0
PDMA,Padma,4,1.0,1,0,0.0
MAR,Mulanur,4,1.0,1,0,0.0
KRKR,Kurkura,4,1.0,1,0,0.0
KRMB,Karmabad,4,1.0,1,0,0.0
FTC,Fatehpur Cha,4,1.0,1,0,0.0
SUAL,Saundal,4,1.0,1,0,0.0
ALV,Anklav,4,1.0,1,0,0.0
KSA,Khasa,4,1.5,2,0,0.0
KSAE,Kosai,4,1.0,1,0,0.0
TJW,Tejpurwa (Ha,4,1.0,1,0,0.0
TKA,Teharka,4,1.75,2,0,0.0
TKHA,Takha,4,1.0,1,0,0.0
TID,Tagdi,4,1.0,1,0,0.0
TII,Tingrai,4,2.0,2,0,0.0
TIP,Tatapparai,4,1.0,1,0,0.0
TISI,Tisi,4,2.25,3,0,0.0
BUTN,Butana Halt,4,1.0,1,0,0.0
AWM,Aswapuram,4,1.0,1,0,0.0
LPTA,Longpatia,4,1.5,2,0,0.0
LRI,Lihuri Ph,4,1.0,1,0,0.0
BRNI,Barwasni Hal,4,1.0,1,0,0.0
BRNR,Barua Nagar,4,1.5,2,0,0.0
AON,Araon,4,1.25,2,0,0.0
AONI,Amoni,4,2.0,2,0,0.0
APA,Amarpura,4,1.25,2,0,0.0
KJP,Khojeepura,4,2.0,2,0,0.0
BGDI,Bagadia  Ph,4,1.0,1,0,0.0
SUMR,Sumer,4,1.5,2,0,0.0
HLKK,Hallikherk,4,1.0,1,0,0.0
BNRD,Balangir Roa,4,2.0,2,0,0.0
BNS,Banas,4,1.0,1,0,0.0
BNSL,Bansinala Ha,4,1.25,2,0,0.0
PARH,Para Kheda,4,2.0,2,0,0.0
SVF,Srivenkatape,4,1.25,2,0,0.0
ASI,Arseni,4,1.0,1,0,0.0
FLD,Phulad,4,7.25,15,0,0.0
MANG,Mahanagar,4,1.0,1,0,0.0
MANK,Manki,4,1.0,1,0,0.0
BTSI,Batasi,4,1.0,1,0,0.0
AVT,Avatihalli,4,1.0,1,0,0.0
AWG,Awa Garh,4,1.0,1,0,0.0
PCHT,Punaichak Ha,4,1.0,1,0,0.0
JTP,Jetpur,4,1.0,1,0,0.0
NYGT,Nayagarhtown,4,0.0,0,0,0.0
CTZ,Chauntra Bha,4,1.25,2,0,0.0
VVV,Vavera,4,1.0,1,0,0.0
VWA,Viduraswatth,4,1.25,2,0,0.0
DET,Det,4,1.0,1,0,0.0
DFR,Deogan Road,4,2.0,2,0,0.0
ATW,Atwa Muthia,4,1.0,1,0,0.0
BWA,Bhinwaliya,4,1.0,1,0,0.0
KGX,Kanginhal,4,1.5,2,0,0.0
BKPR,Bakaspur,4,1.0,1,0,0.0
BKPT,Bhakarapet,4,1.0,1,0,0.0
BKRH,Brij Kishor,4,1.0,1,0,0.0
BKSA,Bakhsha,4,1.0,1,0,0.0
RJAK,Rajnagar K H,4,1.75,2,0,0.0
RKY,Kothariya,4,1.0,1,0,0.0
RLK,Rohalkhurd,4,1.25,2,0,0.0
BKD,Bankoda,4,2.0,2,0,0.0
THX,Tovalai H.,4,1.0,1,0,0.0
DTJ,Detroj,4,2.0,2,0,0.0
DTQ,Datarda Kala,4,2.0,2,0,0.0
DTT,Doddaghatta,4,1.0,1,0,0.0
TIBI,Tibi,4,2.0,2,0,0.0
NWDH,Nawadih,4,2.0,2,0,0.0
NWSI,Nawal Sahi H,4,1.5,2,0,0.0
NYG,Nayagarh,4,2.5,5,0,0.0
JTIN,Jethian,4,1.25,2,0,0.0
JTN,Jotana,4,2.0,2,0,0.0
PCKM,Pachchakuppa,4,1.25,2,0,0.0
PCL,Pulicherla,4,1.0,1,0,0.0
BYC,Bellarycantt,4,1.0,1,0,0.0
KRNI,Krishnai,4,1.0,1,0,0.0
SVS,Srinivaspur,4,1.0,1,0,0.0
CTTP,Chitrapur (H,4,1.0,1,0,0.0
ETAH,Etah,4,0.0,0,0,0.0
AMBR,Ambika (Rohi,4,1.0,1,0,0.0
MTJR,Moterjhar,4,1.0,1,0,0.0
PALM,Palayam,4,1.0,1,0,0.0
JRLI,Jaroli,4,2.75,5,0,0.0
JRO,Jiron,4,2.0,2,0,0.0
JRPD,Jarapada,4,2.0,2,0,0.0
JRQ,Jharokhas,4,1.75,2,0,0.0
PASR,Panduranga S,4,1.0,1,0,0.0
PATR,Paramjeevar,4,2.0,2,0,0.0
PBB,Parbatonia,4,1.0,1,0,0.0
SVZ,Sarai Harkhu,4,1.0,1,0,0.0
SWS,Suwansa,4,1.0,1,0,0.0
KRW,Kharwa,4,1.0,1,0,0.0
ANE,Anantarajupe,4,1.25,2,0,0.0
THR,Thara,4,2.0,2,0,0.0
BDW,Bandanwara,4,1.5,2,0,0.0
BDYR,Bidyadabri,4,1.25,2,0,0.0
SXQ,Suaheri Halt,4,1.0,1,0,0.0
SXX,Salbari,4,1.0,1,0,0.0
SYF,Semai,4,2.0,2,0,0.0
SYL,Salpura,4,1.75,3,0,0.0
SYQ,Sinhan,4,1.5,2,0,0.0
BUBT,Buda Bhartha,4,1.0,1,0,0.0
KRQ,Karari,4,1.75,2,0,0.0
KRRA,Karra,4,1.0,1,0,0.0
KRTH,Kiratgarh,4,1.25,2,0,0.0
KRTR,Karota Patri,4,1.5,2,0,0.0
MALR,Mallur,4,1.0,1,0,0.0
SWT,Shiwala Tehu,4,1.0,1,0,0.0
SWW,Shahanagar T,4,1.0,1,0,0.0
SXA,Sagphata,4,1.25,2,0,0.0
TAE,Tadali Jn.,4,1.0,1,0,0.0
TAKU,Taku,4,1.0,1,0,0.0
BES,Bes,4,1.0,1,0,0.0
EDU,Eriodu,4,1.0,1,0,0.0
OSH,Old Sachival,4,1.0,1,0,0.0
OTN,Oating,4,1.5,2,0,0.0
PADH,Pipradih,4,1.0,1,0,0.0
PAE,Palana,4,1.5,2,0,0.0
PAI,Pabai,4,1.5,2,0,0.0
PAL,Palasner,4,1.75,2,0,0.0
BROR,Berore,4,1.0,1,0,0.0
DUMR,Dumara,4,2.0,2,0,0.0
DUN,Duganpur,4,1.0,1,0,0.0
THEA,Thalera,4,1.75,2,0,0.0
THED,Tauheed,4,1.0,1,0,0.0
THKU,Thalaku,4,1.0,1,0,0.0
NYRH,Nayarhat,4,1.0,1,0,0.0
NZR,Nazira,4,1.5,2,0,0.0
JSB,Yamuna South,4,2.0,2,0,0.0
JSC,Jalesar City,4,1.25,2,0,0.0
JSR,Jasra,4,2.0,2,0,0.0
MTND,Mattagajpur,4,1.0,1,0,0.0
BRRD,Bordi Road,4,1.25,2,0,0.0
BRRZ,Barara Buzur,4,1.0,1,0,0.0
ELL,Eraligul,4,1.0,1,0,0.0
ENB,Ellenabad,4,2.25,3,0,0.0
ERC,Erich Road,4,2.0,2,0,0.0
BETI,Bhetasi,4,1.0,1,0,0.0
BEW,Betawad,4,1.5,2,0,0.0
SZV,Sivadi,4,1.0,1,0,0.0
CWDA,Churiwala,4,2.0,2,0,0.0
CX,Chanol,4,1.5,2,0,0.0
DXD,Digod,4,1.0,1,0,0.0
TAT,Tummanam Gut,4,1.0,1,0,0.0
TATI,Tati,4,1.0,1,0,0.0
LWS,Lukwasa,4,2.0,2,0,0.0
LXR,Lunseriya,4,1.25,2,0,0.0
MADR,Madure (H),4,1.0,1,0,0.0
MADU,Madduru,4,1.0,1,0,0.0
APU,Anipur,4,1.0,1,0,0.0
BO,Borsad,4,1.0,1,0,0.0
OLA,Olakur,4,1.25,2,0,0.0
LW,Lorwada,4,2.0,2,0,0.0
TEO,Teegaon,4,1.25,2,0,0.0
TERH,Terha Halt,4,1.0,1,0,0.0
TGDE,Thangundi,4,1.0,1,0,0.0
TGE,Thekeraguri,4,1.5,2,0,0.0
TGRL,Tangiriapal,4,1.0,1,0,0.0
DWDI,Dighwa Dubau,4,2.0,2,0,0.0
DWJ,Dwarkaganj,4,1.0,1,0,0.0
LSG,Lawa Sardarg,4,1.0,1,0,0.0
LT,Lahavit,4,1.0,1,0,0.0
LTI,Latteri,4,1.25,2,0,0.0
LTKR,Lalit Khera,4,1.0,1,0,0.0
ORC,Orchha,4,1.75,2,0,0.0
ORH,Oddara Halli,4,1.0,1,0,0.0
OSA,Ausa Road,4,1.0,1,0,0.0
MAEL,Mael,4,1.0,1,0,0.0
MAH,Madhoganj,4,2.0,2,0,0.0
TBU,Therban Halt,4,1.0,1,0,0.0
TBX,Tilbhum,4,1.0,1,0,0.0
TCH,Tiruchchuli,4,1.0,1,0,0.0
DWV,Diwan Khavat,4,1.0,1,0,0.0
DWZ,Dante Wara,4,1.5,2,0,0.0
TDV,Thonde Bhavi,4,1.0,1,0,0.0
NANR,Naranpur,4,1.0,1,0,0.0
BWO,Buramara,4,1.0,1,0,0.0
KVJ,Keshav Ganj,4,1.0,1,0,0.0
KVLR,Karuvalli,4,1.0,1,0,0.0
KVN,Kavanur,4,1.25,2,0,0.0
KVNJ,Kapadvanj,4,1.0,1,0,0.0
WRGN,Warigaon New,4,1.0,1,0,0.0
WSB,Washimbe,4,1.5,2,0,0.0
WSD,Wasud,4,1.0,1,0,0.0
YSI,Yedsi,4,1.0,1,0,0.0
YGA,Yaragoppa H,4,1.0,1,0,0.0
BARD,Dubrikalan,4,2.0,2,0,0.0
YDD,Yadudih,4,1.25,2,0,0.0
KHKT,Khotkhoti,4,1.5,2,0,0.0
DDG,Digha Ghat,4,0.0,0,0,0.0
AAG,Angar,4,1.25,2,0,0.0
YGM,Yadugram Bh,4,1.0,1,0,0.0
YDM,Yedamangala,4,1.0,1,0,0.0
YDLP,Yadalapur,4,1.0,1,0,0.0
ABX,Ambari,4,1.0,1,0,0.0
KVH,Khambhel,4,1.0,1,0,0.0
YS,Yermaras,4,1.0,1,0,0.0
DDGA,Dugda Washar,4,1.0,1,0,0.0
ZARP,Zarap,4,1.0,1,0,0.0
AABH,Ambika Bhawa,4,1.0,1,0,0.0
DCU,Damalacheruv,4,1.0,1,0,0.0
AGD,Agasod,4,2.0,2,0,0.0
AGDL,Agran Dhulga,4,1.0,1,0,0.0
AGE,Angai Halt,4,1.0,1,0,0.0
BEE,Bebejia,4,1.0,1,0,0.0
BEJ,Beniganj,4,2.0,2,0,0.0
HNSL,Hesalong  Fs,3,1.0,1,0,0.0
BBAR,Bara,3,2.0,2,0,0.0
BKKI,Bakarkudi,3,1.0,1,0,0.0
HTN,Hatnapur,3,1.3333333333333333,2,0,0.0
RT,Rohat,3,1.3333333333333333,2,0,0.0
IDGJ,Iradatganj,3,2.0,2,0,0.0
SAHL,Saheli,3,1.3333333333333333,2,0,0.0
DIP,Dipore,3,1.0,1,0,0.0
KEJ,Kathleeghat,3,4.0,10,0,0.0
KLPM,Kailasapuram,3,1.0,1,0,0.0
BSDL,Bharsendi,3,2.0,2,0,0.0
NGHW,Nageshwadi H,3,1.0,1,0,0.0
BJIH,Bijuli Halt,3,1.0,1,0,0.0
GRMT,Gud Market,3,1.0,1,0,0.0
LBH,Lucknow (Dik,3,1.0,1,0,0.0
ILO,Illoo,3,1.0,1,0,0.0
MJHR,Majhiari,3,2.0,2,0,0.0
VBH,Vishnupur Ba,3,1.0,1,0,0.0
PAAL,Pala,3,1.3333333333333333,2,0,0.0
MTPC,Motipura Cha,3,1.0,1,0,0.0
BIP,Bahilpurwa,3,2.0,2,0,0.0
NHGJ,New Harangaj,3,3.0,5,0,0.0
MQA,Matoda,3,1.0,1,0,0.0
KOLI,Kesholi,3,1.3333333333333333,2,0,0.0
POR,Piplod Road,3,1.3333333333333333,2,0,0.0
SHWL,Sahuwala,3,1.3333333333333333,2,0,0.0
BCRD,Barchhi Road,3,1.3333333333333333,2,0,0.0
PNHI,Panhai,3,2.0,2,0,0.0
KPCM,Kuwarchintaw,3,1.0,1,0,0.0
MRE,Manauri,3,1.3333333333333333,2,0,0.0
JHMR,Jhimri,3,1.0,1,0,0.0
LKJN,Link Jn Cabi,3,2.0,2,0,0.0
BYR,Bhayandar,3,1.6666666666666667,2,0,0.0
MFX,Madaraha,3,2.0,2,0,0.0
PBC,Parvatsar Ci,3,0.0,0,0,0.0
NWBV,New West Blo,3,1.0,1,0,0.0
GHSR,Ghasara Halt,3,1.0,1,0,0.0
KANO,Kanoh,3,1.3333333333333333,2,0,0.0
KTDD,Kataiya Dand,3,2.0,2,0,0.0
LNKC,Link C-Cabin,3,1.0,1,0,0.0
LOG,Lohgara,3,2.0,2,0,0.0
KAI,Kairla,3,1.0,1,0,0.0
CRKR,Chaurakheri,3,1.0,1,0,0.0
MRX,Murud,3,1.0,1,0,0.0
TNH,Tinkheda,3,1.3333333333333333,2,0,0.0
PEH,Pathardih Jn,3,16.666666666666668,20,0,0.0
CRWL,Chakrakwala,3,1.6666666666666667,2,0,0.0
GDBR,Goonda (Biha,3,1.0,1,0,0.0
BOM,Bomadra,3,1.3333333333333333,2,0,0.0
BNGM,Bangurgram H,3,1.0,1,0,0.0
BNOD,Benoda,3,1.3333333333333333,2,0,0.0
BUS,Badausa,3,2.0,2,0,0.0
BGAR,Bangari,3,1.0,1,0,0.0
SYWN,Saiyid Saraw,3,1.3333333333333333,2,0,0.0
SSNS,Saheed Suraj,3,1.0,1,0,0.0
SSR,Sareri,3,1.0,1,0,0.0
FYZ,Faizullapur,3,1.0,1,0,0.0
NVD,Naval Gund R,3,1.6666666666666667,3,0,0.0
CDSL,Chandresal,3,1.0,1,0,0.0
SVTN,Shivathan,3,1.3333333333333333,2,0,0.0
DV,Dhuva,3,1.0,1,0,0.0
OHAN,Ohan Cabin,3,2.0,2,0,0.0
DWI,Dingwai,3,2.0,2,0,0.0
LTMD,Latemda,3,1.0,1,0,0.0
RKZ,Rajkiawas,3,1.6666666666666667,2,0,0.0
MLU,Malugur,3,1.3333333333333333,2,0,0.0
MZV,Maralahalli,3,1.0,1,0,0.0
BBC,Bhachhbar,2,2.0,2,0,0.0
DXU,Dohru,2,1.5,2,0,0.0
TASA,Tippesandra,2,1.0,1,0,0.0
MAAR,Malar,2,2.0,2,0,0.0
JRV,Juna Rajuvad,2,1.0,1,0,0.0
JRX,Juriagaon,2,1.0,1,0,0.0
JSA,Jasai,2,2.0,2,0,0.0
OKD,Okhamadhi,2,2.0,2,0,0.0
LVK,Lakkavarapuk,2,1.0,1,0,0.0
TGT,Tinaighat,2,1.0,1,0,0.0
JSD,Jaisinder,2,2.0,2,0,0.0
JSI,Jasali,2,2.0,2,0,0.0
BRRI,Birari,2,2.0,2,0,0.0
EN,Isand,2,1.5,2,0,0.0
RLX,Ramanujampal,2,1.0,1,0,0.0
HLKT,Halakatta,2,1.5,2,0,0.0
KRLA,Koratla,2,1.0,1,0,0.0
KRMD,Kuarmunda,2,1.0,1,0,0.0
STSN,Shaitan Sing,2,1.5,2,0,0.0
SUBL,Hubli South,2,1.0,1,0,0.0
DAC,Dahinsara,2,3.0,5,0,0.0
KIJ,Kuldiha,2,1.0,1,0,0.0
JUR,Juturu,2,1.0,1,0,0.0
MTPI,Metpalli,2,1.0,1,0,0.0
OCH,Odaniya Chac,2,2.0,2,0,0.0
DVGM,Devgam,2,2.0,2,0,0.0
DWL,Dhuwala,2,1.0,1,0,0.0
LTG,Lataguri Jn,2,1.0,1,0,0.0
LTK,Lathikata,2,1.0,1,0,0.0
BKS,Balikotia,2,1.0,1,0,0.0
RLL,Regadipalli,2,1.0,1,0,0.0
RLP,Harla Pur,2,1.0,1,0,0.0
CHOD,Charduar,2,1.0,1,0,0.0
BUB,Bissau,2,1.0,1,0,0.0
PCY,Pipar City,2,1.0,1,0,0.0
GA,Gudda,2,1.5,2,0,0.0
GADH,Goaldih,2,1.0,1,0,0.0
DSVS,D Samudraval,2,1.0,1,0,0.0
DSX,Desang,2,1.0,1,0,0.0
DTC,Ditokcherra,2,1.0,1,0,0.0
BXK,Bandarkhal,2,1.0,1,0,0.0
MBO,Mairabari,2,0.0,0,0,0.0
MBT,Marwar Bithr,2,2.0,2,0,0.0
SUKU,Suku,2,1.0,1,0,0.0
SUP,Srungavarapu,2,3.0,3,0,0.0
SURL,Sureli,2,1.0,1,0,0.0
SURR,Surera,2,1.0,1,0,0.0
PDJ,Phiding,2,1.0,1,0,0.0
JUCT,Jodhpur Cant,2,1.0,1,0,0.0
CTS,Chhatariput,2,1.0,1,0,0.0
ASCE,Athsarai,2,1.0,1,0,0.0
MANE,Maneswar,2,2.0,2,0,0.0
BTTN,Bhattian,2,1.0,1,0,0.0
JRBM,Jiribam,2,1.0,2,0,0.0
PBV,Paliba,2,1.0,1,0,0.0
NYK,Naya Khardia,2,1.0,1,0,0.0
TILA,Tila,2,1.5,2,0,0.0
LR,Ladpura,2,1.0,1,0,0.0
LRB,Larabad Bh,2,1.0,1,0,0.0
FAB,Fatehabad,2,2.0,2,0,0.0
BUBR,Bhutkiya Bhi,2,2.0,2,0,0.0
MTV,Matalkunta,2,1.0,1,0,0.0
MUM,Mangapatnam,2,1.0,1,0,0.0
CHNN,Channani,2,1.0,1,0,0.0
BDQ,Budora,2,1.0,1,0,0.0
BDRI,Bhadrauli,2,1.0,1,0,0.0
BDS,Boradighi,2,1.0,1,0,0.0
BDVR,Boddavara,2,1.0,1,0,0.0
SRGP,Sargipali,2,2.0,2,0,0.0
SRK,Samrau,2,1.5,2,0,0.0
PDMI,Pendlimarri,2,0.0,0,0,0.0
JNNA,Jamuniatanr,2,1.5,2,0,0.0
JNRI,Jalindri,2,1.0,1,0,0.0
KRHA,Korahia,2,1.0,1,0,0.0
KRHT,Kharahat,2,1.0,1,0,0.0
GAMN,Gamani,2,1.0,1,0,0.0
SSCR,Sonachara  S,2,1.0,1,0,0.0
BGHU,Borraguhalu,2,5.0,5,0,0.0
TLL,Talap,2,2.0,2,0,0.0
BDO,Bahalda Road,2,1.0,1,0,0.0
NTT,Nathapettai,2,1.0,1,0,0.0
NTVT,Nethravathi,2,1.0,1,0,0.0
TMH,Tin Mile Hat,2,1.0,1,0,0.0
LPK,Lepetkata,2,2.0,2,0,0.0
LPN,Laopani,2,2.0,2,0,0.0
MRWS,Marwar Ranaw,2,1.0,1,0,0.0
SQF,Sukritipur,2,1.0,1,0,0.0
SRAS,Siras,2,1.0,1,0,0.0
KQI,Kalachand,2,1.0,1,0,0.0
CHOK,Chauk,2,1.5,2,0,0.0
JMRA,Jamira,2,1.0,1,0,0.0
KRDN,Karaundhana,2,1.0,1,0,0.0
BTM,Battulapuram,2,1.0,1,0,0.0
AGZ,Amagura,2,1.0,1,0,0.0
SRKR,Salar Khurd,2,1.5,2,0,0.0
GBE,Gayabari,2,1.5,2,0,0.0
KQY,Kharikatia,2,2.0,2,0,0.0
KRAP,Krappa Halt,2,1.0,1,0,0.0
SPS,Shripat Shri,2,0.0,0,0,0.0
SQB,Singhabad,2,0.0,0,0,0.0
BNA,Bannikoppa,2,1.0,1,0,0.0
KPU,Krishnapuram,2,1.0,1,0,0.0
SOLR,Solur,2,1.0,1,0,0.0
SOQ,Sompur Road,2,1.0,1,0,0.0
SPD,Supedi,2,1.0,1,0,0.0
TNO,Tundu,2,1.0,1,0,0.0
DAYG,Dariyaganj,2,2.0,2,0,0.0
PKB,Patharkhola,2,2.0,2,0,0.0
SOF,Saota,2,1.0,1,0,0.0
PEI,Perani,2,1.5,2,0,0.0
GDD,Gadra Road,2,2.0,2,0,0.0
PFU,Padua,2,1.0,1,0,0.0
BASR,Batesar,2,1.0,1,0,0.0
KGK,Kankurgachhi,2,0.0,0,0,0.0
RGG,Radhogarh,2,2.0,2,0,0.0
HNM,Hinota Ramba,2,2.0,2,0,0.0
BKKA,Bhukarka,2,1.0,1,0,0.0
GDKP,Ghundankhapa,2,1.5,2,0,0.0
BHAS,Bhojras,2,1.0,1,0,0.0
BHAU,Bhalua,2,1.0,1,0,0.0
PJPT,Parjapati Ha,2,1.0,1,0,0.0
TOP,Tapasi,2,1.0,1,0,0.0
NRSP,Narasimhapur,2,1.0,1,0,0.0
JWS,Jharwasa,2,1.0,1,0,0.0
NRYP,Narayanapura,2,1.0,1,0,0.0
NSCL,New Silchar,2,1.0,1,0,0.0
JKAR,Jaklair,2,0.0,0,0,0.0
JKO,Jakkalacheru,2,1.0,1,0,0.0
TPO,Tantpur,2,0.0,0,0,0.0
TPQ,Tokopal,2,1.0,1,0,0.0
DPSR,Dapsaura,2,1.5,2,0,0.0
NRJ,Narimogaru,2,1.5,2,0,0.0
NRKE,Nari-Khetri,2,1.0,1,0,0.0
KALN,Kalana,2,1.0,1,0,0.0
GGNP,Ganganpalle,2,1.0,1,0,0.0
GGY,Gagariya,2,2.0,2,0,0.0
MMVR,Murga-Mahade,2,1.0,1,0,0.0
MNCR,Monacherra,2,1.0,1,0,0.0
MNDP,Mendipathar,2,0.0,0,0,0.0
HKD,Hailakandi,2,5.5,6,0,0.0
RMPB,Rampur Bazar,2,1.0,1,0,0.0
RMX,Ramsar,2,2.0,2,0,0.0
KMLR,Kamalur,2,1.0,1,0,0.0
KMNG,Kamranga,2,1.0,1,0,0.0
MEKM,Melakkonnakk,2,1.0,1,0,0.0
PKJN,Pakhajan,2,1.0,1,0,0.0
DPZ,Devpura,2,1.0,1,0,0.0
ASP,Aspari,2,1.0,1,0,0.0
LNT,Lingti,2,3.5,5,0,0.0
BRMP,Birmitrapur,2,0.0,0,0,0.0
MVA,Malaka Vemal,2,1.0,1,0,0.0
SNAR,Srinagar,2,1.5,2,0,0.0
MRTA,Muraitha  Ha,2,1.0,1,0,0.0
MRTD,Mortad,2,1.0,1,0,0.0
MRKL,Marikal,2,1.0,1,0,0.0
KPLH,Kotipalli,2,0.0,0,0,0.0
SNIE,Sath Naraini,2,1.0,1,0,0.0
GEK,Gegal Akhri,2,1.0,1,0,0.0
NSP,Nalla-Sopara,2,1.0,1,0,0.0
NSPH,Narasapurapu,2,1.0,1,0,0.0
CPE,Chandiposhi,2,1.0,1,0,0.0
KKBA,Kakbara,2,1.0,1,0,0.0
PLE,Piplee,2,2.0,2,0,0.0
KOVH,Kovvada Halt,2,1.0,1,0,0.0
KOWN,Khowang,2,2.0,2,0,0.0
SMGR,Samaguri,2,1.0,1,0,0.0
SMLG,Shimili Guda,2,1.0,1,0,0.0
SN,Sukna,2,2.0,2,0,0.0
BOTR,Bhavdhari,2,1.0,1,0,0.0
BOW,Borawar,2,1.0,1,0,0.0
KARJ,Karjhausa,2,1.0,1,0,0.0
BDNP,Bidanpur,2,1.0,1,0,0.0
TQR,Tektar F,2,1.0,1,0,0.0
TRBE,Tarabari,2,1.0,1,0,0.0
LMA,Lambiya,2,1.0,1,0,0.0
PN,Pansar,2,1.5,2,0,0.0
BHJA,Bheja,2,1.0,1,0,0.0
ESV,Isivi,2,1.0,1,0,0.0
CHHU,Chhanua,2,1.0,1,0,0.0
CHIB,Chirai,2,2.0,2,0,0.0
CUE,Chaupale,2,1.5,2,0,0.0
SWO,Sonwara,2,1.5,2,0,0.0
BUF,Bimalgarh Jn,2,1.0,1,0,0.0
MAKH,Mokhampura,2,1.0,1,0,0.0
MAKP,Manikpura,2,1.0,1,0,0.0
DTRA,Dantra,2,1.0,1,0,0.0
DTRD,Diyatra,2,2.0,2,0,0.0
JTKN,Jaitpur Kala,2,1.0,1,0,0.0
BFG,Bagthar,2,1.0,1,0,0.0
SZY,Silak Jhori,2,1.0,1,0,0.0
SZE,Sonardih,2,0.0,0,0,0.0
SMDM,Samudram,2,1.0,1,0,0.0
LLBR,Lalabazar,2,5.0,5,0,0.0
LLD,Lalawadi,2,1.0,1,0,0.0
CHAR,Charmal,2,2.0,2,0,0.0
MUPA,Mupa,2,1.0,1,0,0.0
BRL,Barwalaroad,2,1.0,1,0,0.0
BHNG,Bhalukpong,2,0.0,0,0,0.0
GIHT,Gaighat Halt,2,1.0,1,0,0.0
MGE,Migrendisa,2,1.0,1,0,0.0
KOTI,Koti,2,1.5,2,0,0.0
JIGT,Jirighat,2,1.5,2,0,0.0
BMPR,Badampahar,2,0.0,0,0,0.0
KTCE,Katoghan,2,1.0,1,0,0.0
KTCR,Katlichera,2,1.0,1,0,0.0
DPC,Darliput,2,1.0,1,0,0.0
TRF,Taropa,2,1.5,2,0,0.0
DOI,Domohni,2,1.0,1,0,0.0
CHTT,Chitta Halt,2,1.0,1,0,0.0
BTDR,Batadrawa Ro,2,1.0,1,0,0.0
GME,Gumandev,2,1.0,1,0,0.0
SKPA,Sri Kalyan P,2,1.5,2,0,0.0
LLPR,Lalit Lachmi,2,1.0,1,0,0.0
TSL,Taksal,2,1.5,2,0,0.0
AYN,Aiyanapuram,2,1.0,1,0,0.0
KAYR,Kayar,2,2.5,3,0,0.0
NNHT,Nonihat,2,1.0,1,0,0.0
PLWR,Phulwaria,2,3.5,6,0,0.0
SLON,Salona,2,1.0,1,0,0.0
SLPM,Shivalingapu,2,1.0,1,0,0.0
GIZ,Gidam,2,1.0,1,0,0.0
GJN,Gajner,2,2.0,2,0,0.0
SMBH,Salimpur Bih,2,1.0,1,0,0.0
BHBR,Bathua Bazar,2,0.0,0,0,0.0
NNWH,New Nawadih,2,1.0,1,0,0.0
NOLB,Nolbari,2,1.0,1,0,0.0
NOR,Neoranadi,2,1.0,1,0,0.0
BCW,Bhawi,2,1.0,1,0,0.0
BDHA,Badhada,2,1.0,1,0,0.0
BAF,Bap,2,2.0,2,0,0.0
BPGR,Benipurgram,2,1.0,1,0,0.0
SKNP,Sarkanpur,2,2.0,2,0,0.0
GLTA,Gahlota,2,1.0,1,0,0.0
GM,Garmadi,2,2.0,2,0,0.0
GMC,Kanpur Goods,2,1.0,1,0,0.0
KPJG,Kerejanga,2,2.0,2,0,0.0
MGKP,Manisingh Ka,2,1.0,1,0,0.0
MRC,Marichethal,2,1.0,1,0,0.0
JHH,Jhalra  Halt,2,1.0,1,0,0.0
CHRU,Chamrua,2,2.0,2,0,0.0
VU,Vaghpura,2,2.0,2,0,0.0
NCE,Nlachrvuru E,2,1.0,1,0,0.0
AKVU,Ankleshwar U,2,1.0,1,0,0.0
AKW,Akona,2,2.5,3,0,0.0
BPJ,Bara Hapjan,2,2.0,2,0,0.0
NMLU,Nemakallu,2,1.0,1,0,0.0
AVC,Amaravathi C,2,1.0,1,0,0.0
AVH,Avidha,2,1.0,1,0,0.0
TVNL,Tiruvennamal,2,1.0,1,0,0.0
DBLG,Dijaobra,2,1.0,1,0,0.0
DBLI,Debrabandhau,2,1.0,1,0,0.0
DMZ,Dumdangi,2,1.0,1,0,0.0
DNGI,Dangari,2,0.0,0,0,0.0
BHSA,Bhisa Halt,2,1.0,1,0,0.0
SJSM,Salemgarh Ma,2,1.0,1,0,0.0
SK,Sakhun,2,1.0,1,0,0.0
GMTO,Gumto,2,2.0,2,0,0.0
ANM,Anamalai Roa,2,1.0,1,0,0.0
MGTD,Meghpur Tito,2,2.0,2,0,0.0
ROS,Rajosi,2,1.0,1,0,0.0
RPI,Rupaheli,2,1.0,1,0,0.0
MNPT,Mungilipattu,2,1.0,1,0,0.0
HTNL,Hitnal H,2,1.0,1,0,0.0
BSPL,Basampalle,2,1.0,1,0,0.0
HSWS,Hansiawas,2,1.0,1,0,0.0
HTD,Hatundi,2,1.0,1,0,0.0
RDY,Reddipalaiya,2,1.0,1,0,0.0
KMPS,Kumarapatnam,2,1.0,1,0,0.0
KMQA,Komali,2,1.0,1,0,0.0
RNGN,Ranigaon,2,1.0,1,0,0.0
RNI,Rangapani,2,1.0,1,0,0.0
CLPE,Challavaripa,2,1.0,1,0,0.0
UDPR,Udaipura,2,2.0,2,0,0.0
SIRA,Sirhi Itara,2,2.0,3,0,0.0
SIRD,Sird,2,2.0,2,0,0.0
SIZ,Shrikhanda,2,1.0,1,0,0.0
BHNS,Bhansi,2,1.0,1,0,0.0
SKAR,Sakariya,2,2.0,2,0,0.0
MVF,Manabar,2,1.0,1,0,0.0
MVG,Maligura,2,1.0,1,0,0.0
TXD,Tyada,2,1.0,1,0,0.0
TY,Tulukapatti,2,1.0,1,0,0.0
TZD,Tozhuppedu,2,1.5,2,0,0.0
BCF,Bankapasi,2,1.0,1,0,0.0
NKX,Nakati Semra,2,1.0,1,0,0.0
NLA,Nancherla,2,1.0,1,0,0.0
NLN,Nailalung,2,2.0,2,0,0.0
GMM,Gumman,2,1.5,2,0,0.0
NKJ,New Katni Ju,2,2.0,2,0,0.0
JCH,Jetha Chanda,2,2.0,2,0,0.0
JDD,Jerthi Dadhi,2,1.0,1,0,0.0
SIA,Shivlakha,2,2.0,2,0,0.0
SIBR,Shribar,2,1.0,1,0,0.0
SIDP,Siddapura,2,1.0,1,0,0.0
SIGA,Shantigrama,2,1.0,1,0,0.0
SILR,Silari,2,1.0,1,0,0.0
MRBD,Moinarband,2,1.0,1,0,0.0
MGV,Molagavalli,2,1.0,1,0,0.0
JGI,Jhagadiya Jn,2,1.0,1,0,0.0
JGLP,Jatinga,2,3.5,5,0,0.0
KCY,Kaichar,2,1.0,1,0,0.0
KDAG,Kyatsndra Go,2,1.0,1,0,0.0
KDBA,Kodimbala,2,1.0,1,0,0.0
UDK,Udyankheri,2,2.0,2,0,0.0
CNV,Kinattukkada,2,1.5,2,0,0.0
CNX,Chandauna Ha,2,1.0,1,0,0.0
POX,Polapatthar,2,1.0,1,0,0.0
NKRA,Nokhra,2,2.0,2,0,0.0
DMF,Dumetra,2,1.0,1,0,0.0
LGT,Langting,2,2.0,2,0,0.0
KTLA,Katkola,2,1.0,1,0,0.0
BIDD,Bidiyad,2,1.0,1,0,0.0
MHKT,Mohkhuti,2,1.0,1,0,0.0
MHN,Mahanadi,2,1.0,1,0,0.0
BHRB,Bhairabi,2,0.0,0,0,0.0
DMSR,Dhimsiri,2,1.0,1,0,0.0
DBF,Dabpal,2,1.0,1,0,0.0
UGNA,Ugna,2,1.0,1,0,0.0
ULU,Ulundurpet,2,1.0,1,0,0.0
MWR,Mahansar,2,1.0,1,0,0.0
MPLY,Meppuliyur,2,1.0,1,0,0.0
PPS,Pipliya Road,2,1.0,1,0,0.0
SGW,Singwal,2,1.0,1,0,0.0
SHEO,Shisho H,2,1.0,1,0,0.0
BHZ,Bihara,2,2.0,2,0,0.0
BICI,Barkichanpi,2,1.0,1,0,0.0
BII,Boridra,2,1.0,1,0,0.0
KKR,Khakhrala Ro,2,1.0,1,0,0.0
BWPL,Balwantpura,2,1.0,1,0,0.0
UML,Umalla,2,1.0,1,0,0.0
MVW,Mallividu,2,2.0,3,0,0.0
PQU,Parhana Mau,2,2.0,2,0,0.0
CJE,Kanchipuram,2,1.0,1,0,0.0
MPRA,Mahamadpur-A,2,1.0,1,0,0.0
MPT,Mangalampeta,2,1.0,1,0,0.0
SHRG,Shri Ramgarh,2,1.0,1,0,0.0
KLCR,Katlicherra,2,1.0,1,0,0.0
CJQ,Champajharan,2,1.0,1,0,0.0
JAK,Jakanur H,2,1.0,1,0,0.0
MHPE,Mohope,2,1.0,1,0,0.0
SFM,Sunam,2,2.5,3,0,0.0
SFZ,Shinduriya K,2,2.0,2,0,0.0
MWAI,Mawai,2,2.0,2,0,0.0
DLDE,Daldali,2,2.0,2,0,0.0
URML,Uparmal,2,1.0,1,0,0.0
DKSA,Draksharama,2,1.0,1,0,0.0
DKUR,Dokur,2,1.0,1,0,0.0
DKW,Dhanakwada,2,2.0,2,0,0.0
ISHN,Ishanagar,2,2.0,2,0,0.0
CII,Chettiyapatt,2,1.0,1,0,0.0
MITA,Mitha,2,2.0,2,0,0.0
JATP,Jaitpura,2,1.0,1,0,0.0
KDMD,Kandambakkam,2,1.0,1,0,0.0
KDPA,Khadapa,2,1.0,1,0,0.0
KDS,Kusunda,2,0.0,0,0,0.0
KNHP,Kanhaipur,2,1.0,1,0,0.0
GPJ,Gorapur,2,1.0,1,0,0.0
GPY,Ganga Yapall,2,1.0,1,0,0.0
AHO,Adarshnagar,2,1.0,1,0,0.0
SEPN,Sepon,2,1.0,1,0,0.0
PRKL,Parikkal,2,1.0,1,0,0.0
NJB,Nijbari,2,1.0,1,0,0.0
BPKH,Budha Pushka,2,1.0,1,0,0.0
LCT,Langcholiet,2,2.0,2,0,0.0
BXF,Barsuan,2,0.0,0,0,0.0
KTOR,Katoriya,2,1.0,1,0,0.0
KNYR,Kaniyuru,2,1.0,1,0,0.0
KODR,Kodinar,2,0.0,0,0,0.0
MYD,Manderdisa,2,1.0,1,0,0.0
EGU,Iranagalu,2,1.0,1,0,0.0
BRPS,Barapalasi,2,1.0,1,0,0.0
DURP,Durgapuri,2,2.0,2,0,0.0
DUT,Dum Duma Tow,2,2.0,2,0,0.0
THM,Thaiyat Hami,2,2.0,2,0,0.0
THMA,Tham,2,1.0,1,0,0.0
THMR,Thathana Mit,2,1.0,1,0,0.0
BDXX,Badearapur,2,1.0,1,0,0.0
BDYK,Bindayaka,2,1.0,1,0,0.0
BED,Baseri,2,1.0,1,0,0.0
JRT,Jarati,2,1.0,1,0,0.0
OND,Aunlajori Jn,2,7.5,10,0,0.0
TCNR,Tiruchanur,2,1.0,1,0,0.0
AGB,Ambagaon,2,1.0,1,0,0.0
NGX,Negun,2,1.0,1,0,0.0
LB,Lain Bazar,2,2.0,2,0,0.0
DJS,Dhurant Jwas,2,1.5,2,0,0.0
DKE,Dihakho,2,1.0,1,0,0.0
VDK,Vadakannikap,2,1.0,1,0,0.0
VGH,Velangi Halt,2,1.0,1,0,0.0
VGRA,Vagra,2,1.0,1,0,0.0
PUHT,Pushkar Term,2,0.0,0,0,0.0
PUQ,Puranigudam,2,1.0,1,0,0.0
CNDN,Chandan,2,1.0,1,0,0.0
PRNR,Porjanpur,2,1.0,1,0,0.0
PRSR,Paharsar,2,1.0,1,0,0.0
SDHR,Sandhani Dha,2,1.0,1,0,0.0
SDLK,Sundlak,2,1.0,1,0,0.0
MJKN,Majrikhadan,2,1.0,1,0,0.0
PSJ,Patasahi,2,1.0,1,0,0.0
VB,Villiambakka,2,1.0,1,0,0.0
DIR,Dhanapur-Ori,2,1.0,1,0,0.0
DIU,Dhing,2,1.0,1,0,0.0
DJA,Daotuhaja,2,5.0,5,0,0.0
KEMA,Kukma,2,2.0,2,0,0.0
ALE,Amletha,2,1.0,1,0,0.0
ALGP,Algapur,2,1.0,1,0,0.0
NGM,Nagasamudram,2,1.0,1,0,0.0
NGMN,New Gumandev,2,1.0,1,0,0.0
MXJ,Mangurjan,2,1.0,1,0,0.0
GTWD,Ghatwad,2,1.0,1,0,0.0
GUDM,Gudum,2,0.0,0,0,0.0
SALI,Saheli,2,1.0,1,0,0.0
MOX,Moran,2,1.0,1,0,0.0
MKHR,Marwar Khara,2,2.0,2,0,0.0
CNJW,Holding Line,2,2.0,2,0,0.0
PTPL,Petrapole,2,0.0,0,0,0.0
KEMR,Kemri (Halt),2,1.0,1,0,0.0
CFG,Chakiting,2,2.0,2,0,0.0
SAMN,Samni Jn.,2,1.0,1,0,0.0
SAS,Sheodaspura-,2,1.0,1,0,0.0
IGTA,Lngohta,2,2.0,3,0,0.0
KHST,Kashanatti,2,1.0,1,0,0.0
KDUH,Kunduru,2,1.0,1,0,0.0
LAA,Lakhpat,2,2.0,2,0,0.0
DJHR,Deojhar,2,1.0,1,0,0.0
BBI,Bara Bani,2,1.0,1,0,0.0
VH,Vakada Halt,2,1.0,1,0,0.0
AKAH,Artalakatta,2,1.0,1,0,0.0
MOAR,Manipur Baga,2,1.0,1,0,0.0
CNE,Chandranathp,2,1.0,1,0,0.0
BSRI,Basari,2,1.5,2,0,0.0
BSRL,Besroli,2,1.5,2,0,0.0
PVN,Puvanur,2,1.0,1,0,0.0
KUMT,Kurmahat,2,1.0,1,0,0.0
DHM,Dadhal Inam,2,1.0,1,0,0.0
PYLA,Piyala Block,2,1.0,1,0,0.0
CAZ,Chauhani,2,2.0,2,0,0.0
CBD,Changrabandh,2,10.0,10,0,0.0
KNDP,Khandip,2,1.0,1,0,0.0
MKJ,Makkajipalli,2,1.0,1,0,0.0
CASA,Chhansara,2,2.0,2,0,0.0
CAT,Chattar Hat,2,1.0,1,0,0.0
ARMU,Armoor,2,1.0,1,0,0.0
HWX,Habaipur,2,2.0,2,0,0.0
VJK,Vejalaka,2,1.0,1,0,0.0
DHRY,Dhaipukhuri,2,2.0,2,0,0.0
KZJE,Kazipet E Ca,2,3.0,5,0,0.0
KZJF,Kazipet F Ca,2,5.0,5,0,0.0
KMSD,Kumar Sodra,2,1.0,1,0,0.0
DHQ,Dharakoh,2,1.0,1,0,0.0
VLV,Vallivedu,2,1.0,1,0,0.0
VML,Vemulapadu,2,1.0,1,0,0.0
KHGP,Khargapur,2,2.0,2,0,0.0
CKHS,Chikhli,2,1.0,1,0,0.0
CMBR,Chembur,2,0.0,0,0,0.0
BJM,Bagavathipur,2,0.0,0,0,0.0
RUT,Ratnal,2,2.0,2,0,0.0
RXR,Rangapahar,2,2.0,2,0,0.0
RXRX,Rangaphar Cr,2,2.0,2,0,0.0
GUMI,Gorumahisani,2,10.0,10,0,0.0
RUP,Rupaigaon,2,1.0,1,0,0.0
BAJE,Bajakare,2,1.0,1,0,0.0
GVMH,Gangavaram H,2,1.0,1,0,0.0
GVMR,Govindi Marw,2,1.5,2,0,0.0
RRP,Rairangpur,2,1.0,1,0,0.0
RSWT,Ramgarh Shek,2,1.0,1,0,0.0
VONB,Vondh,2,2.0,2,0,0.0
DGPI,Durgapuri,2,2.0,2,0,0.0
DGX,Dahgaon,2,1.0,1,0,0.0
KYG,Kidiya Nagar,2,2.0,2,0,0.0
HBQ,Hubli East C,2,1.0,1,0,0.0
PYV,Palayasivara,2,1.0,1,0,0.0
QDN,Qadian,2,0.0,0,0,0.0
QMRS,Kayamsar,2,1.0,1,0,0.0
RTRA,Ramnathpur,2,1.0,1,0,0.0
RUB,Rasulabad,2,1.0,1,0,0.0
CMDP,Chimidipalli,2,1.0,1,0,0.0
MKRD,Machhakunda,2,1.0,1,0,0.0
MKRH,Mallickpurha,2,1.0,1,0,0.0
MKWI,Makarwadi Ha,2,1.0,1,0,0.0
BBCE,Bulbulchandi,2,1.0,1,0,0.0
VRN,Vanganur,2,1.0,1,0,0.0
DBZ,Dhing Bazar,2,1.0,1,0,0.0
DCA,Damchara,2,1.0,1,0,0.0
DGFJ,Dahej,2,0.0,0,0,0.0
HTL,Hatikhali,2,1.0,1,0,0.0
MLNH,Malancha,2,1.0,1,0,0.0
MLPM,Arakkonam We,2,1.0,1,0,0.0
BKAC,Barkakana Av,2,1.0,1,0,0.0
HAB,Bah,2,2.0,2,0,0.0
HATB,Hatibari,2,2.0,2,0,0.0
RTG,Rangtong,2,1.0,1,0,0.0
RAMA,Ramva,2,1.0,1,0,0.0
RAPU,Rampura,2,1.5,2,0,0.0
RBCS,Ramachandrap,2,1.0,1,0,0.0
RPY,Rupai,2,2.0,2,0,0.0
MZHL,Majhauli,2,2.0,2,0,0.0
DDMT,Darimeta,2,1.5,2,0,0.0
TDH,Tindharia,2,1.5,2,0,0.0
HLD,Haludpukur,2,1.0,1,0,0.0
RJD,Raj-Pardi,2,1.5,2,0,0.0
HLX,Hilara,2,1.0,1,0,0.0
RJU,Rajula City,2,0.0,0,0,0.0
HNPA,Handapa,2,2.0,2,0,0.0
HNR,Hansara,2,2.0,2,0,0.0
NAL,Nal Halt,2,2.0,2,0,0.0
KWGN,Kawargaon,2,1.0,1,0,0.0
WWA,Vavaniya,2,1.0,1,0,0.0
HBU,Halbarga,2,1.0,1,0,0.0
MLBZ,Mal Bazar,2,1.0,1,0,0.0
RAJ,Rajpipla,2,0.0,0,0,0.0
VRDP,Varadapur,2,1.0,1,0,0.0
RLR,Raila Road,2,1.0,1,0,0.0
BKC,Bhikamkor,2,2.0,2,0,0.0
MMC,Mahamandir,2,1.0,1,0,0.0
MMKB,Memra Memrak,2,1.0,1,0,0.0
KMA,Kaima,2,2.0,2,0,0.0
KMEZ,Kumar Marang,2,1.0,1,0,0.0
KMH,Kalamalla,2,1.0,1,0,0.0
CKS,Chaksu,2,1.0,1,0,0.0
NBS,New Baneswar,2,1.0,1,0,0.0
KUW,Kunwar,2,1.0,1,0,0.0
BARA,Bilara,2,0.0,0,0,0.0
ACCI,Adichunchuna,2,1.0,1,0,0.0
WDA,Wadrengdisa,2,1.0,1,0,0.0
KVLS,Karakavalasa,2,1.0,1,0,0.0
YGD,Yerragudipad,2,1.0,1,0,0.0
YPRA,Yesvantpur B,2,1.0,1,0,0.0
YADA,Satyavalli,1,1.0,1,0,0.0
DDS,Dudh Sagar,1,1.0,1,0,0.0
MTSK,Mota Surka,1,1.0,1,0,0.0
PWU,Paranur,1,1.0,1,0,0.0
VNGL,Laddivadi,1,1.0,1,0,0.0
VNGP,Vangaichungp,1,0.0,0,0,0.0
NEWC,New West Cab,1,10.0,10,0,0.0
NEYT,National The,1,1.0,1,0,0.0
MJM,Manjhauli Gr,1,1.0,1,0,0.0
PRGR,Pinagoria,1,1.0,1,0,0.0
BLWD,Bolwad,1,1.0,1,0,0.0
SGLM,Sengulam,1,1.0,1,0,0.0
BRTA,Bartara  Hal,1,2.0,2,0,0.0
AYD,Ayandur,1,1.0,1,0,0.0
BCL,Mumbai Centr,1,1.0,1,0,0.0
BCPR,Bachharpur H,1,1.0,1,0,0.0
SKIP,Shikaripara,1,1.0,1,0,0.0
LIM,Sonauilm,1,2.0,2,0,0.0
CKVD,Chikkadavadi,1,1.0,1,0,0.0
BA,Bandra,1,1.0,1,0,0.0
JHSA,Jhansi A Cab,1,2.0,2,0,0.0
MGPI,Mangarpatti,1,1.0,1,0,0.0
BRMA,Barmasia,1,1.0,1,0,0.0
LLKN,Lal Kalan,1,2.0,2,0,0.0
MUY,Mugaiyur Hal,1,1.0,1,0,0.0
SLJR,Salgajhari,1,1.0,1,0,0.0
BMNI,Bamani,1,1.0,1,0,0.0
MEH,Melalathur,1,1.0,1,0,0.0
PKL,Papinayakana,1,1.0,1,0,0.0
HRNS,Harising,1,1.0,1,0,0.0
VVKN,Vivekananda,1,1.0,1,0,0.0
KURV,Kurva,1,1.0,1,0,0.0
MDVB,Mandar Vidya,1,1.0,1,0,0.0
CPW,Chotipadoli,1,1.0,1,0,0.0
PJLE,Panjwara Roa,1,1.0,1,0,0.0
NRSD,New Runnisai,1,1.0,1,0,0.0
SPRN,Salempur Hal,1,1.0,1,0,0.0
TNRI,Teneri Halt,1,1.0,1,0,0.0
CRZ,Caranzol,1,1.0,1,0,0.0
KRCA,Karchiya Yar,1,1.0,1,0,0.0
CHJC,Chitoda,1,1.0,1,0,0.0
PCTM,Puduchatti,1,1.0,1,0,0.0
MCL,Madimangalam,1,1.0,1,0,0.0
MAUL,Maula Ali,1,1.0,1,0,0.0
ALPD,Adalpahari,1,1.0,1,0,0.0
STDB,Sitafalmandi,1,1.0,1,0,0.0
ASJP,Amar Saheed,1,1.0,1,0,0.0
AWPR,Awapur F,1,1.0,1,0,0.0
RMBG,Ramghat  Hal,1,2.0,2,0,0.0
CKMI,Chhotaki Mas,1,1.0,1,0,0.0
KGW,Kariganuru,1,1.0,1,0,0.0
WSC,West Cabin T,1,1.0,1,0,0.0
DDCL,Dombivli Ctl,1,0.0,0,0,0.0
